batter,pressure_adjusted_sr_reliable,pressure_exposure,pressure_boundary_rate_raw,pressure_dismissal_rate_raw,death_specialist_score,high_rrr_specialist_score,collapse_specialist_score,stabilizer_score,accelerator_score,cluster,batter_role
A Ashish Reddy,120.61706633869026,249.0,0.1755020080321285,0.10522088353413654,0.0,0.0,0.4024728139879317,0.41341032494011704,0.0,1,Aggressive Accelerator
A Badoni,106.2003572120877,482.6,0.10816411106506424,0.09117281392457521,0.0,0.2449622865442964,0.32628341529350935,0.39158900406072,0.2145097447967126,1,Aggressive Accelerator
A Flintoff,88.17546101530965,28.2,0.07446808510638299,0.05319148936170213,0.0,0.0,0.0,0.0,0.0,3,Balanced Pressure Batter
A Kumble,86.74047978230331,164.4,0.05656934306569343,0.02980535279805353,0.0,0.0,0.2185343034290156,0.3912355844198715,0.0,1,Aggressive Accelerator
A Manohar,103.90955525701898,84.9,0.18021201413427562,0.15665488810365136,0.0,0.0,0.0,0.0,0.0,3,Balanced Pressure Batter
A Mishra,90.61978850115507,958.6,0.0873148341331108,0.07281452117671604,0.23600870436847693,0.21938867219804242,0.41573072657461585,0.568579278118998,0.16640006983592667,1,Aggressive Accelerator
A Nehra,82.0764210377016,205.8,0.06365403304178814,0.08211856171039845,0.0,0.0,0.2215797894238845,0.36471429147571205,0.0,1,Aggressive Accelerator
A Nortje,90.76302493725652,181.5,0.10027548209366392,0.12782369146005512,0.0,0.0,0.2461030441919878,0.3453450168263763,0.0,1,Aggressive Accelerator
A Symonds,108.32401699970896,380.4,0.12749737118822294,0.06572029442691904,0.0,0.0,0.1891914500282746,0.24110145767302815,0.0,1,Aggressive Accelerator
AA Bilakhia,113.25966653378988,86.4,0.14351851851851855,0.043981481481481476,0.0,0.0,0.0,0.0,0.0,3,Balanced Pressure Batter
AA Jhunjhunwala,87.60997507538072,164.0,0.07073170731707318,0.10426829268292684,0.0,0.0,0.16945224351143795,0.3052286487260725,0.0,1,Aggressive Accelerator
AB Agarkar,99.62000287635753,173.5,0.08011527377521614,0.05014409221902017,0.0,0.0,0.25921005306810346,0.41368368558957763,0.0,1,Aggressive Accelerator
AB Barath,81.04494568300984,42.9,0.08391608391608392,0.06993006993006994,0.0,0.0,0.0,0.0,0.0,3,Balanced Pressure Batter
AB McDonald,103.39196727631652,177.20000000000002,0.04571106094808126,0.04627539503386004,0.0,0.0,0.2880829738360444,0.4250873342318289,0.0,1,Aggressive Accelerator
AB de Villiers,135.99042554608985,1978.9,0.18444590429026225,0.06498559805952801,0.721044937533815,0.49028002422794803,0.5262205418476672,0.5585458914330828,0.48123351101530853,2,Clutch Finisher
AC Blizzard,95.3445693150267,64.6,0.18730650154798764,0.13312693498452013,0.0,0.0,0.0,0.0,0.0,3,Balanced Pressure Batter
AC Gilchrist,114.39127567733082,584.8,0.2036593707250342,0.058139534883720936,0.0,0.4731564744013313,0.0,0.0,0.45688882650531487,0,Anchor / Stabilizer
AC Voges,95.65385798410422,84.9,0.07538280329799764,0.10247349823321553,0.0,0.0,0.2345962994158189,0.32056534115078883,0.0,1,Aggressive Accelerator
AD Hales,125.24289732162573,72.3,0.22130013831258646,0.04149377593360996,0.0,0.0,0.0,0.0,0.0,3,Balanced Pressure Batter
AD Mascarenhas,94.97593450793778,80.89999999999999,0.03337453646477133,0.20766378244746603,0.0,0.0,0.0,0.0,0.0,3,Balanced Pressure Batter
AD Mathews,109.23315915076013,558.4,0.09939111747851004,0.0857808022922636,0.0,0.36367142127342944,0.3436163333651844,0.4350408851944412,0.3309584464890947,0,Anchor / Stabilizer
AD Nath,76.03609446877697,49.2,0.0,0.21951219512195122,0.0,0.0,0.0,0.0,0.0,3,Balanced Pressure Batter
AD Russell,145.1921662893583,1629.3,0.22439084269318113,0.08230528447799669,0.5103196728921956,0.6206034797677821,0.5945990070432297,0.6185972529465978,0.6197841798582711,2,Clutch Finisher
AJ Finch,113.75657692683392,865.4,0.15160619366766812,0.06898544025883985,0.0,0.36189505215652673,0.34419435373791024,0.4158495022285238,0.3245580374453644,0,Anchor / Stabilizer
AJ Turner,89.1179832821064,77.10000000000001,0.07003891050583658,0.19714656290531773,0.0,0.0,0.0,0.0,0.0,3,Balanced Pressure Batter
AJ Tye,110.014904973781,162.0,0.15493827160493828,0.09197530864197531,0.0,0.0,0.3570683930671547,0.3929288749823514,0.0,1,Aggressive Accelerator
AK Markram,124.09178401110562,641.7,0.1587969456132149,0.047374162381175,0.0,0.394981701426943,0.3971181036421208,0.431636801921683,0.35942122250146297,0,Anchor / Stabilizer
AL Menaria,92.14172340094568,190.6,0.09233997901364115,0.06715634837355719,0.0,0.0,0.1549447048861523,0.277721756378435,0.0,1,Aggressive Accelerator
AM Nayar,107.92916266240415,555.8,0.13422094278517452,0.08582223821518534,0.0,0.2907988721693548,0.3617073501924413,0.3957743166288187,0.2629258158993163,0,Anchor / Stabilizer
AM Rahane,103.30497121420144,1775.3,0.1248239734129443,0.05965188982143863,0.241879427759976,0.35530945562759814,0.1982528486194878,0.19974137417202134,0.3197200537692699,0,Anchor / Stabilizer
AP Majumdar,96.60633222633192,40.7,0.11547911547911548,0.09828009828009827,0.0,0.0,0.0,0.0,0.0,3,Balanced Pressure Batter
AP Tare,123.93455872927072,159.1,0.18981772470144564,0.08925204274041483,0.0,0.0,0.0,0.0,0.0,3,Balanced Pressure Batter
AR Patel,126.54513205090679,1797.2,0.14544847540618738,0.07890051190741153,0.4077665711377144,0.47641950982660364,0.6595758111216866,0.7550671853934037,0.4569462795068778,2,Clutch Finisher
AS Raut,109.73707071253884,307.0,0.11758957654723128,0.06058631921824105,0.0,0.0,0.35331174722280073,0.4623371808067047,0.0,1,Aggressive Accelerator
AT Rayudu,111.44201562946873,2238.3,0.13550462404503416,0.0666577313139436,0.4305679965558001,0.4852064898740632,0.4372126950467578,0.4909982817130209,0.4561800759652196,2,Clutch Finisher
Abdul Samad,125.63032649596582,703.2,0.15713879408418657,0.08887940841865756,0.37913878130095996,0.3559655071938944,0.4383882286168742,0.5048001597322612,0.32254006235852795,2,Clutch Finisher
Abhishek Sharma,105.15421527901837,548.6,0.13707619394823187,0.11155668975574189,0.0,0.27715257367978047,0.09763318701212163,0.05097902544360192,0.249107096342052,3,Balanced Pressure Batter
Abishek Porel,100.75992260989848,218.2,0.14069660861594868,0.10540788267644363,0.0,0.3148188503336833,0.09797886861697346,0.15192458521157,0.29519385190479774,3,Balanced Pressure Batter
Aman Hakim Khan,90.0686920829824,154.70000000000002,0.07692307692307691,0.10148674854557206,0.0,0.0,0.24625171967730114,0.35821576848841985,0.0,1,Aggressive Accelerator
Anmolpreet Singh,104.3175340250847,77.7,0.17117117117117117,0.11711711711711713,0.0,0.0,0.0,0.0,0.0,3,Balanced Pressure Batter
Anuj Rawat,99.47219157576639,224.0,0.15758928571428574,0.08080357142857143,0.0,0.0,0.30133019189443866,0.28315656408825696,0.0,1,Aggressive Accelerator
Anureet Singh,81.74904953177602,175.4,0.054732041049030795,0.11801596351197265,0.0,0.0,0.1852839301675793,0.3293428579896523,0.0,1,Aggressive Accelerator
Arshad Khan,124.23922299146047,126.3,0.2209026128266033,0.03879651623119557,0.0,0.0,0.45991814085326205,0.48182500076178175,0.0,1,Aggressive Accelerator
Ashutosh Sharma,144.68544176903598,264.3,0.23609534619750283,0.05183503594400302,0.0,0.0,0.5005557300080402,0.5148510871567391,0.0,1,Aggressive Accelerator
Atharva Taide,120.9764189754492,185.2,0.1808855291576674,0.041036717062634995,0.0,0.452614778509971,0.0,0.0,0.4195018251602846,0,Anchor / Stabilizer
Azhar Mahmood,88.68645385222902,175.7,0.10187820147979511,0.09675583380762665,0.0,0.0,0.15338940802302808,0.23727073864782644,0.0,1,Aggressive Accelerator
B Chipli,110.04438786769033,131.0,0.16183206106870232,0.08854961832061069,0.0,0.0,0.0,0.0,0.0,3,Balanced Pressure Batter
B Kumar,89.39192497520841,1048.2,0.09654646059912231,0.09521083762640717,0.1947487720413751,0.2777518273972187,0.4164150387682696,0.5464392419017707,0.23633982563566855,1,Aggressive Accelerator
B Lee,108.84220946959991,187.9,0.16072378924960085,0.09047365620010643,0.0,0.0,0.34550115770913464,0.3944251819448139,0.0,1,Aggressive Accelerator
B Sai Sudharsan,120.44147940669411,303.9,0.15136558078315238,0.03981572885817703,0.0,0.4060044153748771,0.0,0.0,0.36897218444537827,0,Anchor / Stabilizer
BA Stokes,131.35177567421064,473.6,0.17820945945945946,0.07200168918918919,0.0,0.23121022403714886,0.4040760391997338,0.4181610916867277,0.18013937126497281,0,Anchor / Stabilizer
BB McCullum,102.78439614461782,847.2,0.14636449480642114,0.06964117091595845,0.0,0.27593830325364443,0.0,0.0,0.2308425401060245,3,Balanced Pressure Batter
BCJ Cutting,127.38033246500696,180.4,0.19456762749445677,0.0770509977827051,0.0,0.0,0.42644254851465546,0.41709633127659157,0.0,1,Aggressive Accelerator
BJ Hodge,129.1415096241268,922.5,0.16466124661246614,0.06092140921409214,0.47988402559796317,0.39105962388988447,0.42488675359611183,0.4843768242750481,0.3709984367834072,2,Clutch Finisher
BJ Rohrer,134.3324240884168,134.3,0.20551005212211465,0.0573343261355175,0.0,0.0,0.47841024503677543,0.41906398309247617,0.0,1,Aggressive Accelerator
Bipul Sharma,137.69522878811964,295.8,0.19709263015551048,0.04665314401622718,0.0,0.0,0.46667997316882637,0.49909519039067685,0.0,1,Aggressive Accelerator
C Green,131.62141856533475,457.1,0.1826733756289652,0.03653467512579304,0.0,0.4446659564460014,0.2853640676591185,0.3854155358143253,0.41180082620192443,0,Anchor / Stabilizer
C Munro,100.63293529831407,81.5,0.15950920245398773,0.07116564417177913,0.0,0.0,0.0,0.0,0.0,3,Balanced Pressure Batter
C de Grandhomme,101.18511169632174,386.9,0.10597053502196951,0.053760661669682096,0.0,0.0,0.36615015514438354,0.4631762164561518,0.0,1,Aggressive Accelerator
CA Ingram,97.0538698386789,152.6,0.1127129750982962,0.10026212319790301,0.0,0.0,0.0,0.0,0.0,3,Balanced Pressure Batter
CA Lynn,116.94218799715283,417.4,0.1919022520364159,0.06348826066123622,0.0,0.0,0.0,0.0,0.0,3,Balanced Pressure Batter
CA Pujara,92.56142160604783,227.20000000000002,0.10871478873239436,0.057658450704225345,0.0,0.0,0.32521600480087376,0.3569608710004453,0.0,1,Aggressive Accelerator
CH Gayle,117.0722428758124,1511.1,0.18589107272847594,0.05552246707696381,0.5980566692152621,0.41959197062684866,0.4530966753974839,0.35484137145237604,0.39634000684700826,2,Clutch Finisher
CH Morris,139.98392222554372,663.5,0.1710625470987189,0.06782215523737754,0.5175121896467683,0.440077327956468,0.48067504605136885,0.5444724933868618,0.43308740124857,2,Clutch Finisher
CJ Anderson,95.73108780773676,260.3,0.12677679600461006,0.09681137149442949,0.0,0.0,0.031026836020073358,0.09550323189833838,0.0,3,Balanced Pressure Batter
CJ Ferguson,87.9943175649743,80.9,0.11248454882571074,0.07045735475896168,0.0,0.0,0.0,0.0,0.0,3,Balanced Pressure Batter
CL White,91.9317684589243,347.2,0.1028225806451613,0.09648617511520738,0.0,0.20494266261908015,0.06225876730341753,0.13096337126407281,0.172556751757778,3,Balanced Pressure Batter
CM Gautam,101.04977079888236,195.20000000000002,0.13934426229508196,0.06403688524590163,0.0,0.0,0.32572956590759694,0.4225890770380706,0.0,1,Aggressive Accelerator
CR Brathwaite,105.40480929655887,73.5,0.2204081632653061,0.16054421768707483,0.0,0.0,0.0,0.0,0.0,3,Balanced Pressure Batter
D Brevis,101.16158929565727,158.3,0.1692987997473152,0.05559065066329753,0.0,0.0,0.0,0.0,0.0,3,Balanced Pressure Batter
D Padikkal,95.99435257279632,428.4,0.12441643323996265,0.08239962651727357,0.0,0.0,0.0,0.0,0.0,3,Balanced Pressure Batter
D Wiese,119.12366003691498,262.7,0.19566044918157594,0.07803578226113438,0.0,0.0,0.40620238358388494,0.45617760239210947,0.0,1,Aggressive Accelerator
DA Miller,138.16330063540735,2075.4,0.16734123542449647,0.04548520767081045,0.6186323805420462,0.5563732248514194,0.5444536727690322,0.5731196838002168,0.5259627357392835,2,Clutch Finisher
DA Warner,120.68464970599074,2249.4,0.1709789277140571,0.054814617231261666,0.42718475894979385,0.4939630608227709,0.438647949269028,0.47277140783939336,0.46678818857905907,2,Clutch Finisher
DB Das,108.88385891194477,260.6,0.158096699923254,0.06139677666922486,0.0,0.0,0.34019033315896813,0.42667684324756316,0.0,1,Aggressive Accelerator
DB Ravi Teja,101.75162134672746,273.9,0.12048192771084339,0.12303760496531581,0.0,0.28276960574722937,0.2627837735915252,0.3220922339762163,0.25353954296178405,1,Aggressive Accelerator
DH Yagnik,91.65947439027377,141.8,0.10225669957686882,0.08110014104372355,0.0,0.0,0.2608449730562896,0.36385900207046595,0.0,1,Aggressive Accelerator
DJ Bravo,121.46284522008617,1208.1,0.14220677096266865,0.07731148083767901,0.45938794656819515,0.3185323106910989,0.48332376536998173,0.5384496382155943,0.289418046554343,2,Clutch Finisher
DJ Harris,83.2920140742667,29.2,0.10273972602739727,0.044520547945205484,0.0,0.0,0.0,0.0,0.0,3,Balanced Pressure Batter
DJ Hooda,110.4244670357226,977.7,0.11189526439603151,0.09430295591694794,0.14831185574534808,0.32344955930111324,0.3258768003221817,0.39552390091189765,0.2934012805772582,0,Anchor / Stabilizer
DJ Hussey,119.91224982642845,729.4,0.1343570057581574,0.05100082259391281,0.0,0.414550341423061,0.37813204194330574,0.42609876779232564,0.3814476312350651,0,Anchor / Stabilizer
DJ Mitchell,124.89151030220569,164.3,0.17285453438831405,0.04564820450395617,0.0,0.0,0.0,0.0,0.0,3,Balanced Pressure Batter
DJ Willey,93.6618110621679,148.8,0.09341397849462366,0.03897849462365591,0.0,0.0,0.2721931162490874,0.3921870132653329,0.0,1,Aggressive Accelerator
DJG Sammy,112.13625670409698,129.3,0.11136890951276102,0.10131477184841454,0.0,0.0,0.30729557501331084,0.3294770140475095,0.0,1,Aggressive Accelerator
DJM Short,120.53917979753685,18.4,0.23913043478260873,0.09782608695652174,0.0,0.0,0.0,0.0,0.0,3,Balanced Pressure Batter
DL Chahar,102.29047690029374,149.3,0.10113864701942397,0.14333556597454786,0.0,0.0,0.2767292673854154,0.303308680418307,0.0,1,Aggressive Accelerator
DL Vettori,100.48059397912577,206.5,0.1205811138014528,0.05859564164648911,0.0,0.0,0.31829027694071327,0.4227330437411275,0.0,1,Aggressive Accelerator
DP Conway,107.49443385232857,160.4,0.15586034912718205,0.06733167082294264,0.0,0.0,0.0,0.0,0.0,3,Balanced Pressure Batter
DPMD Jayawardene,112.09361514026888,1017.1,0.1485596303215023,0.05348539966571625,0.4323925142428421,0.28982821189818797,0.3573409274629841,0.4244758523093952,0.24843735285766627,2,Clutch Finisher
DR Sams,84.36963900477184,113.10000000000001,0.05216622458001768,0.2749778956675508,0.0,0.0,0.10461478959660715,0.10624830007574848,0.0,3,Balanced Pressure Batter
DR Smith,123.19389461002774,999.4,0.19301580948569141,0.06764058435061036,0.0,0.24350521756379692,0.2779761839019924,0.11737403288323128,0.22808298771050609,0,Anchor / Stabilizer
DS Kulkarni,89.95943870589697,417.8,0.08377213977979894,0.04834849210148397,0.0,0.0,0.2940812799484504,0.43866500012881393,0.0,1,Aggressive Accelerator
DT Christian,113.67067392302657,258.7,0.11751063007344414,0.10436799381523,0.0,0.0,0.3474386853787019,0.36639170589170317,0.0,1,Aggressive Accelerator
DW Steyn,86.55785055109777,414.90000000000003,0.06965533863581586,0.1291877560858038,0.0,0.07996242314506416,0.2657753213655769,0.38672540122013366,0.052025319575225305,1,Aggressive Accelerator
Dhruv Jurel,133.54684526646153,486.3,0.21077524162039893,0.05778326136129961,0.0,0.5378147075716116,0.4754137038680774,0.48222720514595896,0.5312028076277444,0,Anchor / Stabilizer
E Lewis,106.7330646353159,220.4,0.1556261343012704,0.03402903811252268,0.0,0.0,0.0,0.0,0.0,3,Balanced Pressure Batter
EJG Morgan,104.52007903798145,940.1,0.11668971386022764,0.07031166897138602,0.2071965135058649,0.3593825199321969,0.37370662063700083,0.4466779323763416,0.3299474707103647,0,Anchor / Stabilizer
F du Plessis,127.84419628086908,1614.6,0.1782484825963087,0.07066765762417937,0.6344198989499215,0.5678255634800529,0.4239519914348814,0.3935496342350052,0.5722317333806006,2,Clutch Finisher
FY Fazal,84.67169094012851,51.9,0.06358381502890173,0.11560693641618497,0.0,0.0,0.0,0.0,0.0,3,Balanced Pressure Batter
G Gambhir,97.02905052017738,1270.4,0.13428841309823678,0.06761649874055416,0.25747555278338935,0.0,0.22373832977137093,0.18778740038755776,0.0,1,Aggressive Accelerator
GC Smith,75.98741844847153,306.3,0.09990205680705191,0.07770159973881816,0.0,0.0,0.15434654978251802,0.25085387331242376,0.0,1,Aggressive Accelerator
GD Phillips,139.49085305104194,98.9,0.307381193124368,0.09504550050556117,0.0,0.0,0.0,0.0,0.0,3,Balanced Pressure Batter
GH Vihari,74.61749927785,218.8,0.05118829981718464,0.15265082266910418,0.0,0.0,0.14274341403887966,0.18290178721942765,0.0,1,Aggressive Accelerator
GJ Bailey,111.32749699945565,412.5,0.12436363636363637,0.07854545454545454,0.0,0.0,0.3215697447592101,0.39094822237746385,0.0,1,Aggressive Accelerator
GJ Maxwell,131.98870636203884,941.2,0.19868253293667656,0.09211644708882277,0.0,0.3869759404652835,0.29349098946042085,0.28039471341549377,0.36043721346823465,0,Anchor / Stabilizer
Gurkeerat Singh,104.44385705987936,410.9,0.1260647359454855,0.09637381357994647,0.0,0.1140179369277046,0.35180206819599485,0.41016588271194465,0.05872419458994182,1,Aggressive Accelerator
H Klaasen,135.4939213547098,538.0,0.15947955390334573,0.06133828996282528,0.0,0.4550978757518034,0.4403803540422784,0.4684961748680244,0.4203499051841748,0,Anchor / Stabilizer
HC Brook,74.44060990297007,91.6,0.08078602620087337,0.08624454148471616,0.0,0.0,0.0,0.0,0.0,3,Balanced Pressure Batter
HH Gibbs,84.07631746070179,298.8,0.11713520749665328,0.06191432396251673,0.0,0.0,0.0,0.0,0.0,3,Balanced Pressure Batter
HH Pandya,129.58476136790082,1454.5,0.17456170505328292,0.07672739773117909,0.4394324993044022,0.44183669015447197,0.4316557279916975,0.4878131821454845,0.44159140237578526,2,Clutch Finisher
HM Amla,91.09062985623407,65.0,0.11692307692307692,0.08,0.0,0.0,0.0,0.0,0.0,3,Balanced Pressure Batter
HV Patel,110.11725151829575,440.4,0.16235240690281563,0.13396911898274297,0.0,0.305099073429547,0.379107754901493,0.42601690946230847,0.3303663378200494,0,Anchor / Stabilizer
Harbhajan Singh,113.67524110300329,1096.0,0.15264598540145988,0.11751824817518249,0.34431145373074734,0.3500489459310795,0.49779805631328305,0.5682167041217046,0.3392258665842124,2,Clutch Finisher
Harpreet Brar,99.18262159526775,195.8,0.09856996935648621,0.10010214504596528,0.0,0.0,0.2963130895823771,0.39679144124527016,0.0,1,Aggressive Accelerator
Harpreet Singh,93.53002901181104,80.4,0.09328358208955223,0.08706467661691542,0.0,0.0,0.0,0.0,0.0,3,Balanced Pressure Batter
I Sharma,80.50005314216578,198.3,0.04942007060010086,0.06202723146747351,0.0,0.0,0.19081856516576867,0.3539820492256537,0.0,1,Aggressive Accelerator
IK Pathan,128.2361057539621,1131.1000000000001,0.16240827513040404,0.07399876226681991,0.4952189319677531,0.46280726427054597,0.5241885136574554,0.5743410140283327,0.4405020496185635,2,Clutch Finisher
Iqbal Abdulla,103.72805682753123,283.7,0.150158618258724,0.02079661614381389,0.0,0.0,0.3498813163495392,0.4708328399368378,0.0,1,Aggressive Accelerator
Ishan Kishan,121.5714095370958,1200.9,0.1752852027645932,0.06053792988591889,0.0,0.4637298255355553,0.3624101231660697,0.3526669457569891,0.4296835668411974,0,Anchor / Stabilizer
J Botha,96.95499225283852,254.70000000000002,0.0922654102866117,0.10482921083627797,0.0,0.0,0.10705448477141496,0.1636290179331019,0.0,3,Balanced Pressure Batter
J Fraser-McGurk,194.58150531840528,68.9,0.478955007256894,0.036284470246734396,0.0,0.0,0.0,0.0,0.0,0,Anchor / Stabilizer
J Suchith,106.39530668895927,192.0,0.1640625,0.065625,0.0,0.0,0.3662388102385982,0.422854942974462,0.0,1,Aggressive Accelerator
JA Morkel,141.25029738553337,799.6,0.18109054527263632,0.0571535767883942,0.4962540679684848,0.46975677281682504,0.43062035205238225,0.512282126664173,0.44780478195755385,2,Clutch Finisher
JC Archer,123.32598141028843,291.1,0.17725867399519066,0.12710408794228786,0.0,0.0,0.3848480410710793,0.41800365710636833,0.0,1,Aggressive Accelerator
JC Buttler,136.02108466443093,1329.2,0.1994432741498646,0.05176045741799578,0.5130082802594685,0.46140484168308893,0.4307009404197266,0.42137842544492243,0.4380800697299266,2,Clutch Finisher
JD Ryder,106.0298903439012,165.1,0.14778921865536038,0.08903694730466384,0.0,0.0,0.0,0.0,0.0,3,Balanced Pressure Batter
JD Unadkat,109.89040637999803,401.90000000000003,0.15227668574272207,0.09878079124160238,0.0,0.30157230142975117,0.37284573445293767,0.4491707532210414,0.278018668582984,0,Anchor / Stabilizer
JDS Neesham,103.60065719333839,185.9,0.08714362560516406,0.09736417428725122,0.0,0.0,0.29554343609643813,0.3892548102625783,0.0,1,Aggressive Accelerator
JEC Franklin,100.06511234243256,324.4,0.10265104808877928,0.049013563501849565,0.0,0.0,0.3117495647533119,0.4185155202057631,0.0,1,Aggressive Accelerator
JH Kallis,104.6574673963764,1358.8,0.14078598763614955,0.053797468354430375,0.5132723302584615,0.3019790220835986,0.13595224813710388,0.15836883161955911,0.25129842084978044,2,Clutch Finisher
JJ Bumrah,88.17450571335944,231.8,0.08024158757549613,0.10181190681622088,0.0,0.0,0.23825229679062992,0.3505918090727915,0.0,1,Aggressive Accelerator
JJ Roy,141.4592635370189,231.2,0.2370242214532872,0.04195501730103807,0.0,0.0,0.0,0.0,0.0,3,Balanced Pressure Batter
JM Bairstow,129.66897461573708,603.2,0.20938328912466841,0.04791114058355437,0.0,0.5249122308682952,0.1731613551829461,0.2820863675414197,0.5283055403693419,0,Anchor / Stabilizer
JM Sharma,120.58613847063842,376.2,0.15895800106326421,0.10366826156299841,0.0,0.0,0.3972188113570689,0.43715758648115793,0.0,1,Aggressive Accelerator
JO Holder,103.91431983922958,368.7,0.12422023325196636,0.10225115269867102,0.0,0.0,0.33769779567428276,0.4067163263803405,0.0,1,Aggressive Accelerator
JP Duminy,115.647081339784,794.5,0.11969792322215231,0.06117054751415985,0.35902030316518685,0.37449867632982486,0.3285231904657758,0.40857567847017917,0.3350204976262291,0,Anchor / Stabilizer
JP Faulkner,138.03716660004116,729.9,0.18783394985614468,0.06247431154952734,0.4815310611305643,0.47692224431161107,0.505324356266736,0.5603152979327454,0.4580010341511704,2,Clutch Finisher
JR Hopes,135.63285656882977,338.9,0.20596046031277662,0.05340808498082031,0.0,0.5117041716731718,0.3758563093224312,0.3989986785330027,0.49974871795110976,0,Anchor / Stabilizer
K Goel,85.29844204964914,188.9,0.09264160931709899,0.06246691371095818,0.0,0.0,0.0,0.0,0.0,3,Balanced Pressure Batter
K Gowtham,132.00191028215625,400.8,0.18562874251497008,0.08607784431137724,0.0,0.0,0.4535335857480184,0.4759547109284371,0.0,1,Aggressive Accelerator
K Rabada,95.64504318674754,490.0,0.11387755102040817,0.10081632653061225,0.0,0.20131260867955036,0.3427601843019929,0.4514480206145493,0.17220312892483636,1,Aggressive Accelerator
KA Pollard,135.54866134313366,2339.4,0.18312387791741472,0.07142857142857142,0.6226608403258205,0.5703612928350964,0.5871171317954955,0.6597059107004232,0.5515717474837972,2,Clutch Finisher
KC Sangakkara,91.86696305347702,530.9,0.11358071199849312,0.09493313241665097,0.0,0.22647945135872116,0.06983912646675107,0.10263714708528261,0.19117661947796208,3,Balanced Pressure Batter
KD Karthik,125.47689051161564,2702.3,0.17174258964585723,0.0739370166154757,0.595873471146414,0.5045491162762729,0.6454727508768121,0.7003052413864387,0.48905903032391784,2,Clutch Finisher
KH Pandya,110.90031294340604,982.7,0.13778365727078457,0.08415589701841864,0.287090231711108,0.26840584302724957,0.40921830881709226,0.5089648859574414,0.25167789115681644,0,Anchor / Stabilizer
KK Cooper,135.659406499509,146.1,0.29089664613278576,0.13347022587268995,0.0,0.0,0.5152433407378629,0.42827068719471195,0.0,1,Aggressive Accelerator
KK Nair,106.77141573545431,659.9,0.15335656917714807,0.0765267464767389,0.0,0.18915970534579601,0.18430866205469584,0.2249015835748462,0.16336322654297694,1,Aggressive Accelerator
KL Rahul,117.84184053274058,1842.1000000000001,0.14228326366646762,0.048477281363661036,0.4187573451768152,0.4810757178260564,0.40492858586765723,0.45895914566963314,0.4419958733695154,2,Clutch Finisher
KM Jadhav,105.80470615108595,924.7,0.12501351789769655,0.059154320320103815,0.2999806623496044,0.38604292045425015,0.35934733075938824,0.44443734962774084,0.3443576095729188,0,Anchor / Stabilizer
KP Pietersen,103.58276589226334,488.5,0.11484135107471853,0.0511770726714432,0.0,0.1810266123517505,0.2742563520500384,0.29353785890827305,0.1256928141382207,1,Aggressive Accelerator
KR Mayers,111.81925181514069,195.1,0.21783700666324962,0.05740645822655049,0.0,0.0,0.0,0.0,0.0,3,Balanced Pressure Batter
KS Bharat,103.65176121356741,72.4,0.0925414364640884,0.0649171270718232,0.0,0.0,0.0,0.0,0.0,3,Balanced Pressure Batter
KS Williamson,115.06471574193296,1208.8,0.13591992058239577,0.04781601588352084,0.29159275319842276,0.46723581554800425,0.30187915483254113,0.3416460046385246,0.4368290069792568,0,Anchor / Stabilizer
KV Sharma,112.51533736947206,667.8000000000001,0.1287810721772986,0.0663372267145852,0.3063897960967302,0.2879467420431986,0.4233872423256025,0.5177534662695165,0.23444681429454312,0,Anchor / Stabilizer
Kamran Akmal,121.80417616604583,81.7,0.2521419828641371,0.10403916768665851,0.0,0.0,0.0,0.0,0.0,3,Balanced Pressure Batter
Kuldeep Yadav,75.69837239617803,672.2,0.06129128235644154,0.045968461767331145,0.12745991972395226,0.14828455720322573,0.30586106452397177,0.4857496605496436,0.06488966497218536,1,Aggressive Accelerator
LA Carseldine,93.29571081831854,44.5,0.12359550561797752,0.040449438202247195,0.0,0.0,0.0,0.0,0.0,3,Balanced Pressure Batter
LA Pomersbach,98.09122751615534,170.1,0.0840681951793063,0.08994708994708996,0.0,0.0,0.0,0.0,0.0,3,Balanced Pressure Batter
LMP Simmons,106.43459499284288,355.7,0.1447849311217318,0.03542310936182176,0.0,0.46266169153112746,0.0,0.0,0.4295057893269439,0,Anchor / Stabilizer
LR Shukla,83.63257861185818,325.9,0.08499539736115373,0.0975759435409635,0.0,0.0,0.2704301870380598,0.3823948887433596,0.0,1,Aggressive Accelerator
LRPL Taylor,118.74484255916046,837.7,0.13238629580995584,0.07222155903067924,0.41570803810659607,0.368947934728032,0.26915237524747393,0.35853754581959396,0.348341327676231,0,Anchor / Stabilizer
LS Livingstone,150.55273500371564,450.7,0.23740847570445975,0.07588196139338807,0.0,0.6018532470877347,0.5209855994871876,0.45595115115366414,0.600736007400821,0,Anchor / Stabilizer
Lalit Yadav,100.45857808682928,488.90000000000003,0.1286561669052976,0.07874821026794845,0.0,0.2817909488119864,0.34108156752454255,0.4256109086918658,0.26080167032793244,0,Anchor / Stabilizer
M Kaif,99.97129780933525,231.5,0.13347732181425484,0.07473002159827215,0.0,0.0,0.3097600503349336,0.3192883534586206,0.0,1,Aggressive Accelerator
M Kartik,95.1500859512597,147.6,0.03523035230352304,0.03997289972899729,0.0,0.0,0.2534526158554542,0.4139445004555081,0.0,1,Aggressive Accelerator
M Manhas,101.11163068647086,445.8,0.09959623149394346,0.0769403319874383,0.24370546845461943,0.0,0.3060207813595321,0.3670505567890465,0.0,1,Aggressive Accelerator
M Morkel,136.8497904035237,338.0,0.2183431952662722,0.09201183431952663,0.0,0.0,0.46784174867205786,0.4700933988861108,0.0,1,Aggressive Accelerator
M Rawat,93.04961410600748,225.8,0.09831709477413642,0.02612931798051373,0.0,0.0,0.28321238085569406,0.43499058887422015,0.0,1,Aggressive Accelerator
M Shahrukh Khan,120.86127617985731,346.2,0.16175621028307338,0.06990179087232813,0.0,0.0,0.3915868960730867,0.46094126241637146,0.0,1,Aggressive Accelerator
M Vijay,85.26158674954169,796.7,0.10618802560562318,0.07694238734780971,0.0,0.0,0.1854372818587562,0.1891226947500001,0.0,1,Aggressive Accelerator
M Vohra,117.54209422839135,391.5,0.1652618135376756,0.07228607918263091,0.0,0.0,0.5053246689719673,0.4236865616778126,0.0,1,Aggressive Accelerator
MA Agarwal,117.6224878259428,1035.7,0.16858163560876702,0.07791831611470502,0.0,0.325868530434668,0.32366173390549624,0.33497729100472945,0.29131361590871513,0,Anchor / Stabilizer
MA Starc,105.87061771162348,231.70000000000002,0.13336210617177385,0.07768666378938281,0.0,0.0,0.32931315458769483,0.4190497024646228,0.0,1,Aggressive Accelerator
MC Henriques,101.23911033556692,281.7,0.1217607383741569,0.1068512602058928,0.0,0.0,0.2521618805079656,0.27956232683193205,0.0,1,Aggressive Accelerator
MC Juneja,105.06583456218311,118.9,0.14045416316232126,0.07317073170731707,0.0,0.0,0.0,0.0,0.0,3,Balanced Pressure Batter
MD Mishra,109.39481419670292,137.8,0.16908563134978227,0.09869375907111755,0.0,0.0,0.0,0.0,0.0,3,Balanced Pressure Batter
MEK Hussey,90.04512602535279,488.6,0.12054850593532541,0.061809250920998766,0.0,0.0,0.12053956728021854,0.21585392168376688,0.0,3,Balanced Pressure Batter
MF Maharoof,117.60345671380105,163.5,0.19571865443425077,0.0654434250764526,0.0,0.0,0.3999079649732429,0.4363495469760247,0.0,1,Aggressive Accelerator
MG Johnson,99.23729332546927,331.7,0.10069339764847754,0.10400964727163099,0.0,0.0,0.30533481446080574,0.3915731606556103,0.0,1,Aggressive Accelerator
MJ Clarke,97.37099857707625,71.1,0.16315049226441633,0.059071729957805914,0.0,0.0,0.0,0.0,0.0,3,Balanced Pressure Batter
MJ Guptill,104.27827035241144,27.0,0.22592592592592592,0.05555555555555555,0.0,0.0,0.0,0.0,0.0,3,Balanced Pressure Batter
MJ Lumb,122.00489903752737,88.6,0.2720090293453725,0.0598194130925508,0.0,0.0,0.0,0.0,0.0,3,Balanced Pressure Batter
MJ McClenaghan,114.62841348324025,183.3,0.19421713038734315,0.17512274959083468,0.0,0.0,0.3196562652096613,0.31197979161649514,0.0,1,Aggressive Accelerator
MJ Santner,96.89267409324349,144.8,0.09944751381215468,0.11395027624309391,0.0,0.0,0.2815054817675909,0.37370034498942456,0.0,1,Aggressive Accelerator
MK Lomror,124.59202642554912,238.4,0.19756711409395974,0.14135906040268456,0.0,0.0,0.4572373861170138,0.38186804976453026,0.0,1,Aggressive Accelerator
MK Pandey,110.53840401573865,2058.7,0.13401661242531696,0.052751736532763396,0.42673892031536387,0.45597535755829594,0.3906015012374055,0.463285296380699,0.4144647028060253,2,Clutch Finisher
MK Tiwary,112.08915140204313,983.5,0.15292323335027963,0.07219115404168785,0.4106811075443676,0.4518788560007152,0.40767865974247575,0.4786317342392796,0.42325095574233507,2,Clutch Finisher
ML Hayden,113.65683890502892,233.20000000000002,0.16766723842195538,0.035162950257289875,0.0,0.0,0.0,0.0,0.0,3,Balanced Pressure Batter
MM Ali,106.97929823929142,353.4,0.14997170345217883,0.08743633276740238,0.0,0.34316184820724166,0.29865643270373776,0.3062127708304198,0.318039499073236,0,Anchor / Stabilizer
MM Sharma,108.78124060088766,279.1,0.13865997850232892,0.06879254747402365,0.0,0.0,0.3458878527561576,0.4218497174376092,0.0,1,Aggressive Accelerator
MN Samuels,62.140125154059234,83.7,0.009557945041816009,0.13978494623655913,0.0,0.0,0.0,0.0,0.0,3,Balanced Pressure Batter
MN van Wyk,84.38943710100537,17.3,0.1329479768786127,0.0,0.0,0.0,0.0,0.0,0.0,3,Balanced Pressure Batter
MP Stoinis,133.03536732490053,1473.1000000000001,0.18233656913990903,0.050234199986423186,0.4566039161071426,0.524163515628278,0.447944366263752,0.5267767503571594,0.4959129960415821,2,Clutch Finisher
MR Marsh,101.24474231203982,448.3,0.11956279277269685,0.09524871737675664,0.0,0.20712875683152787,0.2691560126849267,0.3043291665255702,0.1545138807242882,1,Aggressive Accelerator
MS Bisla,107.32410845637793,508.1,0.17299744144853377,0.05471363904743161,0.0,0.0,0.0,0.0,0.0,3,Balanced Pressure Batter
MS Dhoni,136.2873127887929,3715.7000000000003,0.1734800979626988,0.04760879511263019,0.7751754244367469,0.6950529470932936,0.7907105519790214,0.8659539952502635,0.6562612174260741,2,Clutch Finisher
MS Gony,93.40617086731548,141.29999999999998,0.11464968152866242,0.11748053786270346,0.0,0.0,0.24622995958262275,0.3222200402880251,0.0,1,Aggressive Accelerator
MS Wade,92.2782420448555,163.5,0.12660550458715597,0.07400611620795107,0.0,0.0,0.0,0.0,0.0,3,Balanced Pressure Batter
MV Boucher,128.40617997602354,378.7,0.14496963295484555,0.050963823607076846,0.0,0.0,0.40767582962658655,0.4455987980330174,0.0,1,Aggressive Accelerator
Mandeep Singh,119.94713064684834,868.6,0.1538107299102003,0.07230025328114206,0.46749890326969523,0.45731224626665445,0.3520664714724514,0.40998650566286415,0.437864095138712,2,Clutch Finisher
Mohammad Nabi,119.3443788224809,235.1,0.18034878774989366,0.09527860484900043,0.0,0.0,0.3537398048159433,0.41190741594143404,0.0,1,Aggressive Accelerator
Mohammed Shami,103.69663875757861,188.9,0.16622551614610903,0.14346214928533615,0.0,0.0,0.3199198195209612,0.34695911595461904,0.0,1,Aggressive Accelerator
Mohammed Siraj,97.81080483351444,436.5,0.1450171821305842,0.06391752577319589,0.0,0.30010075816237547,0.3458820610587821,0.4470228730997274,0.2630712976288484,0,Anchor / Stabilizer
N Jagadeesan,108.33089800771283,122.6,0.1769983686786297,0.09298531810766722,0.0,0.0,0.0,0.0,0.0,3,Balanced Pressure Batter
N Pooran,147.90984948743312,1144.3,0.21873634536397799,0.0606484313554138,0.44883561913509534,0.5647385308692586,0.5139055932519234,0.4974306475405199,0.5507682364042912,2,Clutch Finisher
N Rana,122.0470963427372,1489.8,0.17713787085514834,0.05772586924419385,0.0,0.5641844359465843,0.3628679580461179,0.3716370520798409,0.5454348579947382,0,Anchor / Stabilizer
N Saini,64.51861542727028,52.3,0.042065009560229454,0.14340344168260039,0.0,0.0,0.0,0.0,0.0,3,Balanced Pressure Batter
N Wadhera,120.07006237126708,197.0,0.20253807106598984,0.15329949238578683,0.0,0.0,0.3879692421152062,0.3466921474385817,0.0,1,Aggressive Accelerator
NK Patel,110.35314699045203,213.8,0.15575304022450887,0.04443405051449953,0.0,0.0,0.37222876167839125,0.45710995121734965,0.0,1,Aggressive Accelerator
NLTC Perera,135.7249119710051,361.0,0.1889196675900277,0.07922437673130195,0.0,0.0,0.4285718340803299,0.4653376337289514,0.0,1,Aggressive Accelerator
NV Ojha,105.02643784102658,876.3,0.12963596941686636,0.06333447449503594,0.0,0.4133120125309627,0.2978880686921968,0.3733311994711612,0.3852640698627076,0,Anchor / Stabilizer
Naman Dhir,158.21074231203897,190.20000000000002,0.2928496319663512,0.02365930599369085,0.0,0.0,0.6041843450631297,0.5256275999643285,0.0,0,Anchor / Stabilizer
Nithish Kumar Reddy,110.66748182335536,89.5,0.10279329608938546,0.06368715083798883,0.0,0.0,0.0,0.0,0.0,3,Balanced Pressure Batter
OA Shah,103.72272688198896,237.1,0.10923660902572754,0.061999156474061574,0.0,0.34410826936984507,0.0,0.0,0.30237001727808654,3,Balanced Pressure Batter
P Dogra,97.89356436029132,181.3,0.07666850523993379,0.0700496414782129,0.0,0.0,0.2915157488990732,0.38693185940347896,0.0,1,Aggressive Accelerator
P Kumar,103.20316315215128,602.4,0.1304780876494024,0.10889774236387784,0.2139399720427936,0.26462596002659133,0.3758925245597413,0.4627175733108839,0.24568443242404078,0,Anchor / Stabilizer
P Negi,102.73358731334876,366.7,0.1107172075265885,0.11098991000818109,0.0,0.0,0.29974989095293236,0.39302643613857996,0.0,1,Aggressive Accelerator
P Simran Singh,117.27848957438592,383.7,0.1972895491269221,0.0878290330987751,0.0,0.434179215793553,0.22921599294979705,0.2596072303328635,0.4312004517667671,0,Anchor / Stabilizer
PA Patel,101.01405077219128,1047.1,0.15490402062840225,0.07153089485244964,0.0,0.39871023485279367,0.08063069715295365,0.1486312116357654,0.385105395692985,0,Anchor / Stabilizer
PA Reddy,112.95361049373686,84.0,0.15595238095238095,0.07023809523809524,0.0,0.0,0.0,0.0,0.0,3,Balanced Pressure Batter
PBB Rajapaksa,122.2511181731715,46.1,0.227765726681128,0.03253796095444685,0.0,0.0,0.0,0.0,0.0,3,Balanced Pressure Batter
PC Valthaty,117.21018907105353,213.7,0.20402433317735144,0.06598034627983154,0.0,0.0,0.0,0.0,0.0,3,Balanced Pressure Batter
PD Collingwood,105.88880318748934,69.5,0.09640287769784171,0.0748201438848921,0.0,0.0,0.3092089908783261,0.38746124379956715,0.0,1,Aggressive Accelerator
PD Salt,137.53254484880847,140.0,0.23142857142857143,0.047857142857142855,0.0,0.0,0.0,0.0,0.0,3,Balanced Pressure Batter
PJ Cummins,137.04694938166787,488.3,0.22117550686053655,0.12779029285275445,0.0,0.4779576733846942,0.5101230530568467,0.4887649143455437,0.5004985384476692,0,Anchor / Stabilizer
PK Garg,91.51379016919229,222.5,0.06292134831460675,0.11101123595505617,0.0,0.0,0.13493987339601596,0.18182336007150796,0.0,1,Aggressive Accelerator
PN Mankad,108.43029150039031,112.7,0.15882874889086068,0.024844720496894408,0.0,0.0,0.0,0.0,0.0,3,Balanced Pressure Batter
PP Chawla,110.54715805349974,893.7,0.15161687367125432,0.14009175338480473,0.25502629353681966,0.26083756037540723,0.44218104548728693,0.5020890941517442,0.2705280343374214,0,Anchor / Stabilizer
PP Shaw,125.69730524778485,648.1,0.21385588643727818,0.08146890911896311,0.0,0.5061573382282607,0.0,0.0,0.511375902596157,0,Anchor / Stabilizer
PV Tambe,74.87547402109404,159.0,0.016981132075471698,0.03270440251572327,0.0,0.0,0.15464390419822877,0.36447199585161083,0.0,1,Aggressive Accelerator
PWH de Silva,101.7046450448055,98.7,0.11347517730496452,0.21681864235055723,0.0,0.0,0.278959686575158,0.3228501755473792,0.0,1,Aggressive Accelerator
Q de Kock,111.74623325879202,1064.3,0.16414544771211123,0.06295217513858875,0.0,0.41568206221329274,0.11195786459704626,0.13384895823175427,0.3926759488059033,0,Anchor / Stabilizer
R Ashwin,117.5332570074238,910.2,0.14842891672159964,0.1132718083937596,0.39922645535956397,0.3899306128551786,0.46289660955509443,0.5164464335778103,0.3810608886733626,2,Clutch Finisher
R Bhatia,107.1722318547882,476.6,0.10574905581200167,0.12400335711288292,0.0,0.0,0.35966603405097575,0.44513429315724695,0.0,1,Aggressive Accelerator
R Dhawan,96.25199089030782,345.8,0.13475997686524002,0.06072874493927125,0.0,0.0,0.3260731815096881,0.4495149278369125,0.0,1,Aggressive Accelerator
R Dravid,115.18908719206048,941.1,0.1689512272872171,0.05227924768887472,0.0,0.5283418164532009,0.45302062376668645,0.4574907595447901,0.5216695216735973,0,Anchor / Stabilizer
R McLaren,82.76996446103136,182.3,0.014810751508502468,0.08667032364234778,0.0,0.0,0.19160055945477555,0.35819671411035015,0.0,1,Aggressive Accelerator
R Parag,108.21200930228642,707.7,0.1427158400452169,0.07418397626112759,0.0,0.3344781339135953,0.31060534432385956,0.4014697496270091,0.31009067606864765,0,Anchor / Stabilizer
R Powell,137.82694177839892,488.4,0.21191646191646193,0.10544635544635546,0.0,0.3471812592617164,0.4734173532612578,0.4639515331132287,0.36429499274903393,0,Anchor / Stabilizer
R Ravindra,119.02336896231967,118.5,0.17805907172995783,0.04219409282700422,0.0,0.0,0.0,0.0,0.0,3,Balanced Pressure Batter
R Sathish,99.81634933961108,366.0,0.0866120218579235,0.06666666666666667,0.0,0.0,0.2586096824761883,0.3757727004471244,0.0,1,Aggressive Accelerator
R Sharma,78.87301797801108,177.70000000000002,0.06190208216094541,0.1586944288126055,0.0,0.0,0.17689954182913203,0.29071362057201083,0.0,1,Aggressive Accelerator
R Shepherd,108.34908920935389,154.3,0.1646143875567077,0.10304601425793908,0.0,0.0,0.3375543982459635,0.3881559305591829,0.0,1,Aggressive Accelerator
R Tewatia,124.11805543484668,1457.1000000000001,0.1630636195182211,0.05456042824788964,0.5626873930646996,0.42343179406894893,0.577512974713322,0.6816083493604495,0.3779867608598272,2,Clutch Finisher
R Vinay Kumar,97.55166239596132,605.2,0.09021810971579643,0.08790482485128882,0.16407531804799258,0.2213765997701559,0.3576547590048054,0.4863439319466465,0.17828136647902137,1,Aggressive Accelerator
RA Jadeja,128.4734134872034,2399.7,0.1490602992040672,0.06375796974621828,0.5673087814597165,0.550811381391184,0.6731423817093208,0.7753430348251644,0.5229440923317497,2,Clutch Finisher
RA Tripathi,112.37128474041891,1022.0,0.14823874755381605,0.08590998043052837,0.0,0.40107066477328135,0.287605410342017,0.3200392386012426,0.38204854787426884,0,Anchor / Stabilizer
RD Chahar,96.02712070459468,212.0,0.1518867924528302,0.1259433962264151,0.0,0.0,0.3011864492231716,0.37508377900460355,0.0,1,Aggressive Accelerator
RD Gaikwad,109.33896637085927,556.2,0.14059690758719884,0.060589715929521754,0.0,0.0,0.0,0.0,0.0,3,Balanced Pressure Batter
RE Levi,93.99397290307732,33.1,0.14501510574018128,0.09063444108761329,0.0,0.0,0.0,0.0,0.0,3,Balanced Pressure Batter
RE van der Merwe,98.32863627532194,139.1,0.10855499640546369,0.10783608914450037,0.0,0.0,0.20681682726783945,0.30803852869593884,0.0,1,Aggressive Accelerator
RG Sharma,114.57968031600284,2776.7,0.15482407173983506,0.07292829617891743,0.5494747062563674,0.4677314565038445,0.43474182267516953,0.4656520872016288,0.45064774873575897,2,Clutch Finisher
RJ Harris,92.93969350122131,234.3,0.056764831412718736,0.14041826717883055,0.0,0.0,0.24820136109752633,0.35429144901069737,0.0,1,Aggressive Accelerator
RJ Quiney,80.4678445816876,47.2,0.09957627118644068,0.07203389830508475,0.0,0.0,0.0,0.0,0.0,3,Balanced Pressure Batter
RK Singh,165.0988624565959,672.0,0.2623511904761905,0.028720238095238097,0.7091201054264588,0.5771726745995824,0.6058951380318469,0.566026627515382,0.5509035599454839,2,Clutch Finisher
RM Patidar,109.30006001153075,239.9,0.13255523134639433,0.07503126302626094,0.0,0.3510494828748023,0.20108644278324234,0.2635163425228545,0.32270802702550444,0,Anchor / Stabilizer
RN ten Doeschate,126.06849799513091,206.5,0.21016949152542372,0.0910411622276029,0.0,0.0,0.3765322296294877,0.39184681765796514,0.0,1,Aggressive Accelerator
RP Singh,78.39534749579973,201.3,0.027819175360158967,0.18231495280675608,0.0,0.0,0.14644723553336172,0.2589601384617611,0.0,1,Aggressive Accelerator
RR Pant,127.54287416058617,1561.8,0.18107312075809964,0.07267255730567294,0.5220206176420894,0.46241576440632703,0.4204846666278493,0.4446726400040713,0.431794297357536,2,Clutch Finisher
RR Rossouw,129.4551429761367,354.7,0.20749929517902452,0.10515928954045674,0.0,0.49981916031403967,0.2865450718549594,0.22974945662934632,0.5152965849982404,0,Anchor / Stabilizer
RR Sarwan,81.07337070833192,43.1,0.05336426914153131,0.048723897911832945,0.0,0.0,0.0,0.0,0.0,3,Balanced Pressure Batter
RS Bopara,99.70766376795758,171.9,0.09540430482838859,0.10529377545084352,0.0,0.0,0.17949887952301014,0.21545272503367463,0.0,1,Aggressive Accelerator
RT Ponting,66.13958038146576,29.2,0.0,0.13013698630136986,0.0,0.0,0.0,0.0,0.0,3,Balanced Pressure Batter
RV Patel,98.56655847727977,119.4,0.0745393634840871,0.07872696817420435,0.0,0.0,0.22474107964240925,0.35315173553706336,0.0,1,Aggressive Accelerator
RV Uthappa,111.85517578605837,2150.6,0.14958616200130195,0.07314237887101276,0.4010164715872157,0.4269519106237336,0.3888397063210747,0.4181054275991107,0.40143320896159984,2,Clutch Finisher
Rahmanullah Gurbaz,96.18243947733063,164.0,0.1548780487804878,0.06280487804878049,0.0,0.0,0.0,0.0,0.0,3,Balanced Pressure Batter
Ramandeep Singh,126.8803732063333,60.8,0.23355263157894737,0.0,0.0,0.0,0.0,0.0,0.0,3,Balanced Pressure Batter
Rashid Khan,150.5450373345299,857.7,0.24519062609303952,0.10015156814737088,0.5306328939000476,0.5049445777947474,0.588805720408459,0.5816030666696816,0.5050108968079586,2,Clutch Finisher
Ravi Bishnoi,79.85095672134979,179.3,0.05465699944227552,0.09537088678192973,0.0,0.0,0.18168735743351455,0.33388457614181505,0.0,1,Aggressive Accelerator
S Aravind,108.03541368574557,190.8,0.16876310272536688,0.034067085953878404,0.0,0.0,0.3579727528791123,0.4348612515219457,0.0,1,Aggressive Accelerator
S Badrinath,105.4480414560799,586.7,0.14692347025737174,0.08419976137719447,0.0,0.0,0.3184095307859336,0.36328591026393897,0.0,1,Aggressive Accelerator
S Dhawan,101.34318482293841,1598.4,0.14214214214214213,0.05549299299299299,0.32574422131386205,0.12839062202036192,0.26570386731506646,0.3173858424814006,0.11108888655006086,0,Anchor / Stabilizer
S Dube,115.06611945718011,808.7,0.1334240138493879,0.0662792135526153,0.0,0.3762678473157792,0.37441967975400925,0.45287205685669385,0.3521896719131248,0,Anchor / Stabilizer
S Gopal,100.5492041664263,312.40000000000003,0.12387964148527528,0.09058898847631242,0.0,0.0,0.3289145038201653,0.4129265856578335,0.0,1,Aggressive Accelerator
S Nadeem,70.98909649821559,255.70000000000002,0.03519749706687524,0.174423152131404,0.0,0.0,0.15685614554528682,0.2913854502790686,0.0,1,Aggressive Accelerator
S Rana,108.17243808720556,117.3,0.1628303495311168,0.056265984654731455,0.0,0.0,0.3410097204094181,0.3887631972325772,0.0,1,Aggressive Accelerator
S Sohal,70.33082189192122,73.4,0.05313351498637602,0.11989100817438691,0.0,0.0,0.0,0.0,0.0,3,Balanced Pressure Batter
S Sriram,70.03190936531806,21.6,0.0,0.1759259259259259,0.0,0.0,0.0,0.0,0.0,3,Balanced Pressure Batter
S Vidyut,101.95052802321833,31.0,0.2064516129032258,0.14838709677419354,0.0,0.0,0.0,0.0,0.0,3,Balanced Pressure Batter
SA Asnodkar,90.24342927257253,127.3,0.11626080125687353,0.12175962293794187,0.0,0.0,0.0,0.0,0.0,3,Balanced Pressure Batter
SA Yadav,132.67884511814168,1486.3,0.19430801318710894,0.06633923164906143,0.44124351291177805,0.5283796516311916,0.40550416288078184,0.420726240027383,0.5281689020799031,2,Clutch Finisher
SB Styris,83.81108882108856,129.5,0.04633204633204633,0.0803088803088803,0.0,0.0,0.0,0.0,0.0,3,Balanced Pressure Batter
SC Ganguly,97.61657573418894,650.8,0.11601106330669946,0.059618930547019056,0.0,0.2614946088286636,0.37693675282970873,0.43554998607318574,0.21062699538210797,1,Aggressive Accelerator
SD Chitnis,112.25017627444788,65.2,0.16104294478527603,0.11809815950920244,0.0,0.0,0.0,0.0,0.0,3,Balanced Pressure Batter
SD Hope,104.62626825291913,62.1,0.17713365539452497,0.10144927536231883,0.0,0.0,0.0,0.0,0.0,3,Balanced Pressure Batter
SE Marsh,129.82200491424524,827.2,0.18786266924564796,0.05984042553191489,0.0,0.5063566234972179,0.21074661422916027,0.1520211066892292,0.4957368743881602,0,Anchor / Stabilizer
SE Rutherford,79.67195667495446,148.9,0.06447280053727333,0.11014103425117527,0.0,0.0,0.1342899780238907,0.27343266130677946,0.0,1,Aggressive Accelerator
SK Raina,131.56910057860202,1917.7,0.18527402617719144,0.049225634875110814,0.48753822506703337,0.5535624620813304,0.4137768098082578,0.39928603584531835,0.544328958285682,2,Clutch Finisher
SK Trivedi,86.95714875747787,157.8,0.03485424588086185,0.06400506970849176,0.0,0.0,0.19562265375439108,0.36251494520552274,0.0,1,Aggressive Accelerator
SK Warne,99.28974186028438,353.7,0.11959287531806616,0.12185467910658751,0.0,0.0,0.3263622104827385,0.4192848018489108,0.0,1,Aggressive Accelerator
SL Malinga,93.60665232103773,390.2,0.11788826242952333,0.137109174782163,0.0,0.23842098490795136,0.29804760555195525,0.37784107039222914,0.21422387790735775,1,Aggressive Accelerator
SM Curran,127.7012232471834,539.3,0.15872427220470983,0.10773224550343038,0.3391465861798642,0.3801555086541694,0.40354185685237515,0.3939821967563583,0.399073551518667,0,Anchor / Stabilizer
SM Katich,108.13496796209414,197.3,0.1424227065382666,0.03243791180942727,0.0,0.0,0.0,0.0,0.0,3,Balanced Pressure Batter
SM Pollock,94.11279527327765,104.4,0.09770114942528735,0.09865900383141762,0.0,0.0,0.0,0.0,0.0,3,Balanced Pressure Batter
SN Khan,88.03844221439894,327.0,0.11039755351681958,0.14281345565749237,0.0,0.0,0.21883936871121745,0.2686435980645498,0.0,1,Aggressive Accelerator
SN Thakur,122.25793816330341,414.1,0.17073170731707316,0.1023907268775658,0.0,0.0,0.4146476493216425,0.45859063582640774,0.0,1,Aggressive Accelerator
SO Hetmyer,143.38833426506903,778.9,0.195403774553858,0.06637565797920145,0.6109768092596892,0.3241529146019271,0.4858749228195483,0.4842690116603481,0.2930455181259506,2,Clutch Finisher
SP Fleming,119.89771948917166,74.6,0.21045576407506703,0.060321715817694375,0.0,0.0,0.0,0.0,0.0,3,Balanced Pressure Batter
SP Goswami,61.52817299489996,56.0,0.04107142857142857,0.35000000000000003,0.0,0.0,0.0,0.0,0.0,3,Balanced Pressure Batter
SP Jackson,98.32477316019444,102.3,0.03812316715542522,0.08406647116324535,0.0,0.0,0.0,0.0,0.0,3,Balanced Pressure Batter
SP Narine,123.61411595466726,715.4,0.19122169415711493,0.1425775789767962,0.0,0.33388914957684207,0.34621843781660216,0.3582095297383271,0.38997620569297153,0,Anchor / Stabilizer
SPD Smith,121.33206850687843,1469.0,0.15881552076242342,0.05895166780122532,0.4985082815929304,0.5209115111971866,0.399964820797223,0.475359618784763,0.5024568697481617,2,Clutch Finisher
SR Tendulkar,92.07780331390536,758.8,0.12440695835529786,0.0544280442804428,0.0,0.0,0.18794485440924696,0.2567872546983713,0.0,1,Aggressive Accelerator
SR Watson,117.41633024195144,1528.9,0.1714958466871607,0.06723788344561449,0.0,0.4073354464815499,0.2463078303865017,0.2611422917432236,0.4063577680847932,0,Anchor / Stabilizer
SS Iyer,119.04525611119145,1357.4,0.16428466185354354,0.050169441579490194,0.37817019583236333,0.4516013294271468,0.3476561055990604,0.4196317039386629,0.42514135340563036,2,Clutch Finisher
SS Prabhudessai,115.98479934336181,182.4,0.17708333333333331,0.06030701754385965,0.0,0.0,0.33891606147052455,0.40314894338348994,0.0,1,Aggressive Accelerator
SS Tiwary,107.64623024615655,1093.9,0.10723100831885914,0.04671359356431118,0.42042731948827083,0.3724074371527087,0.43155215520820545,0.5251771121870268,0.3204112311455898,2,Clutch Finisher
ST Jayasuriya,99.80197323076928,159.6,0.15914786967418545,0.08270676691729323,0.0,0.0,0.0,0.0,0.0,3,Balanced Pressure Batter
STR Binny,118.76277318250861,811.0,0.14389642416769421,0.08927250308261406,0.4655738069046645,0.3465261356248695,0.4302826743880629,0.48629887013489437,0.3489582999334937,2,Clutch Finisher
SV Samson,122.39968003175802,2162.0,0.16327474560592045,0.06318223866790008,0.4975039180700218,0.56884578330285,0.38770213487907973,0.4188206511858988,0.5540479359606428,2,Clutch Finisher
SW Billings,121.65437672873001,241.6,0.1697019867549669,0.1216887417218543,0.0,0.0,0.0,0.0,0.0,3,Balanced Pressure Batter
Sachin Baby,108.50785792651106,149.3,0.13864701942397856,0.15338245144005355,0.0,0.0,0.2253554089715084,0.2556281901738675,0.0,1,Aggressive Accelerator
Sandeep Sharma,89.12553132701973,269.6,0.06676557863501482,0.05675074183976261,0.0,0.0,0.25304418495459313,0.39158776904523523,0.0,1,Aggressive Accelerator
Shahbaz Ahmed,103.99402740091844,512.6,0.10671088568084276,0.09032383925087786,0.0,0.26426821965316816,0.35351583362414063,0.43272837657067426,0.21573908776685735,1,Aggressive Accelerator
Shakib Al Hasan,113.59722384044298,559.6,0.1317012151536812,0.08577555396711936,0.35539280152892133,0.0,0.33496110083801545,0.4091487335772193,0.0,1,Aggressive Accelerator
Shashank Singh,141.1573881095079,520.3,0.2135306553911205,0.05035556409763598,0.0,0.43569574489452345,0.43158705773507766,0.46599814934298167,0.39942718744172956,0,Anchor / Stabilizer
Shivam Mavi,96.27545918974045,226.9,0.12340237990304098,0.12913177611282503,0.0,0.0,0.27349500324950954,0.33882353356540407,0.0,1,Aggressive Accelerator
Shubman Gill,116.1227586086423,1460.9,0.1384078307892395,0.04497227736326922,0.0,0.32556701802042376,0.29617502077954827,0.338974783206657,0.2769727392034574,0,Anchor / Stabilizer
Sikandar Raza,111.88432095314884,204.1,0.13130818226359628,0.0583047525722685,0.0,0.0,0.2714797183548155,0.34537810571027805,0.0,1,Aggressive Accelerator
T Kohler-Cadmore,90.98562169330685,68.7,0.1208151382823872,0.06695778748180495,0.0,0.0,0.0,0.0,0.0,3,Balanced Pressure Batter
T Stubbs,165.17465701607733,289.6,0.25207182320441984,0.030041436464088394,0.0,0.6853181729753831,0.5613393552015775,0.5052163539208925,0.6845863575209108,0,Anchor / Stabilizer
TG Southee,97.00131593383868,150.4,0.09242021276595744,0.12632978723404256,0.0,0.0,0.26136576455121097,0.3497791564501556,0.0,1,Aggressive Accelerator
TH David,158.51505688021263,635.3,0.22147017157248544,0.06878640012592477,0.6279089681800316,0.48890849638636913,0.438942066059317,0.4488791488638092,0.47190378912282555,2,Clutch Finisher
TK Curran,125.27561512994302,222.5,0.18921348314606742,0.033707865168539325,0.0,0.39143044153023654,0.4298093534983227,0.48670745026406925,0.3453780686444001,0,Anchor / Stabilizer
TL Suman,87.95268045510404,464.2,0.08810857389056441,0.06958207669108142,0.0,0.0,0.23519153333707118,0.3483314436921431,0.0,1,Aggressive Accelerator
TM Dilshan,107.86708465985635,501.3,0.18491921005385997,0.07680031917015759,0.0,0.0,0.31363526755775717,0.3247586588844947,0.0,1,Aggressive Accelerator
TM Head,113.41219792438312,112.0,0.14017857142857143,0.10267857142857142,0.0,0.0,0.0,0.0,0.0,3,Balanced Pressure Batter
TR Birt,99.99091190868927,65.0,0.18769230769230769,0.06615384615384615,0.0,0.0,0.0,0.0,0.0,3,Balanced Pressure Batter
Tanush Kotian,87.57834156772498,17.1,0.13450292397660815,0.0,0.0,0.0,0.0,0.0,0.0,3,Balanced Pressure Batter
Tilak Varma,140.6487291299032,731.2,0.19433807439824943,0.060995623632385115,0.0,0.5322919430502087,0.4314310474510082,0.4294970178628358,0.5145697098440699,0,Anchor / Stabilizer
UBT Chand,92.38845736444925,161.4,0.1288723667905824,0.08116480793060718,0.0,0.0,0.0,0.0,0.0,3,Balanced Pressure Batter
UT Khawaja,96.11122964678012,48.2,0.15145228215767634,0.07883817427385892,0.0,0.0,0.0,0.0,0.0,3,Balanced Pressure Batter
UT Yadav,102.84500464710318,664.8,0.12349578820697954,0.1092057761732852,0.24087528097029565,0.16144557951083321,0.38986446145721126,0.4698131228511778,0.13659697403610033,1,Aggressive Accelerator
V Kohli,118.7662832787406,3149.8,0.15331132135373673,0.05946409295828307,0.5307452579029129,0.5709390819225584,0.4976489735629924,0.5648363738996628,0.538797458911965,2,Clutch Finisher
V Sehwag,115.77299558488279,601.3,0.19241643106602363,0.09778812572759023,0.0,0.0,0.1745653477251653,0.11510325991922021,0.0,3,Balanced Pressure Batter
V Shankar,123.25426084938157,769.5,0.14658869395711502,0.08512020792722547,0.38283903926977214,0.4621098605103432,0.37046664027763854,0.3935785745327484,0.46486022023931645,2,Clutch Finisher
VR Aaron,83.92232335650901,203.5,0.07960687960687962,0.061916461916461926,0.0,0.0,0.2194079740938144,0.3718960927532979,0.0,1,Aggressive Accelerator
VR Iyer,124.0299300620076,690.6,0.17839559803069793,0.03402838111786852,0.0,0.39992936538957397,0.17023204349327942,0.3334400715943033,0.38008892921144993,0,Anchor / Stabilizer
VVS Laxman,69.9477430542622,79.1,0.058154235145385584,0.1251580278128951,0.0,0.0,0.0,0.0,0.0,3,Balanced Pressure Batter
W Jaffer,68.81473647955872,82.4,0.050970873786407765,0.08009708737864077,0.0,0.0,0.0,0.0,0.0,3,Balanced Pressure Batter
WD Parnell,78.24942699722293,125.7,0.0,0.20365950676213207,0.0,0.0,0.10779218812979971,0.2348932124089543,0.0,1,Aggressive Accelerator
WG Jacks,144.98252707593855,107.7,0.2683379758588672,0.020427112349117923,0.0,0.0,0.0,0.0,0.0,3,Balanced Pressure Batter
WP Saha,107.37366477030267,1220.2,0.12801180134404194,0.06875921980003279,0.3161143645343644,0.2969308001233655,0.3420436437454627,0.4376398942148194,0.2521078639144495,0,Anchor / Stabilizer
Washington Sundar,125.83466953047724,546.0,0.1793040293040293,0.09432234432234432,0.0,0.43177782833597156,0.4488851712223696,0.48414219429160527,0.4269490444698179,0,Anchor / Stabilizer
Y Nagar,117.65586077088481,356.0,0.16769662921348316,0.10280898876404494,0.0,0.0,0.40017120530409517,0.4499781044404291,0.0,1,Aggressive Accelerator
Y Venugopal Rao,120.76992948049528,800.1,0.15723034620672416,0.0594925634295713,0.0,0.4860366176427593,0.43964870070053474,0.48072779713551794,0.46349642532392854,0,Anchor / Stabilizer
YBK Jaiswal,133.06022105704923,551.6,0.2233502538071066,0.05891950688905003,0.0,0.0,0.0,0.0,0.0,3,Balanced Pressure Batter
YK Pathan,135.60496427324082,1756.3,0.1824289699937368,0.059158458122188694,0.5423908730533757,0.5066393212134653,0.5181463474458805,0.5634704446495419,0.4875861659740862,2,Clutch Finisher
YS Chahal,64.528647579008,331.40000000000003,0.0,0.060651780325890164,0.0,0.0,0.15928919628143462,0.3701016331332278,0.0,1,Aggressive Accelerator
YV Takawale,96.8387419515223,123.6,0.12702265372168284,0.04288025889967637,0.0,0.0,0.0,0.0,0.0,3,Balanced Pressure Batter
Yashpal Singh,87.85594227094191,89.6,0.07254464285714286,0.08370535714285715,0.0,0.0,0.22738452253814675,0.3539031062179938,0.0,1,Aggressive Accelerator
Yuvraj Singh,97.50829203883958,1436.5,0.12342499129829447,0.06780368952314654,0.23961930609151366,0.33755492675072873,0.31116894549178653,0.4124433238287892,0.3091876090030075,0,Anchor / Stabilizer
Z Khan,78.66561107243213,393.2,0.04755849440488301,0.11800610376398779,0.0,0.08342182644500902,0.22938852016020406,0.36417617488099696,0.03530770656656978,1,Aggressive Accelerator
