bowler,pressure_economy_reliable,pressure_dot_rate_raw,pressure_wicket_rate_raw,pressure_exposure,death_bowler_score,set_batter_control_score,momentum_breaker_score,cluster,bowler_role
A Ashish Reddy,9.491218684047936,0.29318958716802523,0.07599263739153299,380.3,0.0,0.4632929231346755,0.4159922473817113,1,Death Specialist
A Chandila,7.306955269997722,0.40986055776892427,0.03685258964143426,200.8,0.0,0.47793177250076563,0.0,2,Strike Bowler
A Kumble,7.700214267562482,0.3796747002255728,0.03585420871423483,842.3000000000001,0.0,0.48411863200606065,0.5469316035794087,2,Strike Bowler
A Mishra,8.280933934807095,0.32072909026702523,0.050226822046559635,3681.3,0.4539240218245376,0.5853423980396345,0.6154452274660692,0,Control Bowler
A Mithun,9.864331625399993,0.29101872421453506,0.022215169787369086,315.1,0.0,0.31767112839986034,0.315142680175115,3,Balanced Support Bowler
A Nehra,8.579097560181259,0.36894340390879476,0.05618892508143322,1964.8,0.5326788701485602,0.4139537939555795,0.5807874441801202,0,Control Bowler
A Nortje,8.76516263301127,0.3576642335766424,0.059543119762097876,1479.6,0.6001280621231678,0.3894625889620209,0.5011701094412724,0,Control Bowler
A Singh,9.533596059945998,0.32352295189984626,0.06237645508455963,455.3,0.0,0.36715219177651615,0.4480293528472466,1,Death Specialist
A Symonds,9.533662357721312,0.30770659238625814,0.05329619312906221,538.5,0.0,0.3715804439097722,0.39473584265143036,1,Death Specialist
A Zampa,9.52177982237807,0.29005360333531865,0.03871351995235259,335.8,0.0,0.3140564817924306,0.35986021094325865,3,Balanced Support Bowler
AA Chavan,9.031234101602687,0.3414541301865246,0.027788351732013706,262.7,0.0,0.46910927579298944,0.43247177392236325,2,Strike Bowler
AB Agarkar,8.961674600566095,0.28133704735376047,0.0293349582172702,1148.8,0.2867869054497848,0.41096656453797215,0.37754739612743343,2,Strike Bowler
AB Dinda,8.629404115253596,0.3614289701367569,0.0537259279933017,1433.2,0.3758142834059506,0.4382441118713721,0.46171999048334145,0,Control Bowler
AB McDonald,8.464588914453243,0.29305263157894734,0.08589473684210526,237.5,0.0,0.4206434495143636,0.4815133950148942,1,Death Specialist
AC Thomas,7.9955015306688,0.3414779499404052,0.04171632896305125,335.6,0.0,0.327635620087265,0.5082740429298693,2,Strike Bowler
AD Mascarenhas,8.452828870813645,0.3752175426383571,0.03550295857988166,287.3,0.0,0.32635844239625367,0.47190796607033025,2,Strike Bowler
AD Mathews,9.244706194709556,0.2385097123447617,0.038849379046810316,942.1,0.38378967661197744,0.39699117495073977,0.42365929781686507,3,Balanced Support Bowler
AD Russell,10.765424908791903,0.3026366808840636,0.0680496316401706,1547.4,0.43214687733915086,0.4328323065189899,0.5105543519273892,1,Death Specialist
AF Milne,10.286138129291007,0.25242022230190037,0.023305844388669776,278.9,0.0,0.2436358611353596,0.28118752257032736,3,Balanced Support Bowler
AG Murtaza,8.709874030008505,0.34688995215311,0.019822282980177713,292.6,0.0,0.493548460333652,0.3605509080328283,2,Strike Bowler
AJ Tye,10.023755422326262,0.23205776173285197,0.052851985559566786,692.5,0.2027772108392112,0.39388788590508306,0.4566336943038372,1,Death Specialist
AM Nayar,8.761722791193899,0.3043616682585164,0.0347023241006049,314.1,0.0,0.46504035869639726,0.38197094225104106,2,Strike Bowler
AN Ahmed,9.788699466492291,0.261758691206544,0.012610770279481938,293.4,0.0,0.34924138743608285,0.30519536569432065,3,Balanced Support Bowler
AR Patel,7.786519053754377,0.3106342970350223,0.038951009032604685,2978.1,0.5897696088325198,0.523321444959412,0.5523609393150477,0,Control Bowler
AS Joseph,11.204981384732758,0.2822146006859383,0.042136207741303285,408.2,0.0,0.241093585321447,0.3179175965782279,3,Balanced Support Bowler
AS Rajpoot,9.77006139756738,0.33917503740115407,0.06219277623423809,467.9,0.0,0.30885606168896607,0.5105974538000732,1,Death Specialist
Abhishek Sharma,9.352547106062138,0.24141555711282414,0.03363700070077086,285.4,0.0,0.29650527500992485,0.3822384763341433,3,Balanced Support Bowler
Akash Madhwal,8.469805412072342,0.356792873051225,0.1398663697104677,224.5,0.0,0.329457172656629,0.4515975300296426,1,Death Specialist
Anand Rajan,10.319285060929532,0.2526584432156529,0.07911527009783072,235.1,0.0,0.29875531051313403,0.5394533133806947,1,Death Specialist
Ankit Sharma,7.636944045960571,0.38998007401081697,0.02789638485624822,351.3,0.0,0.47862578584467613,0.32336214586574213,2,Strike Bowler
Anureet Singh,10.355544992007198,0.27878151260504197,0.07710084033613446,476.0,0.0,0.32826529170744234,0.3495702911051442,1,Death Specialist
Arshdeep Singh,8.977155606741965,0.3225582860743541,0.06049149338374291,1587.0,0.5462231630066968,0.5322746271056223,0.5052258407422355,0,Control Bowler
Avesh Khan,9.490068164707205,0.3239510620731067,0.05644374390152369,1332.3,0.4437206849248874,0.39009871072959107,0.571177503448703,0,Control Bowler
Azhar Mahmood,8.574014911647037,0.3540784645780412,0.05771944679650014,708.6,0.36456967543782237,0.4743590697820171,0.530490642145621,0,Control Bowler
B Kumar,8.383047320941065,0.3596443722357613,0.04194873183500316,4431.6,0.6108184306870287,0.4414069190593733,0.5895068159150265,0,Control Bowler
B Lee,8.37476669140773,0.36461850101282917,0.043619176232275486,740.5,0.3914487028249729,0.4685359513463543,0.6014690031122696,0,Control Bowler
BA Bhatt,8.167704721688343,0.30724174653887115,0.051650692225772094,375.6,0.0,0.4837196211501124,0.5367720935465017,2,Strike Bowler
BA Stokes,8.535303020398027,0.3175610429024693,0.05407642433439096,724.9,0.3931330356649216,0.4329494727587567,0.541240398048,0,Control Bowler
BAW Mendis,8.42948322021604,0.3259259259259259,0.026579520697167753,229.5,0.0,0.439507639807769,0.42194077887250414,2,Strike Bowler
BB Sran,9.910033687435362,0.3088407985237376,0.04378459989934575,596.1,0.0,0.3175476345501943,0.4057066058307357,3,Balanced Support Bowler
BCJ Cutting,9.931207227725947,0.26558005752636626,0.03611377436880793,312.9,0.0,0.3516623595470842,0.29816498303973105,3,Balanced Support Bowler
BE Hendricks,9.509116468016655,0.3200670297444491,0.0540427314620863,238.7,0.0,0.0,0.4500071701011195,3,Balanced Support Bowler
BJ Hodge,8.458125784971829,0.3401411065725956,0.07575194949870034,269.3,0.0,0.5583391891777659,0.4794692372741946,2,Strike Bowler
BW Hilfenhaus,8.670475275871704,0.39109328830730267,0.056563951034191644,473.8,0.0,0.3774285064040166,0.5472210633631768,2,Strike Bowler
Basil Thampi,9.495254684181075,0.25135058288313905,0.05686664771111743,703.4,0.2987275830214872,0.3339403413391519,0.2741044950954245,3,Balanced Support Bowler
Bipul Sharma,9.706072737368244,0.2545813363405695,0.042007330138144915,354.7,0.0,0.336067893099632,0.38970096728181175,3,Balanced Support Bowler
C Green,8.701020265254177,0.3203125,0.05078125000000001,435.2,0.0,0.46613883369062503,0.35157053960949786,2,Strike Bowler
C Sakariya,9.019464341069858,0.26494486360998254,0.0240858966918166,344.6,0.0,0.32040791757627163,0.36086521498481483,3,Balanced Support Bowler
CH Gayle,8.8379258426179,0.3265747050024929,0.02792089080937344,601.7,0.46294387700796774,0.38356774626923956,0.35783700360331866,2,Strike Bowler
CH Morris,8.973542851679738,0.2923728813559322,0.04666592328278323,1793.6,0.532983793529558,0.37434163239585694,0.5217141852863165,0,Control Bowler
CJ Anderson,11.18843664182425,0.1560747663551402,0.037694704049844235,321.0,0.0,0.2586202292721771,0.2835848806445689,3,Balanced Support Bowler
CJ Jordan,10.680665334052662,0.2541851304775973,0.03495814869522403,812.4,0.20809945792363255,0.29388282735812365,0.2843445877029825,3,Balanced Support Bowler
CR Brathwaite,8.951383754754179,0.2990436202472591,0.0734779566130161,428.7,0.0,0.33953740713572583,0.5429098432179723,1,Death Specialist
CR Woakes,7.985021569995221,0.4210691823899371,0.09150943396226416,318.0,0.0,0.7783933991115056,0.5362927956052155,2,Strike Bowler
CRD Fernando,8.623628998882943,0.32039496084439906,0.07184201566224038,293.7,0.0,0.4727336484720829,0.6183280281506003,2,Strike Bowler
CV Varun,8.472979248678078,0.33621440119388135,0.04365128715333914,1608.2,0.44846920513209393,0.4982982468175464,0.5691099196373581,0,Control Bowler
D Wiese,9.493515013035841,0.2161112908443869,0.03396958912973148,309.1,0.0,0.21613915453855234,0.2640810929077477,3,Balanced Support Bowler
DE Bollinger,8.105792066433741,0.3626193164323104,0.07985220158062199,974.3,0.6762342236172539,0.5766593324487799,0.4680858561972821,0,Control Bowler
DJ Bravo,8.852031974606263,0.2834973816247635,0.06558275984975187,3647.3,0.6727582915982728,0.535257816694853,0.6475264023317743,0,Control Bowler
DJ Hooda,9.577343400839258,0.23512080141426048,0.04802592810842664,339.4,0.0,0.32201971584512046,0.2633438086581064,3,Balanced Support Bowler
DJG Sammy,9.152617359663052,0.28794288736118456,0.06372289793759917,378.2,0.0,0.37436866605126456,0.344445004768753,1,Death Specialist
DL Chahar,8.912804272080434,0.35873983739837395,0.04752970606629143,1279.2,0.0,0.35080733550245574,0.5465033840495038,2,Strike Bowler
DL Vettori,8.166897504109006,0.289713455697874,0.03367225670143932,757.3000000000001,0.39664220614559853,0.40247825904129747,0.36528915753188906,2,Strike Bowler
DP Nannes,8.645580784632104,0.352623936942543,0.048122796100394105,482.1,0.44204361122766483,0.4174358814581155,0.5834530248054426,0,Control Bowler
DR Sams,10.526289702284014,0.3009458297506449,0.0472914875322442,232.6,0.0,0.16862319889532038,0.20196369950935414,3,Balanced Support Bowler
DR Smith,11.116192407188803,0.21816168327796231,0.027870062753783682,541.8000000000001,0.0,0.3057348655531383,0.2782480884677044,3,Balanced Support Bowler
DS Kulkarni,8.9210648557672,0.35946119307248237,0.047594611930724826,1559.0,0.39718785940237183,0.41556032428671436,0.5190400504659565,0,Control Bowler
DT Christian,9.16546132891004,0.2876135981151127,0.03121844496802423,1188.4,0.2157933827744756,0.4319502557306634,0.30053637990334636,2,Strike Bowler
DW Steyn,7.659715430213543,0.41244111942366307,0.04312136325852037,2887.2,0.6344759910971671,0.46213077081391835,0.5530420351122783,0,Control Bowler
FH Edwards,9.300689866262962,0.2966751918158568,0.041773231031543054,234.6,0.0,0.2202046859447154,0.27127192048520604,3,Balanced Support Bowler
G Coetzee,9.510508016607861,0.3713118474807081,0.08488424875170221,220.3,0.0,0.286159788172267,0.37678916006687324,1,Death Specialist
GB Hogg,8.328838326897634,0.3389891051973567,0.04750848365779604,559.9,0.0,0.4688178304455097,0.4724134228864143,2,Strike Bowler
GD McGrath,8.183446863295769,0.37828810020876824,0.07807933194154489,239.5,0.0,0.6404799639367489,0.6896491972934136,2,Strike Bowler
GJ Maxwell,8.875575118547875,0.2726763717805151,0.039977603583426655,893.0,0.0,0.3853984132200099,0.48651585815332643,2,Strike Bowler
HH Pandya,9.620384735788585,0.30209481808158767,0.05453877251010658,1360.5,0.4933768237007562,0.46843590890569126,0.4550969902905843,0,Control Bowler
HV Patel,8.836140440713148,0.2899870456450507,0.058751809799588516,2624.6,0.5900658873350612,0.5093040807793464,0.5769607800507832,0,Control Bowler
Harbhajan Singh,7.755763733102007,0.34422251260033604,0.05721485906290835,3214.2,0.6663124790190811,0.6063304345608593,0.6349255912467477,0,Control Bowler
Harmeet Singh,8.604088670475413,0.3034744842562432,0.04112377850162866,736.8000000000001,0.0,0.3262368998413082,0.43020568914554697,2,Strike Bowler
Harpreet Brar,8.602660109101794,0.2878535773710482,0.04090404880754298,721.2,0.0,0.42658308716104276,0.4490507188519449,2,Strike Bowler
Harshit Rana,10.652346237523066,0.31498257839721255,0.09686411149825784,430.5,0.0,0.33834389320904,0.6342438710318343,1,Death Specialist
I Sharma,8.789642349758173,0.38854670772840594,0.04168499780026397,2727.6,0.44218045190763183,0.42260324934746823,0.494047016940076,0,Control Bowler
I Udana,9.286307592615238,0.24598698481561823,0.04815618221258134,230.5,0.0,0.2753445520046867,0.0,3,Balanced Support Bowler
IC Pandey,8.375567655212018,0.4275429633070134,0.050394797956339984,430.6,0.0,0.4089018254513565,0.5081718269109617,2,Strike Bowler
IK Pathan,8.547262996011886,0.3651077246452969,0.049290593799264315,1903.0,0.525258649039512,0.37304018053200283,0.46838353584285286,0,Control Bowler
Imran Tahir,8.571896172054798,0.3044341495698213,0.05382748731524377,1359.9,0.6597948546693417,0.42386952615072165,0.5448641803279695,0,Control Bowler
Iqbal Abdulla,8.531643309591086,0.2934491360990484,0.04536634944100527,1082.3,0.0,0.42959251468035053,0.47024659549127396,2,Strike Bowler
J Botha,7.471314386304724,0.36442725954567423,0.05231996133397776,827.6,0.0,0.5363222107977509,0.4289841372520847,2,Strike Bowler
J Suchith,10.39150106300776,0.2523770714479761,0.031241510459114368,368.1,0.0,0.2908155024049053,0.4533133703515701,3,Balanced Support Bowler
J Theron,8.848249774929744,0.24369461486025906,0.05044308111792775,293.4,0.0,0.3093083271034496,0.37885523205942845,3,Balanced Support Bowler
J Yadav,7.541492597188393,0.4038980509745127,0.019490254872563718,333.5,0.0,0.48547400430475507,0.39702802099509826,2,Strike Bowler
JA Morkel,8.925789630072197,0.31516160979562435,0.05127397136940668,2221.4,0.506405034416402,0.42013648115321556,0.49060027597456013,0,Control Bowler
JC Archer,9.473868742538047,0.35713381440688696,0.01772376250158248,789.9,0.09876896217366771,0.316948095468448,0.49462114790891176,2,Strike Bowler
JD Ryder,9.987326677648879,0.2557562876372653,0.0375487070492384,282.3,0.0,0.3456643069738556,0.28752673134340695,3,Balanced Support Bowler
JD Unadkat,9.985903526783172,0.2894915541974366,0.04693998811645871,2356.2,0.3784007078445193,0.3767973454646837,0.5363738752277701,0,Control Bowler
JDP Oram,10.66893463388736,0.21006097560975612,0.056402439024390245,328.0,0.0,0.27544532045983483,0.30589217099992816,3,Balanced Support Bowler
JH Kallis,7.889898863842944,0.3348663600613211,0.04965673531960275,1500.3,0.47766472862498194,0.5206022587239774,0.4573530688396274,0,Control Bowler
JJ Bumrah,8.210299446048742,0.3350637092968381,0.04924631485439858,3602.3,0.7192634628473098,0.5348979990173232,0.6896062966476366,0,Control Bowler
JL Pattinson,9.178871548747985,0.27801980198019804,0.056633663366336635,252.5,0.0,0.35080340975486196,0.45338322108231516,1,Death Specialist
JO Holder,9.86230075526977,0.29085817163432687,0.04940988197639528,999.8,0.25539283510608474,0.34588921218053015,0.35466664588688246,1,Death Specialist
JP Behrendorff,9.669061139318117,0.35378813849845736,0.04353788138498458,291.7,0.0,0.4442962109651217,0.41963075899405006,2,Strike Bowler
JP Duminy,8.39298584146084,0.3144540099682827,0.03730554296933997,662.1,0.0,0.39759206878828507,0.4678986081750988,2,Strike Bowler
JP Faulkner,8.95424299191637,0.29731293923108726,0.06564696155436131,1209.5,0.512742847516876,0.46404619391360824,0.5100449414160136,0,Control Bowler
JR Hazlewood,8.838782118125982,0.39423979964520506,0.056036731712407396,958.3,0.5562803811026557,0.35904127905857486,0.4785642989875113,0,Control Bowler
JR Hopes,9.741914352695591,0.25930559899906164,0.04410384735689709,319.7,0.0,0.27882382886236357,0.4956925966354016,3,Balanced Support Bowler
Joginder Sharma,10.39885200576607,0.2550136172319881,0.0460510027234464,403.90000000000003,0.0,0.29471379597544006,0.38591553118512356,3,Balanced Support Bowler
K Gowtham,8.617802197265002,0.35856103793984667,0.048358561037939854,508.7,0.0,0.48569232010953983,0.44737600536517735,2,Strike Bowler
K Rabada,8.697357083697229,0.3668860759493671,0.07048101265822784,1975.0,0.6096389922067544,0.5143260057914941,0.481513836187867,0,Control Bowler
KA Pollard,9.307288916122607,0.24100924763100812,0.05246032652129239,1751.8,0.45202488300100013,0.3940524291652368,0.5305705741908944,0,Control Bowler
KH Pandya,8.513817696204308,0.2968849332485696,0.03877940241576606,2202.2,0.5237007013033806,0.44571001250167175,0.5140013669596353,0,Control Bowler
KK Ahmed,9.469679037259858,0.3349499848438921,0.0609275538041831,1319.6,0.43499316219192713,0.33770829073932224,0.5097053557655691,1,Death Specialist
KK Cooper,8.169412553288044,0.2997488138431482,0.08191459670667038,716.6,0.609362048134815,0.4543162441727235,0.4196061210476048,0,Control Bowler
KL Nagarkoti,9.694627096916854,0.3067484662576687,0.032208588957055216,195.6,0.0,0.304156828151189,0.41965134110359636,3,Balanced Support Bowler
KP Appanna,8.38107025353769,0.3474178403755869,0.05868544600938967,170.4,0.0,0.5584973320033895,0.0,2,Strike Bowler
KR Sen,9.894365491292188,0.314873417721519,0.06645569620253164,316.0,0.0,0.42103197884871163,0.3219595521513667,1,Death Specialist
KV Sharma,9.110421624481077,0.30318670107423634,0.05869291244073696,1666.3,0.0,0.45770150024723927,0.5251185105504077,2,Strike Bowler
KW Richardson,9.192310789181098,0.3434680922151687,0.07283661877714667,299.3,0.0,0.46060872457443525,0.44399657752763616,1,Death Specialist
Kartik Tyagi,9.872922463539505,0.2958422174840085,0.03464818763326226,375.2,0.0,0.24643733033345544,0.33130304119957943,3,Balanced Support Bowler
Kuldeep Yadav,8.158085617314661,0.3153153153153153,0.05172914850334205,1376.4,0.0,0.43493120962739756,0.46692638684111915,2,Strike Bowler
L Balaji,9.31674182271174,0.29891273082897085,0.05804521659092217,1738.3,0.3376030348051548,0.4352757676512604,0.45913742705056343,0,Control Bowler
LE Plunkett,9.599555679333804,0.21721677074041035,0.012488849241748437,224.20000000000002,0.0,0.2905836822816786,0.3729629028412194,3,Balanced Support Bowler
LH Ferguson,9.582746341313822,0.31151895677372615,0.05055139660307494,1242.3,0.2818974739221413,0.42639482116236427,0.4173344709643611,1,Death Specialist
LR Shukla,9.360915157060223,0.29164067373674357,0.060199625701809104,320.6,0.0,0.4293260651488741,0.4126195228830246,1,Death Specialist
LS Livingstone,9.465522333248085,0.27775518503456686,0.0414802765351769,245.9,0.0,0.3607674389698561,0.38060858149308374,3,Balanced Support Bowler
M Ashwin,8.336991590884141,0.30848671608228534,0.04339135504289165,1200.7,0.0,0.46831772062557153,0.4337340308564217,2,Strike Bowler
M Jansen,11.51208140714356,0.2172243554580362,0.02797586396050466,364.6,0.0,0.22192511141288132,0.29287983256903793,3,Balanced Support Bowler
M Kartik,7.83927756226107,0.2877197673641286,0.028745236981081623,1495.9,0.0,0.45748203101467355,0.41659889174359305,2,Strike Bowler
M Markande,9.463561295813543,0.2610159566681306,0.05782462304201434,683.1,0.0,0.4029568019240161,0.4147854791177977,1,Death Specialist
M Morkel,8.341386676327128,0.36437414030261345,0.0469050894085282,1454.0,0.3840103535635334,0.4700961328289142,0.5893456316024921,0,Control Bowler
M Muralitharan,7.677824684234011,0.37335489627481594,0.046230202989069824,1793.2,0.6091904828360281,0.5335384586322303,0.5864859177997045,0,Control Bowler
M Pathirana,7.925957909102113,0.3128310062590274,0.07330284063553201,830.8000000000001,0.5859721532378606,0.5304183158039754,0.6187488746549792,0,Control Bowler
M Prasidh Krishna,9.166522491305711,0.35881346263548203,0.04405146732585409,1577.7,0.3771884688073284,0.4014803222070324,0.539795553860582,0,Control Bowler
M Theekshana,8.139721010892787,0.28169257340241793,0.04386873920552677,579.0,0.0,0.3875243321076752,0.400722158881808,2,Strike Bowler
MA Starc,9.56665208341519,0.33268858800773693,0.06298355899419729,827.2,0.4339169996997036,0.3375115868299014,0.4635395789032533,1,Death Specialist
MC Henriques,9.027924149446743,0.2877451862515746,0.05020694619398956,1111.4,0.0,0.4196012525610676,0.45854501687858507,2,Strike Bowler
MF Maharoof,8.361112815058148,0.34878587196467997,0.057119205298013245,362.4,0.0,0.4107579026905722,0.39159549274758215,2,Strike Bowler
MG Johnson,8.737167771971231,0.383925147634021,0.07316512002454176,1303.9,0.5733483286733811,0.44862457668851424,0.5278203284621196,0,Control Bowler
MJ McClenaghan,8.491377577662986,0.3642823676401687,0.05981571138528815,1280.6,0.49788751986038,0.43088229157493824,0.5361269092273376,0,Control Bowler
MJ Santner,8.119043621158543,0.2930761934871957,0.028137843819159028,316.3,0.0,0.47671462269747045,0.4555242017501021,2,Strike Bowler
MM Ali,8.091511421982215,0.35244674726540015,0.048128957973517565,868.5,0.0,0.5277914888247095,0.4066301005493147,2,Strike Bowler
MM Patel,8.420173703761368,0.381102241326374,0.05779858765735339,1302.8,0.4758563904073102,0.4695656875679134,0.4492983625010762,0,Control Bowler
MM Sharma,9.18534114385378,0.3128987623952648,0.06760704127911446,2601.8,0.5574685534367722,0.44068664130945673,0.5528089661688638,0,Control Bowler
MP Stoinis,10.793029509139629,0.2644215446722618,0.07510889195793052,941.3,0.17595042707140848,0.4269413988196275,0.45886450456785216,1,Death Specialist
MR Marsh,9.68335753481582,0.24684400360685302,0.021190261496844002,443.6,0.0,0.37618225071409706,0.3461645627413587,3,Balanced Support Bowler
MS Gony,9.683334572475124,0.35235637128381614,0.0390976006117962,1046.1,0.0,0.4244253433805158,0.39849658324592824,2,Strike Bowler
Mayank Dagar,8.957123226657517,0.3142620232172471,0.027363184079601994,241.2,0.0,0.3964518865359897,0.5118865686238079,2,Strike Bowler
Mohammad Nabi,9.434201965913106,0.2581621621621622,0.01902702702702703,462.5,0.0,0.2708916795682542,0.428142511215532,3,Balanced Support Bowler
Mohammed Shami,9.334517455377823,0.34740233588401126,0.048006443817962145,2483.0,0.3875212056582305,0.39387538834948277,0.5511976341426479,0,Control Bowler
Mohammed Siraj,9.337613129638003,0.32541423923734586,0.05069229023227661,2643.4,0.5772049143834708,0.4291982068413527,0.5651218650393588,0,Control Bowler
Mohsin Khan,8.85255409613751,0.3893731838937318,0.0639269406392694,481.8,0.0,0.41727661468235827,0.44029453842816035,2,Strike Bowler
Mujeeb Ur Rahman,9.037571130578415,0.35285285285285284,0.050750750750750744,333.0,0.0,0.3649719817564955,0.4859053463725667,2,Strike Bowler
Mukesh Choudhary,10.287435351071561,0.3238650157805293,0.039087157076960435,411.9,0.0,0.22746209917777,0.324686068484284,3,Balanced Support Bowler
Mukesh Kumar,11.167158496137487,0.29581331503088537,0.09174102036147334,437.1,0.265160908178765,0.39299059009361276,0.4993782433103266,1,Death Specialist
Mustafizur Rahman,9.381218219619505,0.31582541398736697,0.03898025379844079,1757.3,0.43165755327498656,0.4496083373627066,0.49528584184899554,0,Control Bowler
NLTC Perera,9.626121035121079,0.28901933701657456,0.05294659300184162,868.8000000000001,0.3043958634112301,0.34018646995622404,0.38274857777938026,1,Death Specialist
NM Coulter-Nile,8.792077787266624,0.3666700272204859,0.03851194676882751,991.9,0.31619971658409907,0.4028254369974168,0.4715828932562731,2,Strike Bowler
NT Ellis,8.689665607591909,0.28565906455353696,0.04561267877850793,517.4,0.0,0.5318152185356008,0.5191624793935468,2,Strike Bowler
Navdeep Saini,8.733853198787575,0.38708036622583925,0.04252288911495422,983.0,0.6808061259558862,0.4424972048598412,0.508518377267959,0,Control Bowler
Naveen-ul-Haq,10.537006126074703,0.3088480801335559,0.04486644407345576,479.2,0.3218316180066778,0.24738660000305557,0.5651350582289819,1,Death Specialist
Noor Ahmad,8.5423537559351,0.3258017492711371,0.04701166180758018,548.8,0.0,0.3892085176082901,0.46091960001269683,2,Strike Bowler
OC McCoy,9.942154638402915,0.21331889550622632,0.053059014618299954,369.4,0.0,0.23091171096529647,0.38216287120285763,3,Balanced Support Bowler
P Awana,10.718193434291504,0.311483804890539,0.05658686467801817,781.1,0.2650300828115589,0.2666735341132781,0.3811915171643666,1,Death Specialist
P Kumar,8.329407164225382,0.3778270509977827,0.03950480413895048,2706.0,0.4968492555223855,0.33703525046383664,0.5297305168986646,0,Control Bowler
P Negi,9.176484595943604,0.27252175878828977,0.057872725217587885,884.7,0.0,0.4005134096803475,0.47758990964770615,1,Death Specialist
PJ Cummins,8.777209200756605,0.3600347407803314,0.051109032602886156,1496.8,0.4313669635445872,0.467745679339527,0.5977134371542326,0,Control Bowler
PJ Sangwan,9.76273354278917,0.32067106051527866,0.03571000599161175,834.5,0.0,0.3953213018340283,0.4345838817912383,2,Strike Bowler
PP Chawla,8.727915723902862,0.3125511788790061,0.04489623041084286,3541.5,0.39749401530952905,0.5590815014420578,0.5920192936582032,0,Control Bowler
PP Ojha,8.016120143459153,0.3254927482335441,0.051180736333209374,2151.2,0.4182337819761631,0.5013791096213903,0.6089190724103415,0,Control Bowler
PV Tambe,8.893542051248886,0.19735166793990325,0.01757066462948816,392.7,0.0,0.3793668013552196,0.4318155674364491,3,Balanced Support Bowler
PVD Chameera,9.663328286421486,0.44253921926304274,0.07114191900766145,274.09999999999997,0.0,0.46023473467351533,0.32938658363475054,2,Strike Bowler
PWH de Silva,9.729827381714172,0.3243399220891646,0.04501514932910114,693.1,0.0,0.39914069716203726,0.4881823613071751,2,Strike Bowler
Pankaj Singh,9.211681171148532,0.36129254039188724,0.03712616019250602,290.9,0.0,0.5006489434187167,0.46368350586021756,2,Strike Bowler
R Ashwin,7.396804622042719,0.32003536984104136,0.04400666269098686,4862.9,0.49594208140162166,0.6197699496242963,0.6707283163634132,0,Control Bowler
R Bhatia,9.060155444521687,0.24630849220103987,0.04409012131715771,1442.5,0.5429352900621666,0.3938616363629648,0.3558219787657772,0,Control Bowler
R Dhawan,8.748805932080657,0.2594208647362158,0.04217902948565384,756.3,0.0,0.403741954255571,0.4280756235882628,2,Strike Bowler
R McLaren,9.455850023536929,0.3499638467100506,0.032176428054953,276.6,0.0,0.34095308282617465,0.4187004259398643,2,Strike Bowler
R Rampaul,8.371197061010706,0.39102916895982387,0.07072096862960925,363.4,0.0,0.5391074997375219,0.5224415976599491,2,Strike Bowler
R Sathish,10.805448324075641,0.19241982507288632,0.03290295710120783,240.1,0.0,0.2719871158927046,0.13109744697122103,3,Balanced Support Bowler
R Sharma,8.448080960952863,0.3149425287356322,0.03908045977011494,957.0,0.0,0.4602059509137036,0.4150494957359804,2,Strike Bowler
R Tewatia,8.200149638030114,0.27943293830989036,0.03211872854136671,902.9,0.0,0.4287402192589902,0.459749096250392,2,Strike Bowler
R Vinay Kumar,8.92885767598859,0.3030390978067084,0.0565529250798126,2411.9,0.4140020032417955,0.49245855234030456,0.5717987733620349,0,Control Bowler
RA Jadeja,8.385439728690097,0.3077181301927434,0.0396956387948639,3574.7000000000003,0.455213975754696,0.5622730177321418,0.6025370688563227,0,Control Bowler
RD Chahar,8.474650771749682,0.3097560975609756,0.05010162601626016,1968.0,0.0,0.4393037292267552,0.49962650596120184,2,Strike Bowler
RE van der Merwe,7.557215270897603,0.36105202088570876,0.06246374008895765,517.1,0.0,0.5488400353552451,0.310295003846483,2,Strike Bowler
RG Sharma,8.731833535187175,0.23514644351464434,0.04351464435146444,358.5,0.0,0.42153778278173415,0.35116309842053395,3,Balanced Support Bowler
RJ Harris,7.653410425256991,0.4379103625463888,0.039394804453325716,700.6,0.5069594742164092,0.45494854218975495,0.4575568239627092,0,Control Bowler
RP Meredith,9.46546242891591,0.32232070910556004,0.0413644910018802,372.3,0.0,0.36699910626503957,0.3694901974162888,2,Strike Bowler
RP Singh,8.538345120161404,0.34575023350365364,0.043514092632272953,1820.1,0.4671269052187348,0.3538596135864609,0.4798224314198705,0,Control Bowler
RR Powar,8.390116483106974,0.3574994057523176,0.03375326836225338,420.7,0.0,0.3861543277276096,0.5747732271768368,2,Strike Bowler
RS Bopara,8.536290906481414,0.3537735849056604,0.09090909090909091,233.2,0.0,0.6246987537639245,0.5438914071633741,2,Strike Bowler
Rashid Khan,7.858195935531147,0.35078102608197187,0.05399111493264545,2791.2000000000003,0.5608830822022479,0.5679055224215308,0.657844106064873,0,Control Bowler
Rasikh Salam,10.47129633676609,0.2684017893452623,0.04351362342415616,245.9,0.0,0.31713183887346813,0.3872142924079893,3,Balanced Support Bowler
Ravi Bishnoi,8.207891778918095,0.35141736362963516,0.04381614980386352,1351.1,0.0,0.4994174486578482,0.49424208773051237,2,Strike Bowler
S Aravind,8.978514824919882,0.3475860116097976,0.05181934022370098,706.3,0.0,0.42201357764123126,0.3604781539041162,2,Strike Bowler
S Badree,9.326737128160996,0.3644148430066603,0.04900095147478591,210.2,0.0,0.0,0.17482517971004094,3,Balanced Support Bowler
S Gopal,8.274179486250066,0.29021778366020934,0.055468655998074844,831.1,0.0,0.4655470970349933,0.48968734464896446,2,Strike Bowler
S Kaul,8.981305008274493,0.27973128366519395,0.043273013375295044,1652.3,0.45003778275105233,0.41393468658725585,0.3816745154387527,0,Control Bowler
S Kaushik,8.324045011109321,0.34027364663890547,0.01903628792385485,336.2,0.0,0.3621966638468035,0.36596567430728333,2,Strike Bowler
S Lamichhane,8.940950586696337,0.3269689737470167,0.0477326968973747,167.6,0.0,0.0,0.5101199015520106,3,Balanced Support Bowler
S Nadeem,8.640240976732565,0.2997714161314901,0.02623272014803527,918.7,0.0,0.3829110787865337,0.43852103234755613,2,Strike Bowler
S Randiv,8.228923027938462,0.3273213092852371,0.04008016032064128,299.40000000000003,0.0,0.4412101482169779,0.529748594154872,2,Strike Bowler
S Sreesanth,10.16111483082502,0.333778014941302,0.02988260405549626,749.6,0.0,0.2791206617084851,0.36489809354395586,3,Balanced Support Bowler
S Tyagi,9.575016085423476,0.3636363636363636,0.02237029985721085,210.1,0.0,0.11085993415589566,0.39552834891088295,3,Balanced Support Bowler
SB Jakati,9.138109008664584,0.26773049645390073,0.03881712259371834,1579.2,0.0,0.4219489700459449,0.4521491727682209,2,Strike Bowler
SB Styris,8.403216689362168,0.35650557620817847,0.027137546468401486,269.0,0.0,0.4804558373758036,0.0,2,Strike Bowler
SC Ganguly,8.319086930174615,0.2627177700348432,0.03588850174216028,287.0,0.0,0.2997767544652619,0.5454805451543364,2,Strike Bowler
SJ Srivastava,9.05784143786617,0.34238603297769155,0.04623343032654381,309.3,0.0,0.43233182955533317,0.5560288600807258,2,Strike Bowler
SK Raina,7.641567973356446,0.3155808590371865,0.0281060824445085,1387.6000000000001,0.4930096960483987,0.46715327114219135,0.3941031128888348,0,Control Bowler
SK Trivedi,7.74818181973626,0.3045336787564767,0.042163212435233154,1544.0,0.5026623347236988,0.47570324182452417,0.4780330013514869,0,Control Bowler
SK Warne,7.412632473468959,0.3401360544217687,0.0510204081632653,1058.4,0.0,0.497187539953439,0.5929709293354443,2,Strike Bowler
SL Malinga,7.702230253750084,0.3614150255288111,0.06181619256017506,3290.4,0.7463576339001908,0.5261302643886824,0.6200732750777668,0,Control Bowler
SM Curran,10.531364695681841,0.2756537636117956,0.06112391701772515,1258.1,0.4067738905850874,0.3231348706375239,0.43384376886748566,1,Death Specialist
SM Pollock,9.330892141765819,0.402906976744186,0.030813953488372098,172.0,0.0,0.31603083895686723,0.0,3,Balanced Support Bowler
SN Thakur,9.491698397996329,0.30354837043541144,0.06864314859769641,1936.1,0.5359105130422622,0.44952218338967453,0.611216324929586,0,Control Bowler
SP Narine,7.210599274122042,0.37814130588069383,0.0456071076011846,3545.5,0.7147468020951412,0.6041149884085364,0.6621358513597422,0,Control Bowler
SR Watson,8.643429829302075,0.32937434776126817,0.044128609054315954,2012.3,0.45638319264816946,0.5057878065977021,0.5003677296990644,0,Control Bowler
ST Jayasuriya,10.455415293531559,0.15966171194259357,0.010763710917478218,390.2,0.0,0.22442380474768076,0.4447197126586718,3,Balanced Support Bowler
STR Binny,8.995874454581202,0.2193100358422939,0.0456989247311828,446.4,0.0,0.3312090995434905,0.4814322537812241,3,Balanced Support Bowler
SW Tait,7.88479945304345,0.3532064834390416,0.02959830866807611,709.5,0.555944200477851,0.35575744984604324,0.5082266591181481,0,Control Bowler
Sandeep Sharma,8.943058556385981,0.33550894690525085,0.04642123789967732,2727.2,0.3984467169049867,0.3672512841459648,0.5224835432657885,0,Control Bowler
Shahbaz Ahmed,9.97508673647571,0.2483574244415243,0.06000876040297854,684.9,0.0,0.30544913218054653,0.4624950052027343,1,Death Specialist
Shakib Al Hasan,9.277580773162267,0.2745529170331281,0.049545587804162995,1364.4,0.16662409753504664,0.4028652159414745,0.484255612859808,1,Death Specialist
Shivam Mavi,9.050455258787553,0.3850961538461538,0.06514423076923077,416.0,0.0,0.4876455009744858,0.44485645619952485,2,Strike Bowler
Simarjeet Singh,8.544504461949238,0.4775880469583778,0.04215581643543223,187.4,0.0,0.0,0.6305387967265492,2,Strike Bowler
Sohail Tanvir,6.897777887411207,0.40021008403361347,0.09506302521008404,190.4,0.0,0.34909856354310775,0.0,2,Strike Bowler
Suyash Sharma,9.111574635042057,0.325134168157424,0.03488372093023256,223.6,0.0,0.37623982376102066,0.525201916440931,2,Strike Bowler
Swapnil Singh,9.890254880071616,0.16145833333333334,0.01770833333333333,192.0,0.0,0.1835994743313971,0.3456063709461817,3,Balanced Support Bowler
T Natarajan,9.83073107102115,0.29814514061030856,0.05085904778186169,1169.9,0.42632504650619557,0.3592097362697273,0.5198379639091183,1,Death Specialist
TA Boult,9.032788788412565,0.3407471558477345,0.05141125063968822,2540.3,0.4076225126662914,0.3749297212164656,0.4529828051926922,0,Control Bowler
TG Southee,9.409287389926918,0.31594107480865774,0.043864702493621927,1215.1,0.3108376831335832,0.3742587640046663,0.45740625184641215,1,Death Specialist
TK Curran,11.647658541264876,0.17227259432582628,0.06259140099444283,341.9,0.0,0.23093937736183184,0.35096504038729154,3,Balanced Support Bowler
TU Deshpande,10.015584980270967,0.29741186970102634,0.06091030789825971,896.4,0.4359700287883676,0.4063296808792143,0.42140080621321113,1,Death Specialist
UT Yadav,8.941923799521883,0.3591502544810799,0.05204691303385704,2259.5,0.558765705814716,0.4844564584092159,0.5308667798302552,0,Control Bowler
Umran Malik,9.523430407853844,0.37177650429799425,0.05563514804202483,418.8,0.0,0.4475959263109551,0.4044151195669832,2,Strike Bowler
V Pratap Singh,8.781660086901917,0.3335561497326203,0.054144385026737976,299.2,0.0,0.4319478074689864,0.5584850493881622,2,Strike Bowler
VG Arora,10.160928879135371,0.30258620689655175,0.052155172413793104,464.0,0.0,0.21203369694568536,0.39130484492523687,3,Balanced Support Bowler
VR Aaron,9.812942894790412,0.2894393741851369,0.03200189640867607,843.7,0.14808083741506134,0.3681729738390252,0.4577304008169425,3,Balanced Support Bowler
VRV Singh,9.47596725128252,0.2801448064605959,0.061821219715956555,359.1,0.0,0.3146354707277424,0.44028428198034986,1,Death Specialist
VY Mahesh,10.25265876197772,0.247465921006641,0.040545263893743445,286.1,0.0,0.2130283876347749,0.1972496854976467,3,Balanced Support Bowler
Vijaykumar Vyshak,9.832759474647258,0.27099961991638155,0.06651463321930824,263.1,0.0,0.32298892321312345,0.6446838408485902,1,Death Specialist
WD Parnell,8.82899436010755,0.3683743623863384,0.059325792858726994,901.8,0.5618096662593665,0.45274032098694805,0.5098504048813735,0,Control Bowler
WPUJC Vaas,7.729929311105838,0.38409912235415594,0.06350025813113062,387.4,0.0,0.3713063250342934,0.47071812737668794,2,Strike Bowler
Washington Sundar,8.661904717508945,0.2949725058915946,0.031618224666142974,1018.4,0.0,0.3626361793011718,0.4651579077741545,2,Strike Bowler
YA Abdulla,8.789705753471608,0.3891341256366723,0.05500848896434635,294.5,0.0,0.47162899189097246,0.44988006933818925,2,Strike Bowler
YK Pathan,8.3425358264103,0.31270666036844597,0.025980160604629193,846.8,0.0,0.39340557771774154,0.3276482068323516,2,Strike Bowler
YS Chahal,8.009337638450907,0.31862831746673065,0.055099618696497564,3960.1,0.5285031716525908,0.6122705411232332,0.6358100881362321,0,Control Bowler
Yash Dayal,10.885569979704949,0.3115886415963162,0.05280122793553338,651.5,0.0,0.3218610583843642,0.4706097679642038,1,Death Specialist
Yash Thakur,10.728341281442267,0.28547544409613373,0.08317659352142111,478.5,0.5390915716724285,0.27671479003553134,0.4603613502061395,1,Death Specialist
Yuvraj Singh,8.316796923871285,0.30434289601995695,0.04898514570813018,881.9,0.0,0.43902451791023356,0.4430777872908432,2,Strike Bowler
Z Khan,8.192769971514434,0.35357022970316015,0.05289406799980818,2085.3,0.5255764307427517,0.4228864643035613,0.4967686311486526,0,Control Bowler
