bowler,pressure_balls,pressure_exposure,total_runs_conceded,weighted_runs_conceded,wickets,weighted_wickets,dot_balls,weighted_dot_balls,pressure_avg_score_per_ball,pressure_economy_raw,pressure_dot_rate_raw,pressure_wicket_rate_raw,reliability_raw,pressure_economy_reliable,pressure_exposure_norm,pressure_dot_rate_raw_norm,pressure_wicket_rate_raw_norm,reliability_raw_norm,pressure_economy_norm_temp,pressure_economy_norm,bowler_clutch_index
A Ashish Reddy,172,380.3,252,598.6,12,28.9,53,111.5,2.211046511627907,9.44412306074152,0.29318958716802523,0.07599263739153299,172,9.491218684047936,0.04530061976870489,0.42646705154954745,0.5052485137323665,0.02859444220700766,0.5460012546910249,0.4539987453089751,0.3548972111005306
A Chandila,114,200.8,103,210.1,8,7.3999999999999995,52,82.3,1.76140350877193,6.2778884462151385,0.40986055776892427,0.03685258964143426,114,7.306955269997722,0.007070900687921967,0.7893477710706688,0.20207855491023174,0.005235602094240843,0.08614477129115694,0.9138552287088431,0.5197187905568876
A Kumble,393,842.3000000000001,425,1046.1000000000001,19,30.2,159,319.8,2.1432569974554707,7.4517392852902775,0.3796747002255728,0.03585420871423483,393,7.700214267562482,0.14369688837773947,0.6954609571676306,0.19434532201996035,0.1175996778091019,0.1689382194266804,0.8310617805733196,0.5021473800757511
A Mishra,1833,3681.3,2224,5057.8,104,184.9,638,1180.7,2.0083469721767595,8.243500937168935,0.32072909026702523,0.050226822046559635,1833,8.280933934807095,0.7483440887696209,0.5121229319142065,0.3056723346988446,0.6975432944019332,0.29119806331843456,0.7088019366815654,0.5936456739167946
A Mithun,119,315.1,183,522.7,2,7.0,37,91.7,2.647899159663866,9.953030783878134,0.29101872421453506,0.022215169787369086,119,9.864331625399993,0.03141439311652079,0.4197150351183223,0.08870041079675041,0.00724929520741039,0.6245533212675489,0.3754466787324511,0.23852651522759158
A Nehra,968,1964.8,1233,2791.2,53,110.39999999999999,393,724.9,2.0297520661157025,8.523615635179153,0.36894340390879476,0.05618892508143322,968,8.579097560181259,0.38276574446787215,0.66208349824387,0.35185343654922213,0.3491743858236005,0.3539709300708356,0.6460290699291644,0.5212298616863669
A Nortje,602,1479.6,830,2143.3,34,88.10000000000001,232,529.2,2.4578073089700996,8.691403081914032,0.3576642335766424,0.059543119762097876,602,8.76516263301127,0.2794283645347475,0.6270019914675719,0.37783427003494424,0.2017720499395892,0.39314350858163527,0.6068564914183647,0.4754584839711019
A Singh,212,455.3,282,721.3,14,28.4,81,147.3,2.1476415094339623,9.505381067428068,0.32352295189984626,0.06237645508455963,212,9.533596059945998,0.06127403999744427,0.5208126557961533,0.3997806447180937,0.04470398711236408,0.5549230316758174,0.44507696832418264,0.35355710372716637
A Symonds,250,538.5,358,853.5,11,28.7,82,165.70000000000002,2.154,9.50974930362117,0.30770659238625814,0.05329619312906221,250,9.533662357721312,0.07899388750452581,0.47161916841077145,0.3294469890026276,0.060008054772452676,0.5549369894528955,0.4450630105471045,0.3338351737770905
A Zampa,147,335.8,225,530.4,8,13.0,42,97.4,2.2843537414965986,9.477069684335913,0.29005360333531865,0.03871351995235259,147,9.52177982237807,0.03582305709965285,0.4167132279226581,0.21649290027164098,0.01852597664115989,0.5524353402096451,0.44756465979035487,0.29051491279454794
AA Chavan,151,262.7,200,386.4,6,7.3,57,89.7,1.7397350993377483,8.825275980205557,0.3414541301865246,0.027788351732013706,151,9.031234101602687,0.020254296850041535,0.5765838458789861,0.13186901783203214,0.020136931131695533,0.4491599620425337,0.5508400379574663,0.33953642366799264
AB Agarkar,503,1148.8,686,1702.7,18,33.7,159,323.2,2.28389662027833,8.892931754874652,0.28133704735376047,0.0293349582172702,503,8.961674600566095,0.20897493237918768,0.3896021985891145,0.14384868192041012,0.16190092629883207,0.43451548861136313,0.5654845113886369,0.3521460875746892
AB Dinda,684,1433.2,843,2043.4,37,77.0,282,518.0,2.095321637426901,8.554563215182807,0.3614289701367569,0.0537259279933017,684,8.629404115253596,0.26954614188656745,0.6387114193115816,0.3327756180816658,0.23479661699556986,0.3645620498775033,0.6354379501224967,0.48061227300406545
AB McDonald,115,237.5,154,314.6,10,20.4,32,69.6,2.0652173913043477,7.947789473684212,0.29305263157894734,0.08589473684210526,115,8.464588914453243,0.014887227653185106,0.426041079755098,0.5819479368360367,0.005638340716874753,0.3298632410418254,0.6701367589581746,0.43894258717325335
AC Thomas,140,335.6,157,414.1,7,14.0,61,114.6,2.3971428571428572,7.403456495828367,0.3414779499404052,0.04171632896305125,140,7.9955015306688,0.03578046131237622,0.5766579322552502,0.2397519798194413,0.015706806282722516,0.23110552101282567,0.7688944789871743,0.439332799885578
AD Mascarenhas,120,287.3,145,380.8,4,10.200000000000001,46,107.8,2.3941666666666666,7.952662721893491,0.3752175426383571,0.03550295857988166,120,8.452828870813645,0.025493578685068054,0.6815978981398573,0.19162461791024576,0.007652033830044307,0.327387380173604,0.672612619826396,0.41464816033502383
AD Mathews,435,942.1,624,1444.2,17,36.6,116,224.70000000000002,2.1657471264367816,9.197749708098929,0.2385097123447617,0.038849379046810316,435,9.244706194709556,0.164952186228782,0.25639670571291295,0.21754523409441356,0.13451469995972615,0.4941025845342537,0.5058974154657463,0.31004678130476643
AD Russell,751,1547.4,1199,2795.5,51,105.3,259,468.3,2.0604527296937416,10.839472663823187,0.3026366808840636,0.0680496316401706,751,10.765424908791903,0.29386833642152793,0.4558502661350019,0.44372378739734447,0.2617801047120419,0.8142619369273627,0.1857380630726373,0.3151813937163257
AF Milne,118,278.9,201,490.6,2,6.5,31,70.4,2.363559322033898,10.554320544998209,0.25242022230190037,0.023305844388669776,118,10.286138129291007,0.023704555619449237,0.29966244556365607,0.09714852961550798,0.006846556584776481,0.7133569217430249,0.2866430782569751,0.18392761142716912
AG Murtaza,171,292.6,195,411.3,7,5.8,62,101.5,1.7111111111111112,8.43403964456596,0.34688995215311,0.019822282980177713,171,8.709874030008505,0.02662236704789897,0.5934908363348285,0.0701656507107613,0.028191703584373742,0.38150351022548534,0.6184964897745147,0.3560175942458203
AJ Tye,278,692.5,414,1164.6,12,36.6,73,160.7,2.491007194244604,10.090397111913356,0.23205776173285197,0.052851985559566786,278,10.023755422326262,0.11179264370753735,0.23632925904382263,0.3260062576215048,0.07128473620620218,0.6581170691897047,0.3418829308102953,0.25602349929341967
AM Nayar,159,314.1,190,444.0,7,10.9,56,95.60000000000001,1.9754716981132077,8.48137535816619,0.3043616682585164,0.0347023241006049,159,8.761722791193899,0.031201414180137596,0.46121547957569187,0.18542308428760718,0.023358840112766815,0.3924193131611502,0.6075806868388498,0.3489970493045545
AN Ahmed,142,293.4,198,481.0,3,3.7,46,76.8,2.0661971830985912,9.83640081799591,0.261758691206544,0.012610770279481938,142,9.788699466492291,0.02679275019700552,0.32870780532958044,0.01430690412786463,0.016512283527990335,0.6086303614251076,0.3913696385748924,0.2112524562750512
AR Patel,1483,2978.1,1759,3833.6,67,116.0,487,925.1,2.008159136884693,7.723582149692758,0.3106342970350223,0.038951009032604685,1483,7.786519053754377,0.5985773007049604,0.4807251830776341,0.21833243698198018,0.5565847764800644,0.18710810462619043,0.8128918953738096,0.5697687601465068
AS Joseph,184,408.2,299,791.0,9,17.2,66,115.2,2.2184782608695652,11.626653601175896,0.2822146006859383,0.042136207741303285,184,11.204981384732758,0.05124273209379593,0.3923316451940302,0.2430042658852557,0.033427305678614586,0.9068024675161122,0.09319753248388785,0.1707154589671488
AS Rajpoot,228,467.9,328,763.9,12,29.1,92,158.7,2.0521929824561402,9.795682838213294,0.33917503740115407,0.06219277623423809,228,9.77006139756738,0.06395757459587247,0.569495203129628,0.39835790988026165,0.051147805074506655,0.6047064588508839,0.3952935411491161,0.3466317787010001
Abhishek Sharma,160,285.4,239,440.4,5,9.600000000000001,39,68.9,1.78375,9.258584442887177,0.24141555711282414,0.03363700070077086,160,9.352547106062138,0.025088918705939982,0.26543472978025584,0.1771713301425416,0.023761578735400732,0.5168065047401411,0.4831934952598589,0.26377843100494114
Akash Madhwal,125,224.5,157,299.2,15,31.4,50,80.10000000000001,1.796,7.996436525612472,0.356792873051225,0.1398663697104677,125,8.469805412072342,0.01211850148020361,0.6242918062964257,1.0,0.009665726943213854,0.33096147866067294,0.6690385213393271,0.5618061916444016
Anand Rajan,111,235.1,163,416.1,8,18.6,33,59.4,2.118018018018018,10.619310931518504,0.2526584432156529,0.07911527009783072,111,10.319285060929532,0.014376078205865443,0.3004033820291905,0.5294357205295924,0.004027386226339108,0.720335398478358,0.27966460152164196,0.266409581397845
Ankit Sharma,192,351.3,214,416.4,6,9.8,76,137.0,1.8296875000000001,7.111870196413321,0.38998007401081697,0.02789638485624822,192,7.636944045960571,0.039124230613592326,0.727513672893428,0.13270581798196351,0.03664921465968586,0.15561783809234542,0.8443821619076546,0.4771112109007648
Anureet Singh,194,476.0,317,835.9,12,36.7,59,132.7,2.4536082474226806,10.53655462184874,0.27878151260504197,0.07710084033613446,194,10.355544992007198,0.06568270398057632,0.38165374077137304,0.5138324031345083,0.037454691904953694,0.7279692599835406,0.27203074001645944,0.28790586257451883
Arshdeep Singh,712,1587.0,1006,2361.9,38,96.0,243,511.9,2.228932584269663,8.9296786389414,0.3225582860743541,0.06049149338374291,712,8.977155606741965,0.3023023023023023,0.5178122639501862,0.3851801576449408,0.24607329842931935,0.43777472969635967,0.5622252703036403,0.44733000411357676
Avesh Khan,610,1332.3,858,2104.3,37,75.2,223,431.6,2.184098360655738,9.476694438189599,0.3239510620731067,0.05644374390152369,610,9.490068164707205,0.2480565672055034,0.5221442031974216,0.3538272055054375,0.20499395892066052,0.5457590340070595,0.4542409659929405,0.3918865008109926
Azhar Mahmood,311,708.6,383,992.1,16,40.9,114,250.9,2.2784565916398716,8.400508044030483,0.3540784645780412,0.05771944679650014,311,8.574014911647037,0.11522160458330673,0.615849204895666,0.3637085116450886,0.08457511075312123,0.3529008719147222,0.6470991280852778,0.4481369899008062
B Kumar,2003,4431.6,2490,6168.3,85,185.9,836,1593.8,2.2124812780828758,8.351340373679934,0.3596443722357613,0.04194873183500316,2003,8.383047320941065,0.9081421847379296,0.6331607997612873,0.24155211991047193,0.7660088602496979,0.31269615844449294,0.6873038415555071,0.6283211422144386
B Lee,354,740.5,434,1011.3,11,32.3,144,270.0,2.09180790960452,8.194193112761646,0.36461850101282917,0.043619176232275486,354,8.37476669140773,0.12201563265393055,0.6486317898483381,0.25449100446087314,0.1018928715263794,0.3109528242142703,0.6890471757857297,0.4502827024375752
BA Bhatt,186,375.6,234,486.3,12,19.4,62,115.4,2.0193548387096776,7.7683706070287535,0.30724174653887115,0.051650692225772094,186,8.167704721688343,0.044299618767703886,0.47017336235723983,0.316701311115942,0.034232782923882404,0.26735973529078483,0.7326402647092152,0.4238672484504055
BA Stokes,291,724.9,384,1008.0,17,39.2,98,230.2,2.49106529209622,8.34321975444889,0.3175610429024693,0.05407642433439096,291,8.535303020398027,0.11869316124635275,0.5022693813591194,0.3354904834792194,0.07652033830044302,0.34475079529803865,0.6552492047019614,0.42234520263035147
BAW Mendis,123,229.5,142,303.4,5,6.1,40,74.8,1.8658536585365855,7.932026143790848,0.3259259259259259,0.026579520697167753,123,8.42948322021604,0.013183396162119568,0.5282866053063294,0.12250568599868651,0.008860249697946035,0.32247238287179525,0.6775276171282048,0.3701566586499874
BB Sran,301,596.1,435,988.8,11,26.1,103,184.1,1.9803986710963455,9.952692501258177,0.3088407985237376,0.04378459989934575,301,9.910033687435362,0.09126147424019766,0.47514688003547145,0.25577233877743055,0.08054772452678212,0.63417504976262,0.36582495023738004,0.29596656993437126
BCJ Cutting,158,312.9,223,522.5,7,11.3,52,83.1,1.980379746835443,10.019175455417066,0.26558005752636626,0.03611377436880793,158,9.931207227725947,0.03094583945647776,0.3405933682296649,0.1963558588826388,0.022956101490132913,0.6386327491941637,0.3613672508058363,0.24080586927198838
BE Hendricks,106,238.7,162,375.6,5,12.9,36,76.4,2.2518867924528303,9.441139505655636,0.3200670297444491,0.0540427314620863,106,9.509116468016655,0.015142802376844934,0.5100637307473561,0.3352295061095846,0.002013693113169554,0.5497693038848921,0.4502306961151079,0.32911218067951964
BJ Hodge,118,269.3,150,356.90000000000003,8,20.400000000000002,38,91.60000000000001,2.2822033898305087,7.9517266988488675,0.3401411065725956,0.07575194949870034,118,8.458125784971829,0.021659957830170606,0.5724999597904693,0.5033841997431513,0.006846556584776481,0.32850254801553413,0.6714974519844659,0.45413458943429036
BW Hilfenhaus,222,473.8,280,667.2,11,26.8,98,185.3,2.1342342342342344,8.449134655972985,0.39109328830730267,0.056563951034191644,222,8.670475275871704,0.0652141503205333,0.7309760937750697,0.354758302771689,0.048731373338703185,0.37320882726227533,0.6267911727377247,0.4511790496495056
Basil Thampi,293,703.4,405,1110.0,17,40.0,91,176.8,2.400682593856655,9.468296843901053,0.25135058288313905,0.05686664771111743,293,9.495254684181075,0.11411411411411411,0.2963355552505891,0.35710292277995037,0.07732581554571084,0.546850960278862,0.45314903972113796,0.3141395581801944
Bipul Sharma,193,354.7,258,574.6,11,14.9,56,90.3,1.837823834196891,9.719763180152242,0.2545813363405695,0.042007330138144915,193,9.706072737368244,0.03984835899729518,0.30638414002870074,0.24200600911530784,0.03705195328231978,0.5912348234852203,0.4087651765147797,0.2624282907868009
C Green,217,435.2,275,615.2,12,22.1,73,139.4,2.005529953917051,8.481617647058824,0.3203125,0.05078125000000001,217,8.701020265254177,0.0569931633761421,0.5108272147785299,0.30996680824899336,0.04671768022553363,0.37963951291701736,0.6203604870829826,0.3945057176135233
C Sakariya,154,344.6,210,506.2,3,8.3,47,91.3,2.237662337662338,8.81369704004643,0.26494486360998254,0.0240858966918166,154,9.019464341069858,0.03769727173982494,0.3386177300376999,0.10319063835625515,0.02134514699959726,0.4466820554611801,0.5533179445388199,0.2898120597283114
CH Gayle,282,601.7,356,871.8,10,16.8,92,196.5,2.1336879432624114,8.693368788432773,0.3265747050024929,0.02792089080937344,282,8.8379258426179,0.09245415628394353,0.5303044973055332,0.13289563555314549,0.07289569069673782,0.4084624639216172,0.5915375360783828,0.360835856711435
CH Morris,782,1793.6,1047,2669.5,40,83.7,270,524.4,2.2936061381074166,8.930084745762713,0.2923728813559322,0.04666592328278323,782,8.973542851679738,0.3463037505590697,0.42392685846464384,0.27809041812897634,0.27426500201369314,0.43701413057282257,0.5629858694271774,0.4168205724034659
CJ Anderson,144,321.0,245,627.1,5,12.1,30,50.1,2.2291666666666665,11.721495327102804,0.1560747663551402,0.037694704049844235,144,11.18843664182425,0.03267096884118162,0.0,0.20860138268375011,0.01731776077325816,0.9033192762289615,0.09668072377103853,0.08219095126011658
CJ Jordan,310,812.4,497,1468.6,13,28.400000000000002,86,206.5,2.6206451612903225,10.846381093057605,0.2541851304775973,0.03495814869522403,310,10.680665334052662,0.13732881817988202,0.30515182433017396,0.18740464374587779,0.08417237213048732,0.7964173675758202,0.20358263242417984,0.19878177490370436
CR Brathwaite,155,428.7,218,623.4,10,31.5,44,128.2,2.765806451612903,8.724982505248425,0.2990436202472591,0.0734779566130161,155,8.951383754754179,0.05560880028965136,0.444674800443311,0.4857703650867287,0.021747885622231178,0.4323489403206042,0.5676510596793958,0.39528301259946724
CR Woakes,154,318.0,190,394.5,15,29.1,65,133.9,2.064935064935065,7.443396226415094,0.4210691823899371,0.09150943396226416,154,7.985021569995221,0.03203203203203203,0.8242098601264699,0.6254381110326954,0.02134514699959726,0.22889915806661643,0.7711008419333836,0.5667542084132818
CRD Fernando,148,293.7,185,405.09999999999997,10,21.099999999999998,55,94.1,1.9844594594594593,8.27579162410623,0.32039496084439906,0.07184201566224038,148,8.623628998882943,0.026856643877920472,0.5110836920358437,0.47309873643035166,0.018928715263793798,0.36334620535602724,0.6366537946439728,0.42558668192669696
CV Varun,844,1608.2,1056,2252.3,50,70.2,315,540.7,1.9054502369668247,8.403059320979978,0.33621440119388135,0.04365128715333914,844,8.472979248678078,0.306817455753626,0.5602867617186921,0.25473972839393433,0.2992347966169956,0.3316296715768805,0.6683703284231195,0.47288101099536056
D Wiese,109,309.1,156,485.3,3,10.5,30,66.8,2.8357798165137615,9.420252345519248,0.2161112908443869,0.03396958912973148,109,9.493515013035841,0.03013651949822163,0.1867310873647381,0.17974748490240527,0.003221908981071289,0.54648470451961,0.45351529548039005,0.23686873669440556
DE Bollinger,406,974.3,498,1285.3,30,77.8,160,353.3,2.3997536945812805,7.915221184440111,0.3626193164323104,0.07985220158062199,406,8.105792066433741,0.17181010798032076,0.6424137431885927,0.5351438251471193,0.12283527990334274,0.2543251645791247,0.7456748354208753,0.5345527502518311
DJ Bravo,1581,3647.3,2059,5365.6,98,239.2,495,1034.0,2.306957621758381,8.826693718641186,0.2834973816247635,0.06558275984975187,1581,8.852031974606263,0.7411028049325923,0.3963214677494731,0.42461595636208865,0.5960531614981877,0.4114322505365544,0.5885677494634456,0.5409569340242258
DJ Hooda,158,339.4,238,540.4,6,16.3,37,79.8,2.1481012658227847,9.553329404832057,0.23512080141426048,0.04802592810842664,158,9.577343400839258,0.03658978127063234,0.24585620510235406,0.288624707959708,0.022956101490132913,0.5641332295905304,0.43586677040946964,0.267233629595335
DJG Sammy,173,378.2,240,567.8,10,24.1,52,108.9,2.1861271676300578,9.00793231094659,0.28794288736118456,0.06372289793759917,173,9.152617359663052,0.04485336400230018,0.41014828612562293,0.41020988657591245,0.02899718082964156,0.4747149742430794,0.5252850257569206,0.35754911623853847
DL Chahar,751,1279.2,974,1889.7,38,60.8,305,458.9,1.703328894806924,8.863508442776734,0.35873983739837395,0.04752970606629143,751,8.912804272080434,0.2367473856835559,0.6303474328120583,0.2847810842359636,0.2617801047120419,0.4242267398938535,0.5757732601061465,0.4462364627704932
DL Vettori,365,757.3000000000001,422,1005.1,12,25.5,120,219.4,2.0747945205479454,7.963290637792156,0.289713455697874,0.03367225670143932,365,8.166897504109006,0.1255936787851682,0.41565526964234545,0.1774444151509998,0.1063229963753524,0.2671897904778171,0.7328102095221829,0.40457486174674356
DP Nannes,224,482.1,284,676.6,9,23.2,88,170.0,2.152232142857143,8.420659614187928,0.352623936942543,0.048122796100394105,224,8.645580784632104,0.0669818754925138,0.6113252000621202,0.289375025519959,0.049536850583971004,0.36796775005343996,0.63203224994656,0.41635229897998605
DR Sams,126,232.6,200,421.5,6,11.0,43,70.0,1.846031746031746,10.872742906276871,0.3009458297506449,0.0472914875322442,126,10.526289702284014,0.01384363086490746,0.45059122635211557,0.28293589734148455,0.01006846556584777,0.7639164179691391,0.23608358203086088,0.23241806963584222
DR Smith,241,541.8000000000001,405,1031.2,8,15.100000000000001,59,118.2,2.248132780082988,11.41971207087486,0.21816168327796231,0.027870062753783682,241,11.116192407188803,0.07969671799459035,0.19310840537078866,0.13250193292869944,0.056383407168747485,0.8881095815228781,0.11189041847712189,0.12187656254295358
DS Kulkarni,800,1559.0,1059,2306.1,39,74.2,321,560.4,1.94875,8.875304682488775,0.35946119307248237,0.047594611930724826,800,8.9210648557672,0.29633889208357295,0.632591059180322,0.28528383038418564,0.2815142972211035,0.42596585383981433,0.5740341461601857,0.4570891926036128
DT Christian,557,1188.4,742,1806.7,18,37.1,180,341.8,2.133572710951526,9.121676203298552,0.2876135981151127,0.03121844496802423,557,9.16546132891004,0.21740889825996212,0.4091241006068972,0.15843774436391966,0.18364881192106325,0.47741903570966926,0.5225809642903307,0.3473919224268798
DW Steyn,1284,2887.2,1444,3648.5,56,124.5,591,1190.8,2.2485981308411214,7.5820864505403165,0.41244111942366307,0.04312136325852037,1284,7.659715430213543,0.5792175153877283,0.797374069859624,0.25063505774057093,0.47643979057591623,0.16041193417863275,0.8395880658213672,0.6379842549232684
FH Edwards,102,234.6,130,356.9,5,9.8,38,69.6,2.3,9.127877237851662,0.2966751918158568,0.041773231031543054,102,9.300689866262962,0.014269588737673845,0.4373082978000653,0.24019273037426175,0.00040273862263391635,0.5058889167883043,0.4941110832116957,0.3106197969318734
G Coetzee,101,220.3,164,346.6,8,18.7,37,81.8,2.1811881188118813,9.439854743531548,0.3713118474807081,0.08488424875170221,101,9.510508016607861,0.011223989947394208,0.6694500479785174,0.5741209245974792,0.0,0.5500622688439332,0.44993773115606683,0.4078759989119319
GB Hogg,246,559.9,310,752.1,11,26.6,82,189.8,2.2760162601626015,8.059653509555279,0.3389891051973567,0.04750848365779604,246,8.328838326897634,0.08355163674312611,0.5689168997903428,0.28461670025895025,0.05839710028191704,0.30128345189586603,0.698716548104134,0.4336299673859661
GD McGrath,133,239.5,157,304.59999999999997,10,18.7,57,90.6,1.800751879699248,7.63089770354906,0.37828810020876824,0.07807933194154489,133,8.183446863295769,0.01531318552595149,0.6911482270240951,0.5214115778359325,0.012887635924285143,0.2706739536374403,0.7293260463625597,0.5013618186202227
GJ Maxwell,483,893.0,646,1309.0,23,35.7,145,243.5,1.8488612836438922,8.795072788353863,0.2726763717805151,0.039977603583426655,483,8.875575118547875,0.1544949204523673,0.3626649736104268,0.22628420622066076,0.15384615384615385,0.4163888264291533,0.5836111735708467,0.3606126001684843
HH Pandya,713,1360.5,991,2180.9,34,74.2,242,411.0,1.9081346423562413,9.618081587651599,0.30209481808158767,0.05453877251010658,713,9.620384735788585,0.2540625732115094,0.45416491490640176,0.3390717278938443,0.24647603705195326,0.5731947909403734,0.4268052090596266,0.3707861414178402
HV Patel,1174,2624.6,1605,3850.0,68,154.20000000000002,357,761.1,2.235604770017036,8.801341156747695,0.2899870456450507,0.058751809799588516,1174,8.836140440713148,0.5232892466935021,0.41650621410928435,0.3717049620105588,0.4321385420861861,0.4080865803921432,0.5919134196078568,0.48651917329936245
Harbhajan Singh,1767,3214.2,2070,4126.0,98,183.9,658,1106.4,1.8190152801358233,7.702072055254807,0.34422251260033604,0.05721485906290835,1767,7.755763733102007,0.6488616275850319,0.5851943219645067,0.3598000891671219,0.6709625453080951,0.18063313759150956,0.8193668624084904,0.6402027827378616
Harmeet Singh,284,736.8000000000001,396,1033.9,12,30.3,92,223.6,2.5943661971830987,8.419381107491857,0.3034744842562432,0.04112377850162866,284,8.604088670475413,0.12122761058931274,0.45845607878015193,0.23516221794340808,0.07370116794200564,0.3592323486443483,0.6407676513556517,0.3885465957017876
Harpreet Brar,350,721.2,445,1016.0,14,29.5,112,207.6,2.0605714285714285,8.452579034941763,0.2878535773710482,0.04090404880754298,350,8.602660109101794,0.11790513918173494,0.4098705060290472,0.2334602414222428,0.10028191703584376,0.3589315913248019,0.6410684086751981,0.380754055107422
Harshit Rana,216,430.5,332,780.9,17,41.7,76,135.6,1.9930555555555556,10.883623693379791,0.31498257839721255,0.09686411149825784,216,10.652346237523066,0.05599216237514111,0.4942496053162172,0.6669142323307058,0.04631494160289973,0.7904553027170704,0.20954469728292957,0.31860373009497106
I Sharma,1277,2727.6,1684,3980.4,51,113.7,538,1059.8,2.135943617854346,8.755829300483942,0.38854670772840594,0.04168499780026397,1277,8.789642349758173,0.5452260771409708,0.7230554860349517,0.2395092957176559,0.47362062021747886,0.3982972626506016,0.6017027373493984,0.5322548880157044
I Udana,106,230.5,153,350.1,5,11.1,28,56.7,2.1745283018867925,9.113232104121476,0.24598698481561823,0.04815618221258134,106,9.286307592615238,0.013396375098502764,0.27965320216875866,0.28963362679509436,0.002013693113169554,0.5028609936264758,0.49713900637352415,0.2900668435995964
IC Pandey,248,430.6,300,582.6,15,21.7,117,184.1,1.7362903225806452,8.117974918718067,0.4275429633070134,0.050394797956339984,248,8.375567655212018,0.05601346026877943,0.8443452054065465,0.30697343811027544,0.05920257752718486,0.31112145240993616,0.6888785475900638,0.4856934971529221
IK Pathan,847,1903.0,1093,2690.2,39,93.8,349,694.8,2.2467532467532467,8.481975827640568,0.3651077246452969,0.049290593799264315,847,8.547262996011886,0.3696036461993909,0.6501534179177909,0.2984205224120309,0.3004430124848973,0.34726874816579234,0.6527312518342077,0.5036555743863353
Imran Tahir,631,1359.9,774,1923.4,38,73.2,218,414.0,2.155150554675119,8.486212221486873,0.3044341495698213,0.05382748731524377,631,8.571896172054798,0.2539347858496795,0.4614409175767874,0.3335622736230123,0.2134514699959726,0.35245481026672665,0.6475451897332734,0.4450768195236548
Iqbal Abdulla,517,1082.3,647,1519.4,27,49.1,167,317.6,2.0934235976789166,8.42317287258616,0.2934491360990484,0.04536634944100527,517,8.531643309591086,0.19481183310970546,0.4272743243643319,0.2680242130335277,0.16753926701570682,0.3439803105061794,0.6560196894938206,0.41464230047043565
J Botha,421,827.6,474,994.8,19,43.3,157,301.6,1.9657957244655582,7.212179797003383,0.36442725954567423,0.05231996133397776,421,7.471314386304724,0.14056609801290654,0.6480369731527537,0.32188531828095956,0.1288763592428514,0.1207475599262049,0.8792524400737951,0.5356953629387919
J Suchith,180,368.1,287,650.1,6,11.5,47,92.9,2.045,10.596577017114914,0.2523770714479761,0.031241510459114368,180,10.39150106300776,0.042702276744829945,0.2995282338326716,0.158616404441921,0.031816351188078934,0.7355391493388426,0.26446085066115743,0.193777202016856
J Theron,118,293.4,157,416.0,7,14.8,35,71.5,2.4864406779661015,8.507157464212678,0.24369461486025906,0.05044308111792775,118,8.848249774929744,0.02679275019700552,0.2725232635514234,0.3073474285612791,0.006846556584776481,0.4106359779663269,0.5893640220336731,0.3269551143223546
J Yadav,157,333.5,163,381.8,3,6.5,65,134.7,2.124203821656051,6.86896551724138,0.4038980509745127,0.019490254872563718,157,7.541492597188393,0.03533320554597151,0.7708026373106435,0.06759383607333862,0.022553362867498997,0.13552229133482085,0.8644777086651791,0.4778018098282547
JA Morkel,1050,2221.4,1411,3291.8,52,113.9,375,700.1,2.1156190476190475,8.891149725398396,0.31516160979562435,0.05127397136940668,1050,8.925789630072197,0.43741613954379915,0.4948064451396792,0.31378331655341746,0.38219895287958117,0.42696056815988115,0.5730394318401189,0.46611406970218894
JC Archer,334,789.9,429,1243.7,7,14.0,142,282.1,2.3649700598802395,9.447018609950627,0.35713381440688696,0.01772376250158248,334,9.473868742538047,0.13253679211126018,0.6253522332717044,0.053910985638680034,0.09383809907370118,0.5423485436495774,0.4576514563504226,0.32529498222878395
JD Ryder,143,282.3,193,475.40000000000003,7,10.6,46,72.2,1.9741258741258743,10.104144527098832,0.2557562876372653,0.0375487070492384,143,9.987326677648879,0.024428684003152096,0.3100385809727617,0.2074705229325196,0.01691502215062425,0.650447667086343,0.34955233291365695,0.23120094211637143
JD Unadkat,1031,2356.2,1545,3927.8,44,110.60000000000001,327,682.1,2.2853540252182345,10.002037178507768,0.2894915541974366,0.04693998811645871,1031,9.985903526783172,0.46612570016825333,0.4149650913081222,0.2802132623541672,0.37454691904953685,0.6501480488497136,0.34985195115028644,0.3688574005652498
JDP Oram,152,328.0,250,601.5,8,18.5,41,68.9,2.1578947368421053,11.003048780487804,0.21006097560975612,0.056402439024390245,152,10.66893463388736,0.03416182139586396,0.16791284376597004,0.35350726726776205,0.020539669754329443,0.7939476844363538,0.20605231556364623,0.18358057283883514
JH Kallis,649,1500.3,779,1938.9,31,74.5,236,502.4,2.3117103235747303,7.754049190161968,0.3348663600613211,0.04965673531960275,649,7.889898863842944,0.28383702851787956,0.5560939609422172,0.30125657183007987,0.220700765203383,0.2088728220206566,0.7911271779793434,0.5130102496452499
JJ Bumrah,1540,3602.3,1851,4901.2,83,177.4,604,1207.0,2.339155844155844,8.163451128445715,0.3350637092968381,0.04924631485439858,1540,8.210299446048742,0.7315187527953487,0.55670777457737,0.2980775477182507,0.5795408779701974,0.2763272709963063,0.7236727290036937,0.591924420326739
JL Pattinson,159,252.5,198,380.0,11,14.3,58,70.2,1.5880503144654088,9.02970297029703,0.27801980198019804,0.056633663366336635,159,9.178871548747985,0.01808191169893298,0.37928459874584064,0.3552982787318803,0.023358840112766815,0.4802423108222904,0.5197576891777096,0.33387993747385913
JO Holder,496,999.8,754,1646.9,21,49.4,156,290.8,2.015725806451613,9.883376675335068,0.29085817163432687,0.04940988197639528,496,9.86230075526977,0.17724107085809215,0.4192156698046813,0.2993445016565036,0.1590817559403947,0.6241257589184663,0.37587424108153367,0.31776235489352705
JP Behrendorff,173,291.7,244,470.3,8,12.700000000000001,68,103.2,1.6861271676300578,9.673637298594446,0.35378813849845736,0.04353788138498458,173,9.669061139318117,0.026430686005154094,0.614946206179597,0.2538613129576078,0.02899718082964156,0.5834427123255221,0.41655728767447786,0.32642087549724547
JP Duminy,318,662.1,388,904.3000000000001,11,24.7,108,208.2,2.082075471698113,8.194834617127324,0.3144540099682827,0.03730554296933997,318,8.39298584146084,0.1053180840414883,0.4926056034636712,0.20558702895825276,0.0873942811115586,0.31478853112583827,0.6852114688741617,0.40399968130772046
JP Faulkner,485,1209.5,667,1790.5,31,79.4,156,359.6,2.4938144329896907,8.882182720132285,0.29731293923108726,0.06564696155436131,485,8.95424299191637,0.22190275381764746,0.4392918781175996,0.42511324824755164,0.15465163109142166,0.432950900110872,0.567049099889128,0.4200987864160143
JR Hazlewood,399,958.3,507,1395.4,23,53.7,172,377.8,2.401754385964912,8.736721277261818,0.39423979964520506,0.056036731712407396,399,8.838782118125982,0.16840244499818968,0.7407626610111065,0.35067458112944444,0.12001610954490537,0.40864273697908615,0.5913572630209138,0.46252446818964904
JR Hopes,146,319.7,227,520.7,6,14.1,43,82.9,2.1897260273972603,9.7722865186112,0.25930559899906164,0.04410384735689709,146,9.741914352695591,0.032394096223883465,0.32107797366950175,0.25824515738965786,0.01812323801852598,0.5987806163038816,0.4012193836961184,0.2629628487409085
Joginder Sharma,159,403.90000000000003,256,715.8,9,18.6,42,103.0,2.5402515723270445,10.63332508046546,0.2550136172319881,0.0460510027234464,159,10.39885200576607,0.050326922667348215,0.3077286595788965,0.27332738253322747,0.023358840112766815,0.7370867551197049,0.2629132448802951,0.218115766541907
K Gowtham,277,508.7,370,714.8,12,24.6,101,182.4,1.8364620938628158,8.430902299980342,0.35856103793984667,0.048358561037939854,277,8.617802197265002,0.0726471152003067,0.6297913143892305,0.29120120741078886,0.07088199758356827,0.36211947945645884,0.6378805205435412,0.4254419535886461
K Rabada,900,1975.0,1163,2845.4,62,139.2,358,724.6,2.1944444444444446,8.644253164556963,0.3668860759493671,0.07048101265822784,900,8.697357083697229,0.3849381296189807,0.6556846087312266,0.4625567149356988,0.3217881594844946,0.37886829742258654,0.6211317025774135,0.5309638960267764
KA Pollard,868,1751.8,1171,2711.6,46,91.9,235,422.2,2.0182027649769583,9.28736157095559,0.24100924763100812,0.05246032652129239,868,9.307288916122607,0.3374012310182523,0.26417098888266777,0.32297255528000307,0.3089005235602094,0.507278225350045,0.49272177464995504,0.3713815669687772
KH Pandya,1109,2202.2,1388,3106.0,48,85.4,354,653.8,1.9857529305680792,8.462446644264826,0.2968849332485696,0.03877940241576606,1109,8.513817696204308,0.43332694396524185,0.43796065477990553,0.21700321093471658,0.40596053161498186,0.340227455500798,0.659772544499202,0.4675082584739295
KK Ahmed,612,1319.6,880,2079.4,37,80.4,237,442.0,2.1562091503267973,9.45468323734465,0.3349499848438921,0.0609275538041831,612,9.469679037259858,0.24535173471343685,0.5563540583864474,0.3885577830518613,0.20579943616592833,0.541466478270779,0.458533521729221,0.4068518047164974
KK Cooper,284,716.6,349,944.5,22,58.699999999999996,91,214.8,2.5232394366197184,7.908177504884176,0.2997488138431482,0.08191459670667038,284,8.169412553288044,0.11692543607437227,0.4468681580382632,0.5511186714076859,0.07370116794200564,0.26771928781939724,0.7322807121806028,0.4808045473577572
KL Nagarkoti,103,195.6,144,316.70000000000005,4,6.3,38,60.0,1.899029126213592,9.714723926380369,0.3067484662576687,0.032208588957055216,103,9.694627096916854,0.00596341021872937,0.4686391169280093,0.16610717579382256,0.0008054772452678258,0.5888251544249876,0.4111748455750124,0.27183551375295684
KP Appanna,110,170.4,137,221.6,7,10.0,40,59.2,1.549090909090909,7.80281690140845,0.3474178403755869,0.05868544600938967,110,8.38107025353769,0.0005963410218729412,0.5951327225470756,0.37119092309905,0.0036246476037051986,0.3122799232698741,0.6877200767301259,0.43441867189842065
KR Sen,155,316.0,217,525.2,10,21.0,53,99.5,2.0387096774193547,9.972151898734179,0.314873417721519,0.06645569620253164,155,9.894365491292188,0.031606074159265654,0.49391008380255297,0.4313775239466842,0.021747885622231178,0.6308763992732727,0.36912360072672734,0.321166481490315
KV Sharma,836,1666.3,1145,2521.1,51,97.8,275,505.2,1.9931818181818182,9.077957150573127,0.30318670107423634,0.05869291244073696,836,9.110421624481077,0.3191915319574894,0.4575609892166139,0.3712487563878226,0.29601288763592426,0.4658314383698694,0.5341685616301306,0.4302009642486488
KW Richardson,130,299.3,174,449.7,10,21.8,52,102.8,2.3023076923076924,9.015035081857668,0.3434680922151687,0.07283661877714667,130,9.192310789181098,0.028049325921666354,0.5828478547089339,0.4808027072409072,0.011679420056383408,0.4830716956874048,0.5169283043125952,0.3990303597932648
Kartik Tyagi,167,375.2,272,621.5,4,13.0,52,111.0,2.246706586826347,9.93869936034115,0.2958422174840085,0.03464818763326226,167,9.872922463539505,0.04421442719315061,0.4347175048776535,0.1850037554538808,0.026580749093838105,0.6263619642136706,0.37363803578632937,0.2640078035798785
Kuldeep Yadav,760,1376.4,962,1848.9,39,71.2,245,434.0,1.8110526315789475,8.059721011333915,0.3153153153153153,0.05172914850334205,760,8.158085617314661,0.25744893830000215,0.4952845140997003,0.3173090157000572,0.26540475231574706,0.26533460980349943,0.7346653901965006,0.48480940850530174
L Balaji,824,1738.3,1113,2693.3,49,100.9,286,519.6,2.109587378640777,9.296323994707475,0.29891273082897085,0.05804521659092217,824,9.31674182271174,0.3345260153770792,0.444267696207857,0.3662318508037684,0.2911800241643174,0.5092683609509179,0.4907316390490821,0.4131528877924974
LE Plunkett,111,224.20000000000002,157,357.8,1,2.8,27,48.7,2.01981981981982,9.575379125780554,0.21721677074041035,0.012488849241748437,111,9.599555679333804,0.012054607799288658,0.1901694520069367,0.013362531340554373,0.004027386226339108,0.5688096162438507,0.43119038375614926,0.19383396077667767
LH Ferguson,558,1242.3,757,1982.8,35,62.8,214,387.0,2.226344086021505,9.576430813813088,0.31151895677372615,0.05055139660307494,558,9.582746341313822,0.2288884629310161,0.4834767326778372,0.3081864158149876,0.18405155054369715,0.5652707193230737,0.4347292806769263,0.3632263024295113
LR Shukla,135,320.6,202,494.40000000000003,8,19.3,42,93.5,2.374814814814815,9.252651278852152,0.29164067373674357,0.060199625701809104,135,9.360915157060223,0.03258577726662834,0.4216494793846418,0.3829194165830405,0.013693113169552962,0.518568243951693,0.481431756048307,0.33567207171739344
LS Livingstone,127,245.9,190,384.9,6,10.2,36,68.3,1.9362204724409449,9.391622610817404,0.27775518503456686,0.0414802765351769,127,9.465522333248085,0.016676250718803916,0.37846156292867417,0.2379235710935385,0.01047120418848168,0.5405913607015826,0.45940863929841735,0.2876186085855574
M Ashwin,536,1200.7,702,1643.8,23,52.1,171,370.40000000000003,2.2401119402985077,8.214208378445907,0.30848671608228534,0.04339135504289165,536,8.336991590884141,0.2200285391774754,0.47404558045373124,0.2527263530469225,0.17519130084575113,0.3029999716530294,0.6970000283469706,0.4398278075827669
M Jansen,163,364.6,280,734.2,6,10.2,45,79.2,2.23680981595092,12.082281952825014,0.2172243554580362,0.02797586396050466,163,11.51208140714356,0.041956850467488774,0.19019304268913684,0.13332144515029226,0.024969794603302467,0.9714567282840425,0.028543271715957497,0.0834835496989245
M Kartik,721,1495.9,873,1923.1,22,43.0,220,430.4,2.0747572815533983,7.7134835216257756,0.2877197673641286,0.028745236981081623,721,7.83927756226107,0.28289992119779356,0.4094543179118142,0.13928083458324436,0.2496979460330246,0.19821543812600972,0.8017845618739903,0.45777640993787977
M Markande,396,683.1,576,1074.7,23,39.5,107,178.3,1.725,9.43961352657005,0.2610159566681306,0.05782462304201434,396,9.463561295813543,0.10979064170553533,0.3263976844629717,0.3645231830585012,0.11880789367700363,0.5401785003420385,0.4598214996579615,0.32747108400811176
M Morkel,621,1454.0,764,1995.8,27,68.2,262,529.8,2.3413848631239937,8.23576341127923,0.36437414030261345,0.0469050894085282,621,8.341386676327128,0.2739761037633378,0.647871756826507,0.2799429448544597,0.2094240837696335,0.30392527604766095,0.696074723952339,0.491227917660976
M Muralitharan,907,1793.2,1013,2262.1,45,82.9,357,669.5,1.9770672546857773,7.568927057773812,0.37335489627481594,0.046230202989069824,907,7.677824684234011,0.3462185589845165,0.6758045251256964,0.27471542726676595,0.32460732984293195,0.16422450450201032,0.8357754954979897,0.5670189307347596
M Pathirana,354,830.8000000000001,426,1063.7,25,60.9,117,259.9,2.346892655367232,7.681993259508907,0.3128310062590274,0.07330284063553201,354,7.925957909102113,0.14124763060933276,0.4875575889424354,0.48441395632550505,0.1018928715263794,0.21646439071194856,0.7835356092880514,0.5000082040484439
M Prasidh Krishna,716,1577.7,953,2401.4,29,69.5,299,566.1,2.203491620111732,9.132534702414908,0.35881346263548203,0.04405146732585409,716,9.166522491305711,0.30032159819393867,0.6305764287557715,0.2578394335143116,0.24768425291985502,0.47764244393252886,0.5223575560674711,0.43032498209870784
M Theekshana,315,579.0,401,762.3,15,25.400000000000002,94,163.1,1.838095238095238,7.899481865284974,0.28169257340241793,0.04386873920552677,315,8.139721010892787,0.08761953442804508,0.39070798820996755,0.2564240628160186,0.08618606524365686,0.2614682797290848,0.7385317202709152,0.40967404898859
MA Starc,392,827.2,564,1317.4,23,52.1,148,275.2,2.110204081632653,9.555609284332688,0.33268858800773693,0.06298355899419729,392,9.56665208341519,0.14048090643835326,0.5493204551962084,0.40448313431291394,0.117196939186468,0.561882369368307,0.43811763063169296,0.3768937185073168
MC Henriques,605,1111.4,818,1662.7,32,55.800000000000004,191,319.8,1.8370247933884298,8.976246175994241,0.2877451862515746,0.05020694619398956,605,9.027924149446743,0.20100952015845636,0.4095333780594955,0.3055183808395214,0.20298026580749096,0.44846311250100745,0.5515368874989925,0.38649771700896834
MF Maharoof,195,362.4,232,485.0,13,20.7,77,126.4,1.8584615384615384,8.02980132450331,0.34878587196467997,0.057119205298013245,195,8.361112815058148,0.04148829680744574,0.5993876994691062,0.3590591767351906,0.037857430527587596,0.3080782517050631,0.6919217482949369,0.44387097471796294
MG Johnson,645,1303.9,829,1883.3,40,95.4,276,500.6,2.0215503875968994,8.666155380013805,0.383925147634021,0.07316512002454176,645,8.737167771971231,0.24200796541222075,0.7086810872987198,0.48334720361663114,0.21908981071284733,0.38724970554106286,0.6127502944589371,0.511078437126816
MJ McClenaghan,641,1280.6,846,1793.0,35,76.6,246,466.5,1.9978159126365054,8.400749648602218,0.3642823676401687,0.05981571138528815,641,8.491377577662986,0.23704555619449236,0.6475863171013655,0.3799457031048654,0.21747885622231172,0.3355031013166323,0.6644968986833677,0.4953850376318299
MJ Santner,163,316.3,200,403.2,5,8.9,55,92.7,1.9404907975460124,7.6484350300347765,0.2930761934871957,0.028137843819159028,163,8.119043621158543,0.03166996784018061,0.42611436415630266,0.13457610450563595,0.024969794603302467,0.25711503567073835,0.7428849643292617,0.3793953058839866
MM Ali,478,868.5,558,1147.6,26,41.800000000000004,180,306.1,1.8169456066945606,7.928151986183073,0.35244674726540015,0.048128957973517565,478,8.091511421982215,0.14927693651097906,0.6107740885285301,0.2894227539957399,0.1518324607329843,0.2513186375751377,0.7486813624248623,0.4796526319035011
MM Patel,666,1302.8,849,1808.2,37,75.3,280,496.5,1.956156156156156,8.327602087810869,0.381102241326374,0.05779858765735339,666,8.420173703761368,0.24177368858219922,0.6999010260136912,0.36432151885650593,0.2275473217881595,0.32051243542614305,0.679487564573857,0.5096859420410352
MM Sharma,1212,2601.8,1662,3974.7,80,175.9,427,814.1,2.146699669966997,9.16603889614882,0.3128987623952648,0.06760704127911446,1212,9.18534114385378,0.5184333269439654,0.48776833027203237,0.4402955825470803,0.4474426097462747,0.4816043650668631,0.5183956349331369,0.48956051480664264
MP Stoinis,435,941.3,690,1713.8,28,70.7,124,248.9,2.1639080459770113,10.92404121958993,0.2644215446722618,0.07510889195793052,435,10.793029509139629,0.16478180307967544,0.3369900556326524,0.4984032214520617,0.13451469995972615,0.8200735777578181,0.17992642224218192,0.26822164365963047
MR Marsh,193,443.6,276,716.5,5,9.4,54,109.5,2.2984455958549224,9.691163210099187,0.24684400360685302,0.021190261496844002,193,9.68335753481582,0.05878218644176092,0.2823187803670427,0.08076170294900205,0.03705195328231978,0.586452555422549,0.41354744457745096,0.2298802255598129
MS Gony,514,1046.1,731,1688.8,22,40.9,201,368.6,2.035214007782101,9.68626326355033,0.35235637128381614,0.0390976006117962,514,9.683334572475124,0.1871019956126339,0.6104929928878945,0.21946790220447854,0.1663310511478051,0.5864477211240964,0.4135522788759036,0.3554338810817165
Mayank Dagar,107,241.2,148,347.0,2,6.6000000000000005,37,75.8,2.2542056074766355,8.631840796019901,0.3142620232172471,0.027363184079601994,107,8.957123226657517,0.01567524971780291,0.49200846871802284,0.12857576534299198,0.0024164317358034634,0.4335572805551491,0.5664427194448509,0.32496472924915154
Mohammad Nabi,221,462.5,304,723.4,7,8.8,73,119.4,2.0927601809954752,9.384648648648648,0.2581621621621622,0.01902702702702703,221,9.434201965913106,0.06280748833940324,0.31752155187954,0.06400577793520644,0.04832863471606927,0.5339974334816284,0.4660025665183716,0.25366035096689676
Mohammed Shami,1150,2483.0,1559,3857.2,53,119.2,465,862.6,2.159130434782609,9.320660491341119,0.34740233588401126,0.048006443817962145,1150,9.334517455377823,0.49313142930164205,0.5950844990598637,0.2884737870519075,0.4224728151429722,0.513010693434927,0.486989306565073,0.4633749104296733
Mohammed Siraj,1211,2643.4,1735,4108.1,57,134.0,449,860.2,2.182824112303881,9.324581977755921,0.32541423923734586,0.05069229023227661,1211,9.337613129638003,0.5272932506975061,0.526695110586049,0.3092777460053873,0.44703987112364074,0.5136624307070348,0.48633756929296523,0.46121069528781505
Mohsin Khan,258,481.8,317,698.4,18,30.8,119,187.6,1.8674418604651164,8.697384806973847,0.3893731838937318,0.0639269406392694,258,8.85255409613751,0.06691798181159885,0.7256260677657443,0.411790355201252,0.06322996375352397,0.41154217362079515,0.5884578263792049,0.44980421747321314
Mujeeb Ur Rahman,186,333.0,228,492.4,7,16.9,68,117.5,1.7903225806451613,8.872072072072072,0.35285285285285284,0.050750750750750744,186,9.037571130578415,0.03522671607777991,0.612037195255228,0.30973056796134624,0.034232782923882404,0.4504941069269084,0.5495058930730916,0.38538790092295216
Mukesh Choudhary,206,411.9,315,716.8,12,16.1,83,133.4,1.999514563106796,10.441369264384559,0.3238650157805293,0.039087157076960435,206,10.287435351071561,0.05203075415841374,0.5218765741513803,0.21938700894532026,0.04228755537656062,0.7136300279271774,0.28636997207282255,0.2605155755062461
Mukesh Kumar,193,437.1,345,842.1,15,40.1,59,129.3,2.2647668393782383,11.559368565545642,0.29581331503088537,0.09174102036147334,193,11.167158496137487,0.057397823355270175,0.43462760982551474,0.6272319269104963,0.03705195328231978,0.8988395540554162,0.10116044594458384,0.26009293225932906
Mustafizur Rahman,711,1757.3,986,2742.0,30,68.5,237,555.0,2.4715893108298173,9.362089569225517,0.31582541398736697,0.03898025379844079,711,9.381218219619505,0.33857261516835985,0.496871069625788,0.21855896032479527,0.24567055980668545,0.5228426803089117,0.4771573196910883,0.3854440161379201
NLTC Perera,349,868.8000000000001,523,1393.3,18,46.0,110,251.1,2.4893982808022925,9.622237569060772,0.28901933701657456,0.05294659300184162,349,9.626121035121079,0.14934083019189404,0.413496358259285,0.3267390654750327,0.09987917841320983,0.5744024632484848,0.42559753675151524,0.32939526497999894
NM Coulter-Nile,412,991.9,568,1436.2,15,38.2,164,363.7,2.40752427184466,8.687569311422523,0.3666700272204859,0.03851194676882751,412,8.792077787266624,0.17555853726066495,0.6550126342221928,0.21493155997540203,0.12525171163914622,0.39880999921935634,0.6011900007806437,0.42326429086575856
NT Ellis,241,517.4,314,732.1,13,23.6,76,147.8,2.146887966804979,8.489756474681098,0.28565906455353696,0.04561267877850793,241,8.689665607591909,0.07450003194684046,0.4030449316285315,0.26993222437741204,0.056383407168747485,0.37724899860945116,0.6227510013905488,0.36937162719678157
Navdeep Saini,428,983.0,563,1413.3,17,41.8,181,380.5,2.296728971962617,8.626449643947101,0.38708036622583925,0.04252288911495422,428,8.733853198787575,0.17366302472685452,0.7184947366319551,0.24599941236222306,0.13169552960128877,0.38655188312715283,0.6134481168728472,0.44682467737348913
Naveen-ul-Haq,230,479.2,356,856.9,9,21.5,74,148.0,2.083478260869565,10.729131886477461,0.3088480801335559,0.04486644407345576,230,10.537006126074703,0.06636423657700254,0.47516952796405676,0.2641520591040638,0.051953282319774474,0.7661725638750354,0.2338274361249646,0.24485388377588954
Noor Ahmad,251,548.8,346,761.1,13,25.8,86,178.8,2.186454183266932,8.321064139941692,0.3258017492711371,0.04701166180758018,251,8.5423537559351,0.08118757054927268,0.5279003797216325,0.28076843055745254,0.06041079339508659,0.3462351979706304,0.6537648020293696,0.40877065768799586
OC McCoy,129,369.4,212,619.0,6,19.6,28,78.8,2.863565891472868,10.054141851651327,0.21331889550622632,0.053059014618299954,129,9.942154638402915,0.042979149362128086,0.17804592408650155,0.3276098578933252,0.011276681433749498,0.6409375251400784,0.3590624748599216,0.23437756314463207
P Awana,337,781.1,516,1415.9,20,44.199999999999996,120,243.3,2.317804154302671,10.876200230444246,0.311483804890539,0.05658686467801817,337,10.718193434291504,0.13066257747108811,0.483367400076953,0.3549357866751249,0.09504631494160291,0.8043182187705538,0.19568178122944624,0.2652532788955453
P Kumar,1251,2706.0,1507,3732.7,46,106.9,535,1022.4,2.1630695443645083,8.27649667405765,0.3778270509977827,0.03950480413895048,1251,8.329407164225382,0.5406257321150939,0.6897142296162103,0.22262200864164505,0.4631494160289972,0.30140321013174654,0.6985967898682535,0.5543849255256236
P Negi,410,884.7,566,1344.5,22,51.2,125,241.1,2.1578048780487804,9.11834520176331,0.27252175878828977,0.057872725217587885,410,9.176484595943604,0.1527271952803868,0.3621840821463628,0.3648957716327665,0.12444623439387838,0.479739781816126,0.520260218183874,0.36286074985162764
PJ Cummins,704,1496.8,910,2174.1,41,76.5,285,538.9,2.1261363636363635,8.714991982896846,0.3600347407803314,0.051109032602886156,704,8.777209200756605,0.2830916022405384,0.6343749596984373,0.31250573816686383,0.24285138944824808,0.39567969182985263,0.6043203081701474,0.4676371267135173
PJ Sangwan,408,834.5,598,1359.7,20,29.8,139,267.6,2.045343137254902,9.776153385260635,0.32067106051527866,0.03571000599161175,408,9.76273354278917,0.14203565267395057,0.5119424424748973,0.19322836034022994,0.12364075714861057,0.60316371381954,0.39683628618045996,0.31359628434214
PP Chawla,1670,3541.5,2175,5135.3,87,159.0,573,1106.9,2.1206586826347307,8.70021177467175,0.3125511788790061,0.04489623041084286,1670,8.727915723902862,0.7185696334632506,0.4866872442415997,0.26438277733764304,0.6318968989126057,0.385301857007045,0.614698142992955,0.536333489274131
PP Ojha,1039,2151.2,1258,2845.8,57,110.1,362,700.2,2.0704523580365732,7.937337300111567,0.3254927482335441,0.051180736333209374,1039,8.016120143459153,0.42246501820969906,0.5269392964437872,0.313061139047013,0.37776882803060813,0.23544639066680828,0.7645536093331917,0.5367404858992928
PV Tambe,211,392.7,276,570.3,7,6.8999999999999995,48,77.5,1.8611374407582937,8.713521772345302,0.19735166793990325,0.01757066462948816,211,8.893542051248886,0.047941558579856464,0.12838319309024337,0.05272512414267623,0.044301248489730174,0.42017143361664844,0.5798285663833516,0.25078302031670846
PVD Chameera,157,274.09999999999997,214,441.59999999999997,9,19.5,73,121.3,1.7458598726114647,9.666545056548706,0.44253921926304274,0.07114191900766145,157,9.663328286421486,0.02268225672480991,0.8909879317284347,0.4676759460624051,0.022553362867498997,0.5822357656010861,0.41776423439891386,0.4236079323932592
PWH de Silva,356,693.1,530,1125.2,19,31.2,122,224.8,1.9469101123595507,9.740585774058577,0.3243399220891646,0.04501514932910114,356,9.729827381714172,0.11192043106936726,0.5233536711712742,0.26530389638639135,0.1026983487716472,0.5962359268975039,0.40376407310249607,0.3261068386349765
Pankaj Singh,137,290.9,182,438.8,6,10.8,52,105.1,2.1233576642335765,9.050532829150912,0.36129254039188724,0.03712616019250602,137,9.211681171148532,0.026260302856047538,0.6382870830458646,0.20419757053415027,0.014498590414820788,0.487149773302201,0.512850226697799,0.35338341453012184
R Ashwin,2584,4862.9,2889,5959.6,121,214.0,892,1556.3,1.8819272445820432,7.353143186164636,0.32003536984104136,0.04400666269098686,2584,7.396804622042719,1.0,0.5099652592212395,0.2574923869446583,1.0000000000000002,0.10506089963052911,0.8949391003694709,0.7167202143624944
R Bhatia,705,1442.5,954,2168.1,32,63.6,179,355.3,2.0460992907801416,9.018093587521664,0.24630849220103987,0.04409012131715771,705,9.060155444521687,0.2715268459949311,0.28065318383302584,0.2581388385898152,0.24325412807088198,0.4552488188005528,0.5447511811994472,0.3634757576107026
R Dhawan,429,756.3,584,1089.5,19,31.9,123,196.2,1.7629370629370629,8.643395477984928,0.2594208647362158,0.04217902948565384,429,8.748805932080657,0.12538069984878497,0.3214364837034819,0.24333595343337372,0.13209826822392268,0.38969990607399274,0.6103000939260073,0.35857645210118366
R McLaren,174,276.6,247,433.3,6,8.9,63,96.8,1.5896551724137933,9.399132321041215,0.3499638467100506,0.032176428054953,174,9.455850023536929,0.023214704065767908,0.6030515442196572,0.16585806471893927,0.029399919452275478,0.5385550338091778,0.4614449661908222,0.32170985750959974
R Rampaul,201,363.4,225,487.7,12,25.7,91,142.1,1.807960199004975,8.052283984589984,0.39102916895982387,0.07072096862960925,201,8.371197061010706,0.04170127574382894,0.7307766639183667,0.4644153596268679,0.040273862263391066,0.3102013041957352,0.6897986958042648,0.490750525828453
R Sathish,102,240.1,173,455.0,3,7.9,22,46.2,2.353921568627451,11.370262390670554,0.19241982507288632,0.03290295710120783,102,10.805448324075641,0.015440972887781401,0.113043724506664,0.1714855944154406,0.00040273862263391635,0.822688130804732,0.17731186919526798,0.12132143779819532
R Sharma,465,957.0,599,1326.8,20,37.4,152,301.40000000000003,2.0580645161290323,8.318495297805642,0.3149425287356322,0.03908045977011494,465,8.448080960952863,0.16812557238089154,0.4941250391971903,0.21933513312101033,0.14659685863874344,0.32638779508783355,0.6736122049121664,0.41833482790390647
R Tewatia,424,902.9,556,1208.2,15,29.0,122,252.3,2.1294811320754716,8.028796101450881,0.27943293830989036,0.03211872854136671,424,8.200149638030114,0.1566034119225609,0.38367986455582814,0.1654111373347495,0.1300845751107531,0.2741904156186046,0.7258095843813954,0.4003505242110634
R Vinay Kumar,1107,2411.9,1507,3576.1,59,136.4,376,730.9,2.1787714543812107,8.89613997263568,0.3030390978067084,0.0565529250798126,1107,8.92885767598859,0.4779886269247972,0.4571019000391746,0.3546728982224556,0.40515505436971405,0.42760648879241403,0.572393511207586,0.47490648805067215
RA Jadeja,1824,3574.7000000000003,2280,4975.2,84,141.9,600,1100.0,1.9598135964912282,8.35068677091784,0.3077181301927434,0.0396956387948639,1824,8.385439728690097,0.7256405341511726,0.47165505435135735,0.2241001707313927,0.693918646798228,0.31319983588891254,0.6868001641110875,0.5577690472579293
RD Chahar,972,1968.0,1252,2759.8,47,98.6,320,609.6,2.0246913580246915,8.414024390243902,0.3097560975609756,0.05010162601626016,972,8.474650771749682,0.3834472770642984,0.4779937267832036,0.30470259455971843,0.3507853403141361,0.33198158001277944,0.6680184199872206,0.4829413368551699
RE van der Merwe,211,517.1,230,608.5,13,32.300000000000004,78,186.70000000000002,2.4507109004739336,7.060529878166699,0.36105202088570876,0.06246374008895765,211,7.557215270897603,0.07443613826592552,0.6375389972880158,0.4004567346237089,0.044301248489730174,0.13883241107360922,0.8611675889263908,0.5246033480954434
RG Sharma,202,358.5,248,508.1,14,15.600000000000001,58,84.3,1.7747524752475248,8.50376569037657,0.23514644351464434,0.04351464435146444,202,8.731833535187175,0.04065767895555131,0.24593595950732217,0.2536813241507359,0.04067660088602497,0.3861266801067862,0.6138733198932138,0.3249454306261716
RJ Harris,310,700.6,354,856.0,13,27.599999999999998,142,306.8,2.2600000000000002,7.330859263488438,0.4379103625463888,0.039394804453325716,310,7.653410425256991,0.11351777309224119,0.8765908383705211,0.22176997595189896,0.08417237213048732,0.15908453136243006,0.8409154686375699,0.5394374800645184
RP Meredith,186,372.3,264,584.2,8,15.4,66,120.0,2.0016129032258063,9.414987912973409,0.32232070910556004,0.0413644910018802,186,9.46546242891591,0.04359678827763935,0.5170733303411349,0.23702672253612533,0.034232782923882404,0.5405787489463532,0.45942125105364684,0.32158024497826254
RP Singh,841,1820.1,1080,2570.0,34,79.2,330,629.3,2.1642092746730084,8.472061974616778,0.34575023350365364,0.043514092632272953,841,8.538345120161404,0.35194769237322426,0.5899459791913909,0.25367705065864327,0.29802658074909383,0.3453912534453205,0.6546087465546795,0.4804324791950376
RR Powar,211,420.7,272,567.3,7,14.2,78,150.4,1.9938388625592416,8.09080104587592,0.3574994057523176,0.03375326836225338,211,8.390116483106974,0.05390496879858582,0.6264893288988108,0.1780719131558547,0.044301248489730174,0.3141844405048375,0.6858155594951625,0.41346356440300086
RS Bopara,106,233.2,133,311.3,8,21.2,35,82.5,2.1999999999999997,8.00943396226415,0.3537735849056604,0.09090909090909091,106,8.536290906481414,0.013971418226737378,0.6149009402647033,0.6207879895031623,0.002013693113169554,0.3449587765412274,0.6550412234587726,0.4786992962094711
Rashid Khan,1363,2791.2000000000003,1598,3625.0,78,150.7,511,979.1,2.0478356566397653,7.792347377472054,0.35078102608197187,0.05399111493264545,1363,7.858195935531147,0.5587715374949419,0.6055932102136344,0.3348296961449918,0.5082561417639951,0.20219835362405036,0.7978016463759496,0.6019565023039484
Rasikh Salam,116,245.9,201,443.6,7,10.700000000000001,30,66.0,2.1198275862068967,10.823912159414396,0.2684017893452623,0.04351362342415616,116,10.47129633676609,0.016676250718803916,0.3493697765124014,0.2536734162786764,0.006041079339508662,0.752338576434677,0.24766142356532295,0.21039568234785005
Ravi Bishnoi,737,1351.1,934,1826.2,35,59.2,265,474.8,1.8332428765264586,8.109836429575902,0.35141736362963516,0.04381614980386352,737,8.207891778918095,0.25206057120950737,0.6075724054321626,0.2560167172031945,0.25614176399516714,0.2758203809697759,0.7241796190302241,0.48960395326859274
S Aravind,367,706.3,457,1046.1,25,36.6,146,245.5,1.9245231607629427,8.88659209967436,0.3475860116097976,0.05181934022370098,367,8.978514824919882,0.11473175302962536,0.5956557840949382,0.3180076203701868,0.10712847362062024,0.4380608880815844,0.5619391119184156,0.40733398038097635
S Badree,105,210.2,137,321.3,6,10.299999999999999,43,76.6,2.0019047619047616,9.171265461465271,0.3644148430066603,0.04900095147478591,105,9.326737128160996,0.009072902689923966,0.6479983540979183,0.29617701846574246,0.0016109544905356446,0.5113726886546355,0.4886273113453645,0.36137666433615184
S Gopal,430,831.1,557,1123.9,24,46.1,131,241.2,1.9327906976744187,8.113825051137049,0.29021778366020934,0.055468655998074844,430,8.274179486250066,0.14131152429024774,0.4172238765794807,0.34627439510970154,0.13250100684655658,0.2897760384194408,0.7102239615805592,0.43572487021922496
S Kaul,593,1652.3,803,2457.7,28,71.5,199,462.2,2.7863406408094433,8.924650487199662,0.27973128366519395,0.043273013375295044,593,8.981305008274493,0.3162098268481247,0.38460780555641083,0.2518097052512612,0.19814740233588402,0.4386483098628764,0.5613516901371236,0.3910028079703348
S Kaushik,122,336.2,152,435.90000000000003,3,6.4,45,114.4,2.7557377049180327,7.779298036882809,0.34027364663890547,0.01903628792385485,122,8.324045011109321,0.035908248674206125,0.5729121980223121,0.06407751074779451,0.008457511075312125,0.30027430742727335,0.6997256925727267,0.3785339225631378
S Lamichhane,115,167.6,154,241.1,6,8.0,40,54.8,1.457391304347826,8.631264916467781,0.3269689737470167,0.0477326968973747,115,8.940950586696337,0.0,0.5315307880011587,0.2863534053096044,0.005638340716874753,0.43015242869891157,0.5698475713010884,0.36358732268922106
S Nadeem,420,918.7,536,1304.5,14,24.1,142,275.4,2.1873809523809524,8.519647327745727,0.2997714161314901,0.02623272014803527,420,8.640240976732565,0.1599684791174153,0.44693845774190055,0.11981944736987125,0.1284736206202175,0.36684355172327643,0.6331564482767236,0.37179897184884164
S Randiv,135,299.40000000000003,160,384.3,6,12.0,43,98.0,2.217777777777778,7.701402805611221,0.3273213092852371,0.04008016032064128,135,8.228923027938462,0.028070623815304674,0.5326266542047547,0.22707858751515503,0.013693113169552962,0.280248123591752,0.719751876408248,0.40943410997611973
S Sreesanth,410,749.6,576,1277.2,15,22.4,166,250.2,1.8282926829268293,10.223052294557096,0.333778014941302,0.02988260405549626,410,10.16111483082502,0.12395374097501759,0.552708890446911,0.14809062273980245,0.12444623439387838,0.6870355659917908,0.31296443400820917,0.2807351391258564
S Tyagi,139,210.1,180,334.3,5,4.699999999999999,61,76.39999999999999,1.5115107913669064,9.546882436934792,0.3636363636363636,0.02237029985721085,139,9.575016085423476,0.009051604796285653,0.6455770563871795,0.08990201323694887,0.015304067660088606,0.5636432561395359,0.4363567438604641,0.3027088217614398
SB Jakati,725,1579.2,987,2395.8,34,61.300000000000004,216,422.8,2.1782068965517243,9.10258358662614,0.26773049645390073,0.03881712259371834,725,9.138109008664584,0.3006410665985134,0.3472818599880759,0.21729538290317124,0.2513089005235602,0.47166050781418134,0.5283394921858187,0.368061320885419
SB Styris,111,269.0,132,351.5,4,7.3,41,95.9,2.4234234234234235,7.840148698884759,0.35650557620817847,0.027137546468401486,111,8.403216689362168,0.02159606414925564,0.6233982293887862,0.1268280274318595,0.004027386226339108,0.31694244796015436,0.6830575520398456,0.3927575428230973
SC Ganguly,176,287.0,204,379.8,10,10.3,55,75.4,1.6306818181818181,7.94006968641115,0.2627177700348432,0.03588850174216028,176,8.319086930174615,0.025429685004153095,0.3316908199860815,0.1946109480593159,0.030205396697543296,0.29923047468787933,0.7007695253121207,0.357364679888699
SJ Srivastava,161,309.3,216,457.4,9,14.3,62,105.9,1.9211180124223604,8.8729388942774,0.34238603297769155,0.04623343032654381,161,9.05784143786617,0.03017911528549827,0.5794823351402026,0.27474042549301597,0.024164317358034634,0.45476164726422375,0.5452383527357763,0.36862127461279365
SK Raina,618,1387.6000000000001,713,1729.6,20,39.0,202,437.90000000000003,2.245307443365696,7.478812337849523,0.3155808590371865,0.0281060824445085,618,7.641567973356446,0.25983430238749394,0.49611043246106,0.1343300880800451,0.2082158679017318,0.15659132095072503,0.843408679049275,0.48107787392376455
SK Trivedi,779,1544.0,905,1962.4,37,65.1,261,470.2,1.982028241335045,7.625906735751295,0.3045336787564767,0.042163212435233154,779,7.74818181973626,0.2931442080378251,0.4617504823526768,0.2432134381376504,0.2730567861457914,0.17903690519783977,0.8209630948021602,0.49960717709907443
SK Warne,503,1058.4,565,1268.3,27,54.0,177,360.0,2.1041749502982108,7.189909297052154,0.3401360544217687,0.0510204081632653,503,7.412632473468959,0.18972163653014723,0.5724842461290697,0.31181927329890974,0.16190092629883207,0.10839316260294662,0.8916068373970534,0.5335714350839699
SL Malinga,1546,3290.4,1757,4189.3,94,203.4,629,1189.2,2.128331177231565,7.639132020423049,0.3614150255288111,0.06181619256017506,1546,7.702230253750084,0.6650906225374311,0.6386680475170491,0.3954409779008291,0.5819573097060008,0.16936264823542668,0.8306373517645733,0.6555042025523911
SM Curran,553,1258.1,904,2224.9,27,76.9,174,346.8,2.2750452079566004,10.610762260551628,0.2756537636117956,0.06112391701772515,553,10.531364695681841,0.23225353012587052,0.3719255298950511,0.39007876809878356,0.18203785743052758,0.7649848644770969,0.2350151355229031,0.28769797229371635
SM Pollock,103,172.0,127,263.0,3,5.300000000000001,44,69.3,1.6699029126213591,9.174418604651162,0.402906976744186,0.030813953488372098,103,9.330892141765819,0.0009371073200860475,0.7677201076295456,0.15530464483340795,0.0008054772452678258,0.5122474503397427,0.4877525496602573,0.3555394566962204
SN Thakur,865,1936.1,1254,3059.8,52,132.9,291,587.7,2.238265895953757,9.4823614482723,0.30354837043541144,0.06864314859769641,865,9.491698397996329,0.3766532489936745,0.45868588632971763,0.44832103553363184,0.3076923076923077,0.546102249638762,0.45389775036123803,0.42753281511738517
SP Narine,1749,3545.5,1937,4219.6,84,161.70000000000002,681,1340.7,2.02715837621498,7.140769990128332,0.37814130588069383,0.0456071076011846,1749,7.210599274122042,0.7194215492087833,0.6906916538841023,0.2698890712977202,0.6637132501006847,0.06585878877967954,0.9341412112203205,0.6933501263548626
SR Watson,948,2012.3,1191,2881.0,41,88.8,359,662.8,2.1226793248945146,8.59017045172191,0.32937434776126817,0.044128609054315954,948,8.643429829302075,0.39288224394607374,0.539012202173968,0.25843695589830495,0.3411196133709223,0.36751490597444536,0.6324850940255546,0.47390391245240193
ST Jayasuriya,203,390.2,292,692.8,6,4.2,50,62.300000000000004,1.922167487684729,10.652998462327012,0.15966171194259357,0.010763710917478218,203,10.455415293531559,0.047409111238898474,0.011156446106124762,0.0,0.041079339508658885,0.7489951149054603,0.25100488509453966,0.10130229964101449
STR Binny,266,446.4,356,660.1,13,20.4,74,97.89999999999999,1.6781954887218045,8.87231182795699,0.2193100358422939,0.0456989247311828,266,8.995874454581202,0.059378527463633854,0.196680116505635,0.27060026602334875,0.06645187273459525,0.4417156387851069,0.5582843612148931,0.3044075693240139
SW Tait,328,709.5,371,900.5,11,21.0,130,250.6,2.163109756097561,7.61522198731501,0.3532064834390416,0.02959830866807611,328,7.88479945304345,0.11541328562605159,0.6131370894354163,0.14588853495882181,0.09142166733789771,0.2077992348779234,0.7922007651220766,0.4555295522492719
Sandeep Sharma,1426,2727.2,1829,4053.6,66,126.6,551,915.0,1.9124824684431976,8.9181578175418,0.33550894690525085,0.04642123789967732,1426,8.943058556385981,0.5451408855664175,0.5580925932933415,0.2761951404840887,0.5336286749899315,0.4305962229420226,0.5694037770579774,0.5012828690597338
Shahbaz Ahmed,299,684.9,470,1144.8,15,41.1,79,170.1,2.2906354515050165,10.028909329829172,0.2483574244415243,0.06000876040297854,299,9.97508673647571,0.11017400379102509,0.2870259602130253,0.38144101714018624,0.0797422472815143,0.6478707726199022,0.3521292273800978,0.2814389503504817
Shakib Al Hasan,645,1364.4,876,2103.1,29,67.6,198,374.6,2.1153488372093023,9.248460861917325,0.2745529170331281,0.049545587804162995,645,9.277580773162267,0.25489319106340386,0.3685015762200987,0.30039564831015475,0.21908981071284733,0.5010237223161134,0.49897627768388664,0.36856410182620636
Shivam Mavi,220,416.0,280,618.0,14,27.1,93,160.2,1.8909090909090909,8.913461538461538,0.3850961538461538,0.06514423076923077,220,9.050455258787553,0.05290396779758483,0.7123232578800897,0.4212192092724392,0.047925896093435366,0.4532066231242753,0.5467933768757247,0.43081436011599067
Simarjeet Singh,118,187.4,139,252.2,6,7.9,59,89.5,1.588135593220339,8.07470651013874,0.4775880469583778,0.04215581643543223,118,8.544504461949238,0.0042169829403872,1.0,0.24315615039570865,0.006846556584776481,0.3466879895607504,0.6533120104392496,0.4786076368324148
Sohail Tanvir,116,190.4,105,181.2,9,18.1,50,76.2,1.6413793103448275,5.710084033613445,0.40021008403361347,0.09506302521008404,116,6.897777887411207,0.004855919749536773,0.759331985355055,0.6529634252364711,0.006041079339508662,0.0,1.0,0.6337915780146866
Suyash Sharma,141,223.6,202,332.4,8,7.8,44,72.7,1.5858156028368795,8.919499105545617,0.325134168157424,0.03488372093023256,141,9.111574635042057,0.01192682043745874,0.5258240079075024,0.186828143109196,0.016109544905356425,0.46607418353443353,0.5339258164655665,0.3328044435224424
Swapnil Singh,105,192.0,167,320.1,5,3.3999999999999995,22,31.0,1.8285714285714285,10.003125,0.16145833333333334,0.01770833333333333,105,9.890254880071616,0.005196686047749879,0.016744462213480804,0.05379147479054257,0.0016109544905356446,0.6300109856934102,0.3699890143065898,0.14454394076432714
T Natarajan,529,1169.9,766,1920.1,26,59.5,166,348.8,2.211531190926276,9.847508334045644,0.29814514061030856,0.05085904778186169,529,9.83073107102115,0.21346878793687307,0.44188026693208315,0.3105694122742631,0.17237213048731376,0.6174793426084049,0.38252065739159513,0.3336296971675899
TA Boult,1259,2540.3,1697,3813.9,65,130.6,506,865.6,2.017712470214456,9.00814864386096,0.3407471558477345,0.05141125063968822,1259,9.032788788412565,0.5053351223563991,0.5743849496546573,0.31484665073696555,0.4663713250100685,0.44948727275267086,0.5505127272473291,0.49296317546935653
TG Southee,597,1215.1,828,1901.3999999999999,24,53.3,224,383.9,2.0353433835845895,9.38885688420706,0.31594107480865774,0.043864702493621927,597,9.409287389926918,0.2230954358613933,0.49723080848657086,0.25639279535845744,0.19975835682641968,0.5287521277988481,0.47124787220115194,0.3691016271012598
TK Curran,122,341.9,225,710.3000000000001,7,21.4,27,58.9,2.8024590163934424,12.465048259725068,0.17227259432582628,0.06259140099444283,122,11.647658541264876,0.03712222861159031,0.05037996545677681,0.4014455671286217,0.008457511075312125,1.0000000000000002,-2.220446049250313e-16,0.09677919191634939
TU Deshpande,461,896.4,719,1502.2,27,54.6,155,266.6,1.944468546637744,10.054886211512718,0.29741186970102634,0.06091030789825971,461,10.015584980270967,0.15521904883607013,0.4395995807100197,0.3884242001645325,0.14498590414820783,0.6563969329061401,0.3436030670938599,0.3236472773979927
UT Yadav,1137,2259.5,1545,3355.6,52,117.6,441,811.5,1.9872471416007036,8.910643947776055,0.3591502544810799,0.05204691303385704,1137,8.941923799521883,0.44553063701999873,0.6316239495454757,0.31977034789480707,0.4172372130487314,0.43035732075756905,0.569642679242431,0.49820711408078033
Umran Malik,186,418.8,280,662.3,13,23.3,71,155.7,2.2516129032258063,9.488538681948423,0.37177650429799425,0.05563514804202483,186,9.523430407853844,0.05350030881945776,0.670895266093347,0.34756400483196875,0.034232782923882404,0.5527828406198785,0.4472171593801215,0.3716661845834126
V Pratap Singh,141,299.2,188,422.5,6,16.200000000000003,50,99.8,2.121985815602837,8.4725935828877,0.3335561497326203,0.054144385026737976,141,8.781660086901917,0.028028028028028035,0.5520188249906245,0.3360168916336478,0.016109544905356425,0.39661674403593294,0.6033832559640671,0.3946064416070178
VG Arora,261,464.0,398,793.3,12,24.2,88,140.4,1.7777777777777777,10.258189655172414,0.30258620689655175,0.052155172413793104,261,10.160928879135371,0.06312695674397803,0.45569327732440856,0.32060890057023766,0.0644381796214257,0.6869964172840233,0.3130035827159767,0.2807245510032604
VR Aaron,358,843.7,543,1383.0,9,27.0,115,244.20000000000002,2.356703910614525,9.835249496266446,0.2894393741851369,0.03200189640867607,358,9.812942894790412,0.14399505888867592,0.41480279626325867,0.1645061820551067,0.10350382601691503,0.6137343693075901,0.38626563069240993,0.28300440784100944
VRV Singh,187,359.1,267,564.3,7,22.2,59,100.6,1.9203208556149733,9.428571428571427,0.2801448064605959,0.061821219715956555,187,9.47596725128252,0.040785466317381225,0.38589398196139824,0.3954799171126819,0.03463552154651632,0.5427903460647121,0.4572096539352879,0.32587953079442555
VY Mahesh,123,286.1,193,500.5,4,11.600000000000001,34,70.8,2.3260162601626018,10.496329954561341,0.247465921006641,0.040545263893743445,123,10.25265876197772,0.025238003961408226,0.28425312472327313,0.23068117461483623,0.008860249697946035,0.7063084567913582,0.29369154320864177,0.21045062555465233
Vijaykumar Vyshak,144,263.1,205,433.9,10,17.5,46,71.3,1.8270833333333334,9.89509692132269,0.27099961991638155,0.06651463321930824,144,9.832759474647258,0.02033948842459482,0.3574497866639108,0.43183403675073967,0.01731776077325816,0.6179063856804159,0.3820936143195841,0.29637222903579963
WD Parnell,413,901.8,550,1312.0,23,53.5,167,332.2,2.1835351089588375,8.729208250166334,0.3683743623863384,0.059325792858726994,413,8.82899436010755,0.15636913509253936,0.6603136132755457,0.3761509049872936,0.12565445026178013,0.4065821045691982,0.5934178954308018,0.4510099823434074
WPUJC Vaas,225,387.4,249,471.5,16,24.6,103,148.8,1.7217777777777776,7.302529685080021,0.38409912235415594,0.06350025813113062,225,7.729929311105838,0.04681277021702554,0.7092221993790934,0.4084853689823164,0.04993958920660492,0.175194175251433,0.824805824748567,0.5242394267874947
Washington Sundar,532,1018.4,691,1454.4,19,32.2,166,300.4,1.9142857142857141,8.568735271013356,0.2949725058915946,0.031618224666142974,532,8.661904717508945,0.1812024790748195,0.43201244836869035,0.16153434750018636,0.17358034635521546,0.37140445385011267,0.6285955461498873,0.38325620682298034
YA Abdulla,115,294.5,147,413.0,6,16.2,49,114.6,2.5608695652173914,8.414261460101867,0.3891341256366723,0.05500848896434635,115,8.789705753471608,0.02702702702702703,0.7248825269185016,0.3427100453276699,0.005638340716874753,0.39831061113618604,0.601689388863814,0.42872768867731076
YK Pathan,497,846.8,614,1158.8,18,22.0,171,264.8,1.7038229376257545,8.21067548417572,0.31270666036844597,0.025980160604629193,497,8.3425358264103,0.14465529359146378,0.4871708369851038,0.11786317825994501,0.1594844945630286,0.3041672084596343,0.6958327915403657,0.4021950235831602
YS Chahal,1924,3960.1,2349,5258.1,119,218.2,668,1261.8,2.058264033264033,7.966617004621096,0.31862831746673065,0.055099618696497564,1924,8.009337638450907,0.8077226162332546,0.5055889162855115,0.3434159156250225,0.734192509061619,0.23401845899809515,0.7659815410019049,0.6324721490739235
Yash Dayal,304,651.5,496,1204.0,18,34.4,112,203.0,2.143092105263158,11.08825786646201,0.3115886415963162,0.05280122793553338,304,10.885569979704949,0.10306050731582649,0.4836934727840603,0.3256131005439671,0.08175594039468385,0.8395562715998703,0.16044372840012966,0.24165128974249322
Yash Thakur,204,478.5,336,876.6,18,39.8,64,136.6,2.3455882352941178,10.991849529780565,0.28547544409613373,0.08317659352142111,204,10.728341281442267,0.06621515132153431,0.40247381849423514,0.5608938133493735,0.0414820781312928,0.8064546613235957,0.19354533867640433,0.2744948754168227
Yuvraj Singh,434,881.9,542,1199.8,21,43.2,135,268.40000000000003,2.032027649769585,8.162830252863136,0.30434289601995695,0.04898514570813018,434,8.316796923871285,0.15213085425851386,0.4611570924430539,0.2960545905715108,0.13411196133709224,0.298748355984229,0.701251644015771,0.4331112362809191
Z Khan,1036,2085.3,1283,2822.9,61,110.3,402,737.3,2.012837837837838,8.122284563372176,0.35357022970316015,0.05289406799980818,1036,8.192769971514434,0.4084297063020468,0.6142684463219378,0.32633221868717793,0.3765606121627064,0.27263676257898717,0.7273632374210128,0.5416177832607553
