batter,collapse_balls,collapse_runs,collapse_pressure_exposure,collapse_weighted_runs,collapse_dismissals,collapse_boundaries,collapse_sr_raw,collapse_pressure_sr_raw,collapse_boundary_rate_raw,collapse_dismissal_rate_raw,collapse_pressure_sr_raw_norm,collapse_pressure_exposure_norm,collapse_boundary_rate_raw_norm,collapse_balls_norm,collapse_dismissal_temp,collapse_dismissal_rate_norm,collapse_specialist_score
A Ashish Reddy,69,102,221.0,306.9,8,14,147.82608695652172,138.86877828054298,0.2028985507246377,0.11594202898550725,0.567609139243668,0.08837883546750422,0.6256038647342995,0.09158878504672896,0.25863991081382387,0.7413600891861761,0.4024728139879317
A Badoni,94,101,326.7,368.1,13,10,107.4468085106383,112.67217630853996,0.10638297872340426,0.13829787234042554,0.4352034123280942,0.13945397438994925,0.32801418439716307,0.1383177570093458,0.30851063829787234,0.6914893617021276,0.32628341529350935
A Kumble,33,24,164.4,116.50000000000001,1,2,72.72727272727273,70.86374695863748,0.06060606060606061,0.030303030303030304,0.2238906823340146,0.06102923411452041,0.18686868686868685,0.024299065420560748,0.0675990675990676,0.9324009324009324,0.2185343034290156
A Mishra,264,236,958.6,856.7,16,22,89.39393939393939,89.36991445858544,0.08333333333333333,0.06060606060606061,0.3174265753811624,0.4447934283643392,0.2569444444444444,0.4560747663551402,0.1351981351981352,0.8648018648018648,0.41573072657461585
A Mithun,21,26,97.5,125.60000000000001,4,4,123.80952380952381,128.82051282051285,0.19047619047619047,0.19047619047619047,0.5168220984702949,0.02870258516549891,0.5873015873015872,0.0018691588785046676,0.4249084249084249,0.575091575091575,0.33394815019214924
A Nehra,44,35,205.8,133.5,3,4,79.54545454545455,64.86880466472303,0.09090909090909091,0.06818181818181818,0.19359039021632024,0.08103406619956512,0.2803030303030303,0.044859813084112146,0.15209790209790208,0.8479020979020979,0.2215797894238845
A Nortje,37,32,181.5,148.9,4,4,86.48648648648648,82.03856749311295,0.10810810810810811,0.10810810810810811,0.2803716808085344,0.06929209954095192,0.3333333333333333,0.03177570093457943,0.24116424116424118,0.7588357588357588,0.2461030441919878
A Symonds,45,33,105.0,76.9,10,4,73.33333333333333,73.23809523809524,0.08888888888888889,0.2222222222222222,0.23589137273761468,0.0323266489490215,0.2740740740740741,0.04672897196261683,0.49572649572649574,0.5042735042735043,0.1891914500282746
AA Jhunjhunwala,32,24,94.10000000000001,63.7,4,1,75.0,67.69394261424017,0.03125,0.125,0.20786951100619838,0.027059676250302006,0.09635416666666666,0.022429906542056073,0.27884615384615385,0.7211538461538461,0.16945224351143795
AB Agarkar,47,42,153.70000000000002,151.6,2,2,89.36170212765957,98.63370201691606,0.0425531914893617,0.0425531914893617,0.36424862226201704,0.055858903116694864,0.13120567375886524,0.05046728971962616,0.09492635024549918,0.9050736497545008,0.25921005306810346
AB Dinda,28,19,145.70000000000002,98.2,5,2,67.85714285714286,67.3987645847632,0.07142857142857142,0.17857142857142858,0.206377589969868,0.051993235080937436,0.2202380952380952,0.014953271028037382,0.3983516483516484,0.6016483516483516,0.1806740053644432
AB McDonald,42,47,165.70000000000002,189.3,2,2,111.90476190476191,114.24260712130356,0.047619047619047616,0.047619047619047616,0.44314085526656394,0.061657405170331,0.1468253968253968,0.0411214953271028,0.10622710622710622,0.8937728937728938,0.2880829738360444
AB de Villiers,286,401,798.7,1124.8,36,53,140.2097902097902,140.82884687617377,0.1853146853146853,0.1258741258741259,0.5775159320210763,0.36752838849963765,0.5713869463869463,0.49719626168224296,0.28079612694997313,0.7192038730500269,0.5262205418476672
AC Voges,23,22,61.400000000000006,57.9,3,2,95.65217391304348,94.29967426710097,0.08695652173913043,0.13043478260869565,0.34234310584046646,0.011258758154143515,0.2681159420289855,0.0056074766355140165,0.29096989966555187,0.7090301003344481,0.2345962994158189
AD Mathews,131,158,331.6,368.8,13,14,120.61068702290076,111.21833534378769,0.10687022900763359,0.09923664122137404,0.42785525053354573,0.1418216960618507,0.32951653944020354,0.2074766355140187,0.22137404580152673,0.7786259541984732,0.3436163333651844
AD Russell,336,504,1045.0,1488.5,38,76,150.0,142.44019138755982,0.2261904761904762,0.1130952380952381,0.5856601654437739,0.4865426431505194,0.6974206349206349,0.5906542056074766,0.2522893772893773,0.7477106227106227,0.5945990070432297
AF Milne,29,22,109.5,81.80000000000001,4,1,75.86206896551724,74.70319634703198,0.034482758620689655,0.13793103448275862,0.24329644678274848,0.03450108721913506,0.10632183908045977,0.016822429906542057,0.3076923076923077,0.6923076923076923,0.18148143775756523
AJ Finch,94,115,303.5,348.40000000000003,10,12,122.34042553191489,114.79406919275124,0.1276595744680851,0.10638297872340426,0.4459281150995161,0.12824353708625272,0.3936170212765957,0.1383177570093458,0.23731587561374795,0.7626841243862521,0.34419435373791024
AJ Tye,39,53,162.0,204.8,4,7,135.8974358974359,126.41975308641975,0.1794871794871795,0.10256410256410256,0.5046879164079816,0.05986953370379318,0.5534188034188033,0.03551401869158878,0.22879684418145957,0.7712031558185404,0.3570683930671547
AK Markram,72,97,198.6,286.0,7,12,134.72222222222223,144.00805639476334,0.16666666666666666,0.09722222222222222,0.5935846400075411,0.07755496496738341,0.5138888888888888,0.09719626168224299,0.2168803418803419,0.7831196581196581,0.3971181036421208
AL Menaria,21,14,77.2,46.6,3,1,66.66666666666666,60.362694300518136,0.047619047619047616,0.14285714285714285,0.1708151150500224,0.01889345252476444,0.1468253968253968,0.0018691588785046676,0.31868131868131866,0.6813186813186813,0.1549447048861523
AM Nayar,99,118,317.2,375.9,14,16,119.19191919191918,118.50567465321564,0.16161616161616163,0.1414141414141414,0.46468771680441706,0.1348634935974873,0.4983164983164983,0.14766355140186915,0.31546231546231546,0.6845376845376845,0.3617073501924413
AM Rahane,59,48,172.8,143.5,18,5,81.35593220338984,83.04398148148148,0.0847457627118644,0.3050847457627119,0.2854533540012368,0.06508818555206572,0.26129943502824854,0.07289719626168224,0.6805736636245111,0.3194263363754889,0.1982528486194878
AN Ahmed,25,32,138.70000000000002,174.70000000000002,0,4,128.0,125.95529920692141,0.16,0.0,0.5023404228819337,0.04861077554964968,0.4933333333333333,0.009345794392523366,0.0,1.0,0.36337371105496774
AR Patel,477,643,1623.9,2142.2000000000003,39,74,134.8008385744235,131.91698996243613,0.15513626834381553,0.08176100628930817,0.5324726514424696,0.7662720463880164,0.47833682739343114,0.8542056074766355,0.18238993710691823,0.8176100628930818,0.6595758111216866
AS Joseph,26,22,106.7,80.7,1,3,84.61538461538461,75.63261480787254,0.11538461538461539,0.038461538461538464,0.2479940150798836,0.03314810340661996,0.3557692307692308,0.011214953271028033,0.08579881656804735,0.9142011834319527,0.24155267707884834
AS Rajpoot,25,19,110.4,81.1,2,2,76.0,73.46014492753622,0.08,0.08,0.23701368053055788,0.03493597487315777,0.24666666666666665,0.009345794392523366,0.17846153846153848,0.8215384615384616,0.21224449721670935
AS Raut,98,115,307.0,356.5,5,11,117.34693877551021,116.12377850162868,0.11224489795918367,0.05102040816326531,0.45264887712111274,0.1299347668518966,0.34608843537414963,0.14579439252336449,0.11381475667189954,0.8861852433281004,0.35331174722280073
AT Rayudu,239,274,762.9,875.7,36,34,114.64435146443515,114.78568619740466,0.14225941422594143,0.1506276150627615,0.4458857448488332,0.35022952403962304,0.4386331938633194,0.4093457943925234,0.3360154489861603,0.6639845510138397,0.4372126950467578
Abdul Samad,176,217,622.5,789.2,17,26,123.29545454545455,126.77911646586347,0.14772727272727273,0.09659090909090909,0.5065042500505257,0.2823870500120802,0.4554924242424242,0.29158878504672897,0.21547202797202797,0.7845279720279721,0.4383882286168742
Abhishek Sharma,36,24,114.4,67.5,16,2,66.66666666666666,59.0034965034965,0.05555555555555555,0.4444444444444444,0.16394530909087435,0.036868808891036484,0.17129629629629628,0.029906542056074764,0.9914529914529915,0.008547008547008517,0.09763318701212163
Abishek Porel,21,8,78.8,36.3,6,1,38.095238095238095,46.065989847715734,0.047619047619047616,0.2857142857142857,0.09855514989906569,0.019666586131915915,0.1468253968253968,0.0018691588785046676,0.6373626373626373,0.3626373626373627,0.09797886861697346
Aman Hakim Khan,52,47,154.70000000000002,128.70000000000002,5,5,90.38461538461539,83.19327731092437,0.09615384615384616,0.09615384615384616,0.2862079412887016,0.05634211162116454,0.296474358974359,0.05981308411214953,0.21449704142011836,0.7855029585798816,0.24625171967730114
Anuj Rawat,28,27,107.4,123.20000000000002,6,5,96.42857142857143,114.71135940409684,0.17857142857142858,0.21428571428571427,0.4455100742520229,0.03348634935974873,0.550595238095238,0.014953271028037382,0.478021978021978,0.521978021978022,0.30133019189443866
Anureet Singh,39,25,175.4,108.60000000000001,4,2,64.1025641025641,61.91562143671609,0.05128205128205128,0.10256410256410256,0.1786640889946186,0.06634452766368688,0.15811965811965809,0.03551401869158878,0.22879684418145957,0.7712031558185404,0.1852839301675793
Arshad Khan,34,58,126.3,207.1,1,8,170.58823529411765,163.97466349960413,0.23529411764705882,0.029411764705882353,0.6945020464169482,0.04261899009422565,0.7254901960784312,0.026168224299065415,0.06561085972850679,0.9343891402714932,0.45991814085326205
Ashutosh Sharma,90,153,264.3,452.1,4,21,170.0,171.05561861521,0.23333333333333334,0.044444444444444446,0.7302913831538402,0.1093017637110413,0.7194444444444444,0.13084112149532712,0.09914529914529915,0.9008547008547009,0.5005557300080402
Azhar Mahmood,26,16,66.0,38.3,5,2,61.53846153846154,58.030303030303024,0.07692307692307693,0.19230769230769232,0.15902648834513844,0.013481517274704036,0.23717948717948717,0.011214953271028033,0.4289940828402367,0.5710059171597632,0.15338940802302808
B Akhil,29,45,101.8,146.6,4,6,155.17241379310346,144.00785854616896,0.20689655172413793,0.13793103448275862,0.593583640019566,0.030780381734718525,0.6379310344827586,0.016822429906542057,0.3076923076923077,0.6923076923076923,0.38289315832969206
B Kumar,233,207,1048.2,919.4,20,23,88.8412017167382,87.71226865102079,0.09871244635193133,0.08583690987124463,0.3090483208902282,0.4880889103648224,0.3043633762517882,0.3981308411214953,0.1914823374050842,0.8085176625949158,0.4164150387682696
B Lee,49,60,187.9,226.8,5,8,122.44897959183673,120.70250133049494,0.16326530612244897,0.10204081632653061,0.47579115813713474,0.07238463396955787,0.5034013605442176,0.05420560747663551,0.22762951334379908,0.7723704866562009,0.34550115770913464
B Sumanth,22,22,74.5,76.4,1,3,100.0,102.5503355704698,0.13636363636363635,0.045454545454545456,0.3840444993484588,0.0175887895626963,0.42045454545454536,0.003738317757009342,0.1013986013986014,0.8986013986013985,0.29230184150450766
BA Stokes,68,101,185.8,277.7,8,12,148.52941176470588,149.46178686759956,0.17647058823529413,0.11764705882352941,0.621149480227247,0.07136989611017154,0.5441176470588235,0.08971962616822429,0.26244343891402716,0.7375565610859729,0.4040760391997338
BCJ Cutting,37,61,128.8,205.20000000000002,4,8,164.86486486486487,159.31677018633542,0.21621621621621623,0.10810810810810811,0.6709596132915507,0.043827011355399854,0.6666666666666666,0.03177570093457943,0.24116424116424118,0.7588357588357588,0.42644254851465546
BJ Hodge,155,200,502.3,647.2,15,24,129.03225806451613,128.84730240891898,0.15483870967741936,0.0967741935483871,0.5169575013340126,0.22430538777482484,0.4774193548387097,0.25233644859813087,0.21588089330024815,0.7841191066997518,0.42488675359611183
BJ Rohrer,22,36,68.10000000000001,133.4,3,5,163.63636363636365,195.88839941262847,0.22727272727272727,0.13636363636363635,0.8558039361304157,0.014496255134090363,0.7007575757575757,0.003738317757009342,0.30419580419580416,0.6958041958041958,0.47841024503677543
Bipul Sharma,74,119,295.8,488.20000000000005,4,14,160.8108108108108,165.04394861392834,0.1891891891891892,0.05405405405405406,0.6999065440305474,0.12452283160183619,0.5833333333333333,0.10093457943925233,0.12058212058212059,0.8794178794178794,0.46667997316882637
C Green,28,31,91.5,98.30000000000001,2,3,110.71428571428572,107.43169398907104,0.10714285714285714,0.07142857142857142,0.408716394216392,0.025803334138680835,0.3303571428571428,0.014953271028037382,0.15934065934065933,0.8406593406593407,0.2853640676591185
C de Grandhomme,110,134,346.0,382.6,6,16,121.81818181818183,110.57803468208094,0.14545454545454545,0.05454545454545454,0.42461897299463397,0.14877989852621407,0.44848484848484843,0.16822429906542055,0.12167832167832168,0.8783216783216783,0.36615015514438354
CA Pujara,33,39,90.8,105.3,4,6,118.18181818181819,115.96916299559471,0.18181818181818182,0.12121212121212122,0.45186740254319896,0.025465088185552064,0.5606060606060606,0.024299065420560748,0.2703962703962704,0.7296037296037297,0.32521600480087376
CH Gayle,68,104,171.1,287.6,15,18,152.94117647058823,168.08883693746347,0.2647058823529412,0.22058823529411764,0.7152963511622235,0.06426673109446726,0.8161764705882353,0.08971962616822429,0.49208144796380093,0.5079185520361991,0.4530966753974839
CH Morris,177,250,608.0,882.5,12,28,141.24293785310735,145.14802631578948,0.15819209039548024,0.06779661016949153,0.5993464004914644,0.27538052669726987,0.487758945386064,0.29345794392523367,0.15123859191655803,0.848761408083442,0.48067504605136885
CJ Anderson,24,7,73.4,19.5,8,0,29.166666666666668,26.56675749318801,0.0,0.3333333333333333,0.0,0.01705726020777966,0.0,0.007476635514018691,0.7435897435897436,0.2564102564102564,0.031026836020073358
CJ Jordan,29,28,132.5,115.6,4,2,96.55172413793103,87.24528301886792,0.06896551724137931,0.13793103448275862,0.3066880311033921,0.045614882821937666,0.21264367816091953,0.016822429906542057,0.3076923076923077,0.6923076923076923,0.2223952170325601
CL White,26,13,81.8,32.8,8,0,50.0,40.09779951100244,0.0,0.3076923076923077,0.06839007044534273,0.021116211645324956,0.0,0.011214953271028033,0.6863905325443788,0.31360946745562124,0.06225876730341753
CM Gautam,46,53,166.9,178.5,2,7,115.21739130434783,106.95026962252845,0.15217391304347827,0.043478260869565216,0.4062831266011851,0.062237255375694606,0.4692028985507246,0.048598130841121495,0.09698996655518395,0.903010033444816,0.32572956590759694
CR Woakes,28,29,116.7,114.7,2,3,103.57142857142858,98.28620394173093,0.10714285714285714,0.07142857142857142,0.36249225953620157,0.03798018845131674,0.3303571428571428,0.014953271028037382,0.15934065934065933,0.8406593406593407,0.27222983409921087
CV Varun,20,11,108.9,59.1,0,0,55.00000000000001,54.26997245179063,0.0,0.0,0.14002061482677525,0.034211162116453246,0.0,0.0,0.0,1.0,0.15756000571848466
D Pretorius,27,44,107.8,162.8,3,6,162.96296296296296,151.02040816326533,0.2222222222222222,0.1111111111111111,0.6290272342145493,0.0336796327615366,0.6851851851851851,0.013084112149532708,0.24786324786324787,0.7521367521367521,0.40853350997935933
D Wiese,67,91,259.2,347.1,4,13,135.82089552238804,133.91203703703704,0.19402985074626866,0.05970149253731343,0.542556236268686,0.10683740033824593,0.5982587064676617,0.08785046728971962,0.13318025258323765,0.8668197474167624,0.40620238358388494
DA Miller,260,392,734.7,1120.6,26,52,150.76923076923077,152.52484007077715,0.2,0.1,0.6366310982776049,0.3366030442135781,0.6166666666666667,0.4485981308411215,0.2230769230769231,0.7769230769230769,0.5444536727690322
DA Warner,170,233,468.2,618.1,20,31,137.05882352941177,132.0162323793251,0.18235294117647058,0.11764705882352941,0.5329742533053021,0.20782797777240877,0.5622549019607842,0.28037383177570097,0.26244343891402716,0.7375565610859729,0.438647949269028
DB Das,78,90,223.0,241.7,5,12,115.38461538461537,108.38565022421524,0.15384615384615385,0.0641025641025641,0.41353798401246183,0.08934525247644358,0.47435897435897434,0.10841121495327102,0.1429980276134122,0.8570019723865878,0.34019033315896813
DB Ravi Teja,51,50,154.4,146.3,8,6,98.0392156862745,94.75388601036269,0.11764705882352941,0.1568627450980392,0.34463883244288734,0.056197149069823635,0.3627450980392156,0.05794392523364486,0.3499245852187029,0.650075414781297,0.2627837735915252
DH Yagnik,35,32,133.6,119.6,3,4,91.42857142857143,89.52095808383234,0.11428571428571428,0.08571428571428572,0.3181899965690765,0.04614641217685431,0.35238095238095235,0.028037383177570097,0.19120879120879122,0.8087912087912088,0.2608449730562896
DJ Bravo,225,306,730.7,974.5,23,37,136.0,133.36526618311208,0.16444444444444445,0.10222222222222223,0.5397926872997185,0.3346702101956994,0.507037037037037,0.38317757009345793,0.22803418803418807,0.7719658119658119,0.48332376536998173
DJ Hooda,149,153,438.5,440.5,24,15,102.68456375838926,100.45610034207526,0.10067114093959731,0.1610738255033557,0.3734595869218728,0.19347668518965933,0.31040268456375836,0.2411214953271028,0.3593185338151781,0.6406814661848219,0.3258768003221817
DJ Hussey,91,120,261.1,349.4,10,13,131.86813186813185,133.8184603600153,0.14285714285714285,0.10989010989010989,0.5420832708071102,0.10775549649673835,0.4404761904761904,0.13271028037383178,0.2451394759087067,0.7548605240912933,0.37813204194330574
DJ Willey,33,31,127.60000000000001,127.10000000000001,2,3,93.93939393939394,99.60815047021944,0.09090909090909091,0.06060606060606061,0.369173786065295,0.04324716115003624,0.2803030303030303,0.024299065420560748,0.1351981351981352,0.8648018648018648,0.2721931162490874
DJG Sammy,24,32,78.4,100.9,4,3,133.33333333333331,128.69897959183675,0.125,0.16666666666666666,0.5162078319518948,0.019473302730128053,0.38541666666666663,0.007476635514018691,0.3717948717948718,0.6282051282051282,0.30729557501331084
DL Chahar,32,38,140.20000000000002,152.20000000000002,6,4,118.75,108.55920114122681,0.125,0.1875,0.41441516401269013,0.04933558830635419,0.38541666666666663,0.022429906542056073,0.4182692307692308,0.5817307692307692,0.2767292673854154
DL Vettori,59,62,206.5,213.20000000000002,3,8,105.08474576271188,103.24455205811138,0.13559322033898305,0.05084745762711865,0.38755328414357054,0.08137231215269389,0.4180790960451977,0.07289719626168224,0.11342894393741852,0.8865710560625815,0.31829027694071327
DPMD Jayawardene,111,124,293.1,330.2,11,17,111.7117117117117,112.65779597407027,0.15315315315315314,0.0990990990990991,0.4351307296709776,0.12321816863976806,0.47222222222222215,0.17009345794392525,0.22106722106722107,0.7789327789327789,0.3573409274629841
DR Sams,22,14,91.4,54.1,8,1,63.63636363636363,59.19037199124726,0.045454545454545456,0.36363636363636365,0.16488983559186043,0.025755013288233874,0.14015151515151514,0.003738317757009342,0.8111888111888113,0.18881118881118875,0.10461478959660715
DR Smith,29,34,80.1,107.6,13,5,117.24137931034481,134.33208489388264,0.1724137931034483,0.4482758620689655,0.5446792880249562,0.020294757187726498,0.5316091954022988,0.016822429906542057,1.0,0.0,0.2779761839019924
DS Kulkarni,90,79,417.8,359.0,5,7,87.77777777777777,85.92628051699377,0.07777777777777778,0.05555555555555555,0.30002138459516353,0.183474269147137,0.2398148148148148,0.13084112149532712,0.12393162393162394,0.8760683760683761,0.2940812799484504
DT Christian,47,65,151.9,203.9,7,7,138.29787234042556,134.23304805793285,0.14893617021276595,0.14893617021276595,0.5441787252317603,0.05498912780864944,0.4592198581560283,0.05046728971962616,0.3322422258592471,0.6677577741407529,0.3474386853787019
DW Steyn,94,76,414.90000000000003,335.6,11,6,80.85106382978722,80.88696071342491,0.06382978723404255,0.11702127659574468,0.2745511040425685,0.18207296448417493,0.19680851063829785,0.1383177570093458,0.2610474631751228,0.7389525368248773,0.2657753213655769
Dhruv Jurel,87,134,360.9,563.6,7,20,154.02298850574712,156.16514269880855,0.22988505747126436,0.08045977011494253,0.6550303134190303,0.15597970524281227,0.7088122605363983,0.1252336448598131,0.1794871794871795,0.8205128205128205,0.4754137038680774
EJG Morgan,145,176,413.40000000000003,459.0,15,21,121.37931034482759,111.03047895500724,0.14482758620689656,0.10344827586206896,0.42690576625544,0.1813481517274704,0.44655172413793104,0.23364485981308414,0.23076923076923078,0.7692307692307692,0.37370662063700083
F du Plessis,119,166,383.9,566.2,24,22,139.49579831932772,147.4863245636885,0.18487394957983194,0.20168067226890757,0.6111648828881264,0.16709350084561486,0.5700280112044818,0.18504672897196262,0.44990303813833227,0.5500969618616678,0.4239519914348814
G Gambhir,65,56,137.1,119.5,21,9,86.15384615384616,87.16265499635303,0.13846153846153847,0.3230769230769231,0.3062704035272517,0.04783764194249818,0.4269230769230769,0.08411214953271028,0.7207100591715977,0.2792899408284023,0.22373832977137093
GB Hogg,22,22,112.60000000000001,107.1,2,1,100.0,95.11545293072822,0.045454545454545456,0.09090909090909091,0.3464663034626321,0.035999033582991065,0.14015151515151514,0.003738317757009342,0.2027972027972028,0.7972027972027972,0.2315667192642274
GC Smith,22,17,41.3,28.0,4,1,77.27272727272727,67.79661016949153,0.045454545454545456,0.18181818181818182,0.2083884245774405,0.0015462672143029682,0.14015151515151514,0.003738317757009342,0.4055944055944056,0.5944055944055944,0.15434654978251802
GH Vihari,28,22,93.39999999999999,67.6,8,1,78.57142857142857,72.37687366167023,0.03571428571428571,0.2857142857142857,0.23153849258224957,0.02672143029717322,0.1101190476190476,0.014953271028037382,0.6373626373626373,0.3626373626373627,0.14274341403887966
GJ Bailey,67,74,229.6,273.3,8,7,110.44776119402985,119.03310104529619,0.1044776119402985,0.11940298507462686,0.46735349288150213,0.09253442860594345,0.322139303482587,0.08785046728971962,0.2663605051664753,0.7336394948335248,0.3215697447592101
GJ Maxwell,100,103,274.5,276.4,26,15,103.0,100.69216757741346,0.15,0.26,0.37465274372630525,0.11423049045663203,0.4624999999999999,0.14953271028037385,0.5800000000000001,0.41999999999999993,0.29349098946042085
Gurkeerat Singh,90,104,271.6,320.8,10,13,115.55555555555554,118.11487481590575,0.14444444444444443,0.1111111111111111,0.462712493582993,0.11282918579366996,0.4453703703703703,0.13084112149532712,0.24786324786324787,0.7521367521367521,0.35180206819599485
H Klaasen,106,159,320.6,484.40000000000003,10,19,150.0,151.09170305676855,0.1792452830188679,0.09433962264150944,0.6293875806522189,0.13650640251268423,0.5526729559748427,0.16074766355140188,0.21044992743105953,0.7895500725689405,0.4403803540422784
HH Pandya,213,250,633.5,749.3,27,33,117.37089201877934,118.27940015785319,0.15492957746478872,0.1267605633802817,0.4635440555359465,0.2877023435612467,0.4776995305164318,0.36074766355140186,0.28277356446370533,0.7172264355362947,0.4316557279916975
HV Patel,106,123,437.2,511.5,13,17,116.03773584905662,116.99451052150044,0.16037735849056603,0.12264150943396226,0.45704982599849003,0.19284851413384874,0.49449685534591187,0.16074766355140188,0.27358490566037735,0.7264150943396226,0.379107754901493
Harbhajan Singh,266,323,1048.3,1205.0,29,43,121.42857142857142,114.94801106553467,0.16165413533834586,0.10902255639097744,0.44670618492667985,0.4881372312152693,0.4984335839598997,0.45981308411214955,0.24320416425679584,0.7567958357432042,0.49779805631328305
Harpreet Brar,62,64,195.8,197.3,5,7,103.2258064516129,100.76608784473953,0.11290322580645161,0.08064516129032258,0.3750263596150973,0.07620198115486833,0.34811827956989244,0.07850467289719626,0.17990074441687345,0.8200992555831266,0.2963130895823771
I Sharma,41,25,198.3,119.2,3,2,60.97560975609756,60.11094301563288,0.04878048780487805,0.07317073170731707,0.16954268620933588,0.07741000241604253,0.15040650406504064,0.03925233644859813,0.16322701688555347,0.8367729831144466,0.19081856516576867
IK Pathan,246,339,829.0,1182.3,23,43,137.80487804878047,142.61761158021713,0.17479674796747968,0.09349593495934959,0.5865569019595782,0.3821696061850688,0.5389566395663956,0.4224299065420561,0.2085678549093183,0.7914321450906817,0.5241885136574554
Iqbal Abdulla,72,79,283.7,307.1,1,10,109.72222222222223,108.24814945364822,0.1388888888888889,0.013888888888888888,0.41284301259983996,0.11867600869775308,0.4282407407407407,0.09719626168224299,0.030982905982905984,0.969017094017094,0.3498813163495392
Ishan Kishan,87,108,262.7,337.6,17,15,124.13793103448276,128.51161020175107,0.1724137931034483,0.19540229885057472,0.5152608091157829,0.10852863010388983,0.5316091954022988,0.1252336448598131,0.43589743589743596,0.5641025641025641,0.3624101231660697
J Botha,25,15,77.2,40.1,7,1,60.0,51.94300518134715,0.04,0.28,0.12825940269395375,0.01889345252476444,0.12333333333333332,0.009345794392523366,0.6246153846153847,0.3753846153846153,0.10705448477141496
J Suchith,47,58,178.3,216.1,3,9,123.40425531914893,121.2002243409983,0.19148936170212766,0.06382978723404255,0.4783068041388084,0.06774583232664895,0.5904255319148936,0.05046728971962616,0.14238952536824875,0.8576104746317512,0.3662388102385982
J Syed Mohammad,27,29,105.8,112.4,2,4,107.40740740740742,106.2381852551985,0.14814814814814814,0.07407407407407407,0.40268403201699815,0.03271321575259724,0.45679012345679004,0.013084112149532708,0.16524216524216523,0.8347578347578348,0.30307463396083056
JA Morkel,163,209,551.4,715.4,12,22,128.2208588957055,129.7424737033007,0.13496932515337423,0.0736196319018405,0.5214819738619092,0.24803092534428603,0.41615541922290383,0.2672897196261682,0.16422840962718266,0.8357715903728173,0.43062035205238225
JC Archer,73,103,280.9,364.8,8,13,141.0958904109589,129.86828052687792,0.1780821917808219,0.1095890410958904,0.5221178404504263,0.11732302488523796,0.5490867579908675,0.09906542056074766,0.24446786090621705,0.7555321390937829,0.3848480410710793
JC Buttler,105,147,311.2,469.3,16,20,140.0,150.80334190231363,0.19047619047619047,0.1523809523809524,0.6279301142101734,0.13196424257066924,0.5873015873015872,0.15887850467289721,0.33992673992673994,0.6600732600732601,0.4307009404197266
JD Unadkat,97,113,401.90000000000003,467.90000000000003,8,14,116.49484536082475,116.42199552127394,0.14432989690721648,0.08247422680412371,0.4541561581534744,0.17579125392606912,0.4450171821305841,0.14392523364485982,0.18398096748612214,0.8160190325138779,0.37284573445293767
JDS Neesham,53,60,173.9,191.0,5,5,113.20754716981132,109.83323749281195,0.09433962264150944,0.09433962264150944,0.4208545376928636,0.06561971490698236,0.2908805031446541,0.06168224299065421,0.21044992743105953,0.7895500725689405,0.29554343609643813
JEC Franklin,64,61,189.79999999999998,205.39999999999998,4,7,95.3125,108.21917808219177,0.109375,0.0625,0.41269658232993195,0.07330273012805025,0.3372395833333333,0.08224299065420561,0.13942307692307693,0.8605769230769231,0.3117495647533119
JH Kallis,38,22,119.1,76.9,12,2,57.89473684210527,64.56759026028548,0.05263157894736842,0.3157894736842105,0.192067959474363,0.03913988886204397,0.16228070175438594,0.03364485981308411,0.7044534412955465,0.29554655870445345,0.13595224813710388
JJ Bumrah,46,36,231.8,181.6,5,4,78.26086956521739,78.34339948231234,0.08695652173913043,0.10869565217391304,0.26169515905704477,0.09359748731577676,0.2681159420289855,0.048598130841121495,0.24247491638795987,0.7575250836120402,0.23825229679062992
JM Bairstow,28,19,53.1,34.5,4,2,67.85714285714286,64.97175141242938,0.07142857142857142,0.14285714285714285,0.1941107149125622,0.007248127567045178,0.2202380952380952,0.014953271028037382,0.31868131868131866,0.6813186813186813,0.1731613551829461
JM Sharma,122,167,305.1,402.1,14,20,136.88524590163937,131.79285480170435,0.16393442622950818,0.11475409836065574,0.5318452339548871,0.1290166706934042,0.5054644808743168,0.19065420560747665,0.25598991172761665,0.7440100882723834,0.3972188113570689
JO Holder,81,102,260.9,286.40000000000003,8,12,125.92592592592592,109.77385971636645,0.14814814814814814,0.09876543209876543,0.42055442404983084,0.10765885479584439,0.45679012345679004,0.11401869158878505,0.22032288698955366,0.7796771130104463,0.33769779567428276
JP Duminy,117,122,344.7,382.7,15,11,104.27350427350429,111.0240789091964,0.09401709401709402,0.1282051282051282,0.4268734184448812,0.14815172747040348,0.28988603988603984,0.18130841121495328,0.2859960552268244,0.7140039447731756,0.3285231904657758
JP Faulkner,178,259,672.3,995.9,11,32,145.5056179775281,148.13327383608507,0.1797752808988764,0.06179775280898876,0.614434764561357,0.3064508335346702,0.5543071161048688,0.2953271028037383,0.13785652549697494,0.8621434745030251,0.505324356266736
JR Hopes,43,59,143.2,205.9,5,7,137.2093023255814,143.78491620111734,0.16279069767441862,0.11627906976744186,0.5924568204691385,0.050785213819763225,0.501937984496124,0.04299065420560748,0.259391771019678,0.740608228980322,0.3758563093224312
K Gowtham,103,162,369.8,548.5,9,21,157.28155339805824,148.32341806381828,0.20388349514563106,0.08737864077669903,0.6153958122849787,0.1602802609325924,0.6286407766990291,0.15514018691588785,0.19492158327109785,0.8050784167289021,0.4535335857480184
K Rabada,126,126,490.0,465.6,10,15,100.0,95.02040816326532,0.11904761904761904,0.07936507936507936,0.34598591781800164,0.2183619231698478,0.367063492063492,0.19813084112149534,0.17704517704517705,0.8229548229548229,0.3427601843019929
KA Jamieson,28,36,115.9,151.20000000000002,2,4,128.57142857142858,130.45729076790337,0.14285714285714285,0.07142857142857142,0.5250948803431208,0.037593621647741,0.4404761904761904,0.014953271028037382,0.15934065934065933,0.8406593406593407,0.34556196682359586
KA Pollard,396,502,1307.2,1622.9,42,68,126.76767676767678,124.15085679314566,0.1717171717171717,0.10606060606060606,0.49322021295056123,0.6132399130224692,0.5294612794612794,0.702803738317757,0.2365967365967366,0.7634032634032634,0.5871171317954955
KB Arun Karthik,22,19,83.5,71.5,4,1,86.36363636363636,85.62874251497006,0.045454545454545456,0.18181818181818182,0.29851753552782795,0.021937666102923407,0.14015151515151514,0.003738317757009342,0.4055944055944056,0.5944055944055944,0.19098958833730872
KC Sangakkara,37,17,94.5,38.0,13,1,45.94594594594595,40.21164021164021,0.02702702702702703,0.35135135135135137,0.06896545654834307,0.027252959652089875,0.08333333333333333,0.03177570093457943,0.7837837837837839,0.21621621621621612,0.06983912646675107
KD Karthik,464,630,1437.7,1915.1000000000001,55,90,135.77586206896552,133.20581484315227,0.1939655172413793,0.11853448275862069,0.5389867709218004,0.6762986228557623,0.5980603448275862,0.8299065420560748,0.2644230769230769,0.7355769230769231,0.6454727508768121
KH Pandya,222,251,642.8000000000001,684.2,20,28,113.06306306306307,106.44057249533292,0.12612612612612611,0.09009009009009009,0.40370695971109655,0.29219618265281466,0.38888888888888884,0.37757009345794396,0.20097020097020096,0.799029799029799,0.40921830881709226
KK Cooper,30,57,139.4,266.5,4,9,190.0,191.17647058823528,0.3,0.13333333333333333,0.8319883908228607,0.04894902150277845,0.9249999999999998,0.018691588785046724,0.29743589743589743,0.7025641025641025,0.5152433407378629
KK Nair,55,39,130.1,98.2,14,4,70.9090909090909,75.4803996925442,0.07272727272727272,0.2545454545454545,0.24722467281884813,0.04445518241121044,0.22424242424242422,0.06542056074766354,0.5678321678321678,0.43216783216783217,0.18430866205469584
KL Rahul,143,174,431.1,553.2,16,21,121.6783216783217,128.32289491997219,0.14685314685314685,0.11188811188811189,0.514306983726875,0.18990094225658372,0.45279720279720276,0.22990654205607475,0.24959655728886498,0.750403442711135,0.40492858586765723
KM Jadhav,134,136,457.2,495.8,14,16,101.49253731343283,108.44269466316712,0.11940298507462686,0.1044776119402985,0.413826304246284,0.2025126842232423,0.36815920398009944,0.2130841121495327,0.2330654420206659,0.7669345579793341,0.35934733075938824
KP Pietersen,31,36,79.8,88.69999999999999,6,4,116.12903225806453,111.15288220551378,0.12903225806451613,0.1935483870967742,0.4275244301332006,0.020149794636385596,0.3978494623655913,0.0205607476635514,0.4317617866004963,0.5682382133995036,0.2742563520500384
KS Williamson,75,76,221.4,243.4,13,9,101.33333333333334,109.93676603432701,0.12,0.17333333333333334,0.42137780295491783,0.0885721188692921,0.36999999999999994,0.10280373831775702,0.3866666666666667,0.6133333333333333,0.30187915483254113
KV Sharma,163,199,659.5,774.9,11,22,122.08588957055215,117.49810462471568,0.13496932515337423,0.06748466257668712,0.4595951463181968,0.30026576467745836,0.41615541922290383,0.2672897196261682,0.1505427088249174,0.8494572911750826,0.4233872423256025
KW Richardson,22,27,64.9,76.2,2,3,122.72727272727273,117.41140215716486,0.13636363636363635,0.09090909090909091,0.45915692523693946,0.012949987919787388,0.42045454545454536,0.003738317757009342,0.2027972027972028,0.7972027972027972,0.3072916300148886
Kuldeep Yadav,149,106,672.2,460.3,6,9,71.14093959731544,68.47664385599523,0.06040268456375839,0.040268456375838924,0.21182552510997632,0.30640251268422325,0.18624161073825501,0.2411214953271028,0.08982963345379452,0.9101703665462055,0.30586106452397177
L Balaji,21,16,97.8,69.7,3,2,76.19047619047619,71.2678936605317,0.09523809523809523,0.14285714285714285,0.22593336473618358,0.02884754771683981,0.2936507936507936,0.0018691588785046676,0.31868131868131866,0.6813186813186813,0.19874842559813707
LR Shukla,106,97,267.1,212.6,11,11,91.50943396226415,79.59565705728191,0.10377358490566038,0.10377358490566038,0.2680244560657401,0.11065474752355642,0.31996855345911945,0.16074766355140188,0.23149492017416548,0.7685050798258345,0.2704301870380598
LRPL Taylor,109,101,333.6,314.7,18,6,92.66055045871559,94.3345323741007,0.05504587155963303,0.1651376146788991,0.34251928949211463,0.14278811307079006,0.16972477064220182,0.16635514018691588,0.36838390966831336,0.6316160903316866,0.26915237524747393
LS Livingstone,69,128,252.5,447.40000000000003,8,21,185.5072463768116,177.18811881188122,0.30434782608695654,0.11594202898550725,0.7612869354479099,0.1035999033582991,0.9384057971014492,0.09158878504672896,0.25863991081382387,0.7413600891861761,0.5209855994871876
Lalit Yadav,107,119,351.1,339.70000000000005,9,17,111.21495327102804,96.75306180575335,0.1588785046728972,0.08411214953271028,0.3547432851006639,0.1512442618990094,0.4898753894080996,0.16261682242990655,0.1876347951114306,0.8123652048885694,0.34108156752454255
M Jansen,25,24,94.1,87.4,4,3,96.0,92.87991498405952,0.12,0.16,0.3351672034040688,0.027059676250302,0.36999999999999994,0.009345794392523366,0.35692307692307695,0.6430769230769231,0.24528300172057035
M Kaif,24,25,67.1,80.5,4,4,104.16666666666667,119.97019374068556,0.16666666666666666,0.16666666666666666,0.4720898491330842,0.014013046629620676,0.5138888888888888,0.007476635514018691,0.3717948717948718,0.6282051282051282,0.3097600503349336
M Kartik,36,35,147.6,136.20000000000002,1,2,97.22222222222221,92.27642276422766,0.05555555555555555,0.027777777777777776,0.33211696711234945,0.0529113312394298,0.17129629629629628,0.029906542056074764,0.06196581196581197,0.938034188034188,0.2534526158554542
M Manhas,66,72,243.20000000000002,260.8,9,8,109.09090909090908,107.23684210526316,0.12121212121212122,0.13636363636363635,0.40773155254326127,0.0991060642667311,0.3737373737373737,0.08598130841121496,0.30419580419580416,0.6958041958041958,0.3060207813595321
M Markande,27,25,114.10000000000001,127.50000000000001,2,3,92.5925925925926,111.7440841367222,0.1111111111111111,0.07407407407407407,0.4305125475057972,0.03672384633969558,0.34259259259259256,0.013084112149532708,0.16524216524216523,0.8347578347578348,0.2966876423990552
M Morkel,73,116,338.0,554.3000000000001,7,15,158.9041095890411,163.9940828402367,0.2054794520547945,0.0958904109589041,0.6946001977693803,0.14491423049045662,0.6335616438356163,0.09906542056074766,0.21390937829293993,0.78609062170706,0.46784174867205786
M Rawat,54,49,223.60000000000002,201.70000000000002,1,5,90.74074074074075,90.20572450805008,0.09259259259259259,0.018518518518518517,0.3216510178214827,0.0896351775791254,0.28549382716049376,0.06355140186915888,0.04131054131054131,0.9586894586894587,0.28321238085569406
M Shahrukh Khan,92,121,320.8,405.1,6,15,131.52173913043478,126.2780548628429,0.16304347826086957,0.06521739130434782,0.503971729769906,0.13660304421357816,0.5027173913043478,0.13457943925233645,0.14548494983277593,0.8545150501672241,0.3915868960730867
M Vijay,52,39,131.0,107.6,16,4,75.0,82.13740458015266,0.07692307692307693,0.3076923076923077,0.2808712340089723,0.04489007006523314,0.23717948717948717,0.05981308411214953,0.6863905325443788,0.31360946745562124,0.1854372818587562
M Vohra,34,70,66.0,120.0,4,11,205.88235294117646,181.8181818181818,0.3235294117647059,0.11764705882352941,0.7846887055961649,0.013481517274704036,0.9975490196078431,0.026168224299065415,0.26244343891402716,0.7375565610859729,0.5053246689719673
MA Agarwal,92,110,227.9,258.7,18,14,119.56521739130434,113.51469942957438,0.15217391304347827,0.1956521739130435,0.4394617847079532,0.091712974148345,0.4692028985507246,0.13457943925233645,0.4364548494983278,0.5635451505016722,0.32366173390549624
MA Starc,56,61,231.70000000000002,263.20000000000005,4,7,108.92857142857142,113.595166163142,0.125,0.07142857142857142,0.4398684884614374,0.09354916646532979,0.38541666666666663,0.06728971962616823,0.15934065934065933,0.8406593406593407,0.32931315458769483
MC Henriques,43,42,137.9,135.3,9,5,97.67441860465115,98.1145757795504,0.11627906976744186,0.20930232558139536,0.3616247977334463,0.04822420874607393,0.3585271317829457,0.04299065420560748,0.46690518783542045,0.5330948121645795,0.2521618805079656
MEK Hussey,24,16,45.4,23.8,5,1,66.66666666666666,52.422907488986795,0.041666666666666664,0.20833333333333334,0.13068497735281204,0.0035274220826286527,0.1284722222222222,0.007476635514018691,0.46474358974358976,0.5352564102564102,0.12053956728021854
MF Maharoof,56,77,151.3,212.3,4,11,137.5,140.3172504957039,0.19642857142857142,0.07142857142857142,0.5749301657176495,0.05469920270596762,0.6056547619047619,0.06728971962616823,0.15934065934065933,0.8406593406593407,0.3999079649732429
MG Johnson,64,67,331.7,334.40000000000003,7,7,104.6875,100.81398854386497,0.109375,0.109375,0.3752684645603969,0.14187001691229764,0.3372395833333333,0.08224299065420561,0.24399038461538464,0.7560096153846154,0.30533481446080574
MJ McClenaghan,39,43,174.70000000000002,216.70000000000002,8,6,110.25641025641026,124.04121350887236,0.15384615384615385,0.20512820512820512,0.4926660418877978,0.06600628171055811,0.47435897435897434,0.03551401869158878,0.45759368836291914,0.5424063116370809,0.3196562652096613
MJ Santner,32,35,104.6,115.1,3,3,109.375,110.03824091778202,0.09375,0.09375,0.42189068839410165,0.032133365547233624,0.2890625,0.022429906542056073,0.2091346153846154,0.7908653846153846,0.2815054817675909
MK Lomror,47,79,159.1,262.7,8,13,168.08510638297872,165.11627906976744,0.2765957446808511,0.1702127659574468,0.7002721245204806,0.05846822904083111,0.8528368794326241,0.05046728971962616,0.37970540098199673,0.6202945990180033,0.4572373861170138
MK Pandey,205,216,551.7,630.8,28,23,105.3658536585366,114.3375022657241,0.11219512195121951,0.13658536585365855,0.4436204846700716,0.24817588789562697,0.34593495934959345,0.3457943925233645,0.3046904315196998,0.6953095684803001,0.3906015012374055
MK Tiwary,172,189,546.4,667.6,19,22,109.88372093023256,122.18155197657394,0.12790697674418605,0.11046511627906977,0.4832667374564806,0.24561488282193764,0.3943798449612403,0.2841121495327103,0.2464221824686941,0.7535778175313059,0.40767865974247575
MM Ali,32,37,113.8,130.4,6,5,115.625,114.58699472759228,0.15625,0.1875,0.44488149672075356,0.03657888378835467,0.48177083333333326,0.022429906542056073,0.4182692307692308,0.5817307692307692,0.29865643270373776
MM Patel,23,29,105.60000000000001,136.10000000000002,4,5,126.08695652173914,128.88257575757578,0.21739130434782608,0.17391304347826086,0.5171357837453971,0.03261657405170331,0.6702898550724636,0.0056074766355140165,0.3879598662207358,0.6120401337792643,0.3517402809579379
MM Sharma,60,69,279.1,330.5,5,8,114.99999999999999,118.41633823002506,0.13333333333333333,0.08333333333333333,0.464236182896881,0.11645324957719255,0.41111111111111104,0.07476635514018691,0.1858974358974359,0.8141025641025641,0.3458878527561576
MP Stoinis,189,233,685.4,870.3000000000001,16,26,123.28042328042328,126.9769477677269,0.13756613756613756,0.08465608465608465,0.5075041506238089,0.312780864943223,0.4241622574955908,0.31588785046728973,0.18884818884818885,0.8111518111518111,0.447944366263752
MR Marsh,61,66,187.9,188.4,12,7,108.19672131147541,100.26609898882384,0.11475409836065574,0.19672131147540983,0.372499261330062,0.07238463396955787,0.3538251366120218,0.07663551401869159,0.43883984867591425,0.5611601513240858,0.2691560126849267
MS Dhoni,555,819,2107.6,3137.6,41,109,147.56756756756758,148.87075346365535,0.1963963963963964,0.07387387387387387,0.6181622146435559,0.9999999999999999,0.6055555555555555,1.0,0.1647955647955648,0.8352044352044352,0.7907105519790214
MS Gony,36,31,141.29999999999998,124.49999999999999,5,4,86.11111111111111,88.1104033970276,0.1111111111111111,0.1388888888888889,0.31106061700831694,0.04986711766127083,0.34259259259259256,0.029906542056074764,0.30982905982905984,0.6901709401709402,0.24622995958262275
MV Boucher,66,96,219.5,335.1,6,10,145.45454545454547,152.66514806378132,0.15151515151515152,0.09090909090909091,0.6373402582604775,0.08765402271079971,0.4671717171717171,0.08598130841121496,0.2027972027972028,0.7972027972027972,0.40767582962658655
Mandeep Singh,116,127,331.1,403.7,16,13,109.48275862068965,121.92691029900331,0.11206896551724138,0.13793103448275862,0.4819796996773909,0.14158009180961587,0.3455459770114942,0.1794392523364486,0.3076923076923077,0.6923076923076923,0.3520664714724514
Mohammad Nabi,57,71,193.5,238.6,5,9,124.56140350877195,123.30749354005168,0.15789473684210525,0.08771929824561403,0.48895759428348634,0.07509060159458807,0.4868421052631578,0.0691588785046729,0.19568151147098514,0.8043184885290149,0.3537398048159433
Mohammed Shami,47,54,188.9,208.9,7,8,114.89361702127661,110.58761249338274,0.1702127659574468,0.14893617021276595,0.42466738221461714,0.07286784247402754,0.524822695035461,0.05046728971962616,0.3322422258592471,0.6677577741407529,0.3199198195209612
Mohammed Siraj,83,82,436.5,428.5,5,12,98.79518072289156,98.1672394043528,0.14457831325301204,0.060240963855421686,0.36189097597791564,0.19251026818071998,0.4457831325301204,0.11775700934579439,0.13438368860055608,0.865616311399444,0.3458820610587821
Mohsin Khan,20,10,97.10000000000001,45.6,2,1,50.0,46.96189495365602,0.05,0.1,0.1030833313374894,0.02850930176371104,0.15416666666666667,0.0,0.2230769230769231,0.7769230769230769,0.14402379910135674
Mukesh Kumar,20,10,102.30000000000001,48.5,1,0,50.0,47.40957966764418,0.0,0.05,0.10534606831566476,0.031021985986953375,0.0,0.0,0.11153846153846154,0.8884615384615384,0.13347277425337487
N Pooran,147,247,486.40000000000003,758.5,16,38,168.02721088435376,155.94161184210523,0.2585034013605442,0.10884353741496598,0.6539005193487346,0.21662237255375696,0.7970521541950113,0.23738317757009347,0.24280481423338565,0.7571951857666144,0.5139055932519234
N Rana,106,120,328.5,393.90000000000003,19,18,113.20754716981132,119.90867579908678,0.16981132075471697,0.1792452830188679,0.47177891843358194,0.1403237496979947,0.5235849056603773,0.16074766355140188,0.39985486211901305,0.600145137880987,0.3628679580461179
N Wadhera,38,58,120.7,179.9,7,8,152.63157894736844,149.04722452361224,0.21052631578947367,0.18421052631578946,0.6190541539492003,0.03991302246919545,0.6491228070175438,0.03364485981308411,0.4109311740890688,0.5890688259109311,0.3879692421152062
NK Patel,32,44,85.2,124.89999999999999,1,4,137.5,146.59624413145536,0.125,0.03125,0.6066661411517322,0.022759120560521866,0.38541666666666663,0.022429906542056073,0.06971153846153846,0.9302884615384616,0.37222876167839125
NLTC Perera,107,146,295.9,422.1,9,20,136.4485981308411,142.64954376478542,0.18691588785046728,0.08411214953271028,0.5867182970945002,0.12457115245228315,0.5763239875389408,0.16261682242990655,0.1876347951114306,0.8123652048885694,0.4285718340803299
NV Ojha,96,89,309.8,315.1,14,9,92.70833333333334,101.71078114912848,0.09375,0.14583333333333334,0.3798011316948339,0.1312877506644117,0.2890625,0.14205607476635515,0.32532051282051283,0.6746794871794872,0.2978880686921968
Naman Dhir,37,79,133.1,298.7,2,12,213.51351351351352,224.41773102930128,0.32432432432432434,0.05405405405405406,1.0,0.04590480792461947,1.0,0.03177570093457943,0.12058212058212059,0.8794178794178794,0.6041843450631297
Navdeep Saini,24,20,115.2,99.0,2,2,83.33333333333334,85.9375,0.08333333333333333,0.08333333333333333,0.30007809133158087,0.03725537569461222,0.2569444444444444,0.007476635514018691,0.1858974358974359,0.8141025641025641,0.23541459429373224
Naveen-ul-Haq,23,16,98.8,55.9,2,2,69.56521739130434,56.57894736842105,0.08695652173913043,0.08695652173913043,0.1516908880398053,0.02933075622130949,0.2681159420289855,0.0056074766355140165,0.1939799331103679,0.8060200668896321,0.18208501935789737
P Dogra,40,46,139.6,141.7,3,5,114.99999999999999,101.50429799426934,0.125,0.075,0.3787575019811725,0.049045663203672374,0.38541666666666663,0.03738317757009346,0.1673076923076923,0.8326923076923077,0.2915157488990732
P Dubey,20,16,38.1,25.9,1,2,80.0,67.97900262467192,0.1,0.05,0.20931029244556648,0.0,0.30833333333333335,0.0,0.11153846153846154,0.8884615384615384,0.20835475620210211
P Kumar,133,142,589.8000000000001,624.3000000000001,13,17,106.76691729323309,105.84944048830111,0.12781954887218044,0.09774436090225563,0.40071919575691056,0.26658613191592173,0.394110275689223,0.21121495327102804,0.21804511278195488,0.7819548872180451,0.3758925245597413
P Negi,89,86,313.8,305.8,10,9,96.62921348314607,97.45060548119821,0.10112359550561797,0.11235955056179775,0.358268886531771,0.1332205846822904,0.31179775280898875,0.12897196261682242,0.25064822817631804,0.749351771823682,0.29974989095293236
P Ray Barman,25,19,82.2,59.900000000000006,1,2,76.0,72.87104622871047,0.08,0.04,0.2340361935447876,0.021309495047112825,0.24666666666666665,0.009345794392523366,0.08923076923076924,0.9107692307692308,0.21671883373825543
P Simran Singh,38,33,119.9,99.9,8,5,86.8421052631579,83.31943286071727,0.13157894736842105,0.21052631578947367,0.28684557044734643,0.039526455665619714,0.40570175438596484,0.03364485981308411,0.46963562753036436,0.5303643724696356,0.22921599294979705
PA Patel,41,18,93.5,36.5,12,1,43.90243902439025,39.037433155080215,0.024390243902439025,0.2926829268292683,0.0630306509945778,0.026769751147620195,0.07520325203252032,0.03925233644859813,0.6529080675422139,0.34709193245778613,0.08063069715295365
PD Collingwood,25,35,54.0,65.7,2,3,140.0,121.66666666666669,0.12,0.08,0.48066434788666995,0.007683015221067888,0.36999999999999994,0.009345794392523366,0.17846153846153848,0.8215384615384616,0.3092089908783261
PJ Cummins,143,258,488.3,737.2,16,39,180.41958041958043,150.9727626459144,0.2727272727272727,0.11188811188811189,0.6287864190368457,0.21754046871224933,0.8409090909090907,0.22990654205607475,0.24959655728886498,0.750403442711135,0.5101230530568467
PJ Sangwan,23,12,94.9,54.2,3,0,52.17391304347826,57.112750263435196,0.0,0.13043478260869565,0.15438889293446767,0.02744624305387775,0.0,0.0056074766355140165,0.29096989966555187,0.7090301003344481,0.13264180481930504
PK Garg,22,16,69.3,46.0,6,1,72.72727272727273,66.37806637806638,0.045454545454545456,0.2727272727272727,0.20121866561152757,0.015076105339453971,0.14015151515151514,0.003738317757009342,0.6083916083916083,0.39160839160839167,0.13493987339601596
PP Chawla,216,244,840.7,944.3000000000001,29,32,112.96296296296295,112.32306411323898,0.14814814814814814,0.13425925925925927,0.4334388913400928,0.3878231456873641,0.45679012345679004,0.3663551401869159,0.29950142450142453,0.7004985754985755,0.44218104548728693
PV Tambe,35,16,159.0,68.30000000000001,1,1,45.714285714285715,42.955974842767304,0.02857142857142857,0.02857142857142857,0.08283617238096536,0.058419908190384146,0.08809523809523809,0.028037383177570097,0.06373626373626373,0.9362637362637363,0.15464390419822877
PVD Chameera,20,25,107.4,133.9,2,4,125.0,124.67411545623837,0.2,0.1,0.4958649240365908,0.03348634935974873,0.6166666666666667,0.0,0.2230769230769231,0.7769230769230769,0.3521166184450517
PWH de Silva,32,37,98.7,107.3,5,4,115.625,108.71327254305979,0.125,0.15625,0.41519388851972344,0.029282435370862524,0.38541666666666663,0.022429906542056073,0.3485576923076923,0.6514423076923077,0.278959686575158
Q de Kock,30,19,66.2,41.800000000000004,10,1,63.33333333333333,63.14199395770393,0.03333333333333333,0.3333333333333333,0.18486255493627846,0.01357815897559797,0.10277777777777776,0.018691588785046724,0.7435897435897436,0.2564102564102564,0.11195786459704626
R Ashwin,196,240,821.9,1044.2,24,29,122.44897959183673,127.04708602019711,0.14795918367346939,0.12244897959183673,0.5078586510400398,0.37873882580333407,0.45620748299319724,0.32897196261682243,0.2731554160125589,0.7268445839874411,0.46289660955509443
R Bhatia,142,156,467.3,520.1,16,15,109.85915492957747,111.29895142306869,0.1056338028169014,0.11267605633802817,0.4282627091264462,0.20739309011838608,0.32570422535211263,0.2280373831775701,0.25135427952329364,0.7486457204767063,0.35966603405097575
R Dhawan,102,92,345.8,331.2,5,12,90.19607843137256,95.77790630422209,0.11764705882352941,0.049019607843137254,0.34981454765700776,0.14868325682532013,0.3627450980392156,0.15327102803738318,0.10935143288084465,0.8906485671191553,0.3260731815096881
R Dravid,87,128,303.0,473.8,9,18,147.1264367816092,156.36963696369637,0.20689655172413793,0.10344827586206896,0.6560638906677694,0.12800193283401787,0.6379310344827586,0.1252336448598131,0.23076923076923078,0.7692307692307692,0.45302062376668645
R McLaren,50,37,173.20000000000002,119.9,4,1,74.0,69.22632794457274,0.02,0.08,0.21561466031198567,0.06528146895385359,0.06166666666666666,0.05607476635514019,0.17846153846153848,0.8215384615384616,0.19160055945477555
R Parag,117,120,320.4,300.2,13,14,102.56410256410255,93.69538077403247,0.11965811965811966,0.1111111111111111,0.33928881966603835,0.13640976081179026,0.36894586894586895,0.18130841121495328,0.24786324786324787,0.7521367521367521,0.31060534432385956
R Powell,110,172,419.6,666.0,14,23,156.36363636363637,158.72259294566254,0.20909090909090908,0.12727272727272726,0.6679564577848915,0.1843440444551824,0.6446969696969695,0.16822429906542055,0.2839160839160839,0.7160839160839161,0.4734173532612578
R Rampaul,25,35,102.1,145.5,0,4,140.0,142.50734573947113,0.16,0.0,0.5859995843038941,0.030925344286059427,0.4933333333333333,0.009345794392523366,0.0,1.0,0.38823305973675626
R Sathish,59,57,253.7,229.4,6,4,96.61016949152543,90.42175798186835,0.06779661016949153,0.1016949152542373,0.3227429178003263,0.10417975356366271,0.20903954802259886,0.07289719626168224,0.22685788787483704,0.7731421121251629,0.2586096824761883
R Sharma,41,26,177.70000000000002,100.4,6,3,63.41463414634146,56.499718626899266,0.07317073170731707,0.14634146341463414,0.15129044148093446,0.06745590722396715,0.22560975609756095,0.03925233644859813,0.32645403377110693,0.6735459662288931,0.17689954182913203
R Shepherd,39,49,154.3,189.20000000000002,4,6,125.64102564102564,122.61827608554763,0.15384615384615385,0.10256410256410256,0.48547407614765953,0.05614882821937667,0.47435897435897434,0.03551401869158878,0.22879684418145957,0.7712031558185404,0.3375543982459635
R Tewatia,380,470,1243.7,1544.1,23,59,123.6842105263158,124.15373482351049,0.15526315789473685,0.060526315789473685,0.49323475940597356,0.5825561729886446,0.47872807017543856,0.6728971962616823,0.13502024291497977,0.8649797570850202,0.577512974713322
R Vinay Kumar,163,158,605.2,591.0,12,14,96.93251533742331,97.65366820885657,0.08588957055214724,0.0736196319018405,0.3592952283486906,0.2740275428847547,0.26482617586912066,0.2672897196261682,0.16422840962718266,0.8357715903728173,0.3576547590048054
RA Jadeja,510,657,1641.1000000000001,2242.7,41,72,128.82352941176472,136.6583389190177,0.1411764705882353,0.0803921568627451,0.5564368951954382,0.7745832326648949,0.4352941176470588,0.9158878504672897,0.17933634992458525,0.8206636500754148,0.6731423817093208
RA Tripathi,101,93,359.1,347.8,22,11,92.07920792079209,96.85324422166526,0.10891089108910891,0.21782178217821782,0.3552496380092263,0.15510992993476685,0.3358085808580858,0.15140186915887852,0.4859101294744859,0.5140898705255141,0.287605410342017
RD Chahar,51,52,212.0,201.1,5,8,101.96078431372548,94.85849056603773,0.1568627450980392,0.09803921568627451,0.34516753621323265,0.08402995892727712,0.4836601307189542,0.05794392523364486,0.2187028657616893,0.7812971342383107,0.3011864492231716
RE van der Merwe,35,28,81.1,68.7,5,2,80.0,84.71023427866832,0.05714285714285714,0.14285714285714285,0.29387511087918666,0.020777965692196178,0.17619047619047618,0.028037383177570097,0.31868131868131866,0.6813186813186813,0.20681682726783945
RG Sharma,255,299,664.6999999999999,787.8,46,39,117.25490196078432,118.51963291710548,0.15294117647058825,0.1803921568627451,0.46475826618630983,0.3027784489007006,0.4715686274509804,0.4392523364485981,0.4024132730015083,0.5975867269984917,0.43474182267516953
RJ Harris,63,58,234.3,209.8,8,4,92.06349206349206,89.54332052923603,0.06349206349206349,0.12698412698412698,0.3183030232830927,0.09480550857695096,0.19576719576719573,0.08037383177570094,0.28327228327228327,0.7167277167277167,0.24820136109752633
RK Singh,120,234,481.90000000000003,941.2,7,36,195.0,195.31023033824445,0.3,0.058333333333333334,0.8528816908462473,0.2144479342836434,0.9249999999999998,0.18691588785046728,0.13012820512820514,0.8698717948717949,0.6058951380318469
RM Patidar,30,24,74.7,65.3,6,2,80.0,87.41633199464523,0.06666666666666667,0.2,0.3075525655189687,0.01768543126359024,0.20555555555555552,0.018691588785046724,0.4461538461538462,0.5538461538461539,0.20108644278324234
RN ten Doeschate,49,62,157.29999999999998,216.39999999999998,6,9,126.53061224489797,137.5715193897012,0.1836734693877551,0.12244897959183673,0.5610523916691861,0.05759845373278569,0.5663265306122449,0.05420560747663551,0.2731554160125589,0.7268445839874411,0.3765322296294877
RP Singh,42,23,201.3,112.7,8,1,54.761904761904766,55.986090412319925,0.023809523809523808,0.19047619047619047,0.14869440565963182,0.07885962792945156,0.0734126984126984,0.0411214953271028,0.4249084249084249,0.575091575091575,0.14644723553336172
RR Pant,181,219,533.0,667.8,29,30,120.99447513812154,125.29080675422138,0.16574585635359115,0.16022099447513813,0.49898187255072307,0.239139888862044,0.511049723756906,0.30093457943925234,0.35741606459838504,0.642583935401615,0.4204846666278493
RR Rossouw,31,33,97.9,118.10000000000001,9,5,106.4516129032258,120.63329928498467,0.16129032258064516,0.2903225806451613,0.4754413896003747,0.028895868567286785,0.4973118279569892,0.0205607476635514,0.6476426799007445,0.35235732009925547,0.2865450718549594
RS Bopara,21,16,48.3,36.6,5,2,76.19047619047619,75.77639751552796,0.09523809523809523,0.23809523809523808,0.2487207373450595,0.004928726745590719,0.2936507936507936,0.0018691588785046676,0.5311355311355311,0.46886446886446886,0.17949887952301014
RV Patel,22,19,93.10000000000001,86.2,2,1,86.36363636363636,92.58861439312567,0.045454545454545456,0.09090909090909091,0.3336948801411222,0.026576467745832326,0.14015151515151514,0.003738317757009342,0.2027972027972028,0.7972027972027972,0.22474107964240925
RV Uthappa,193,210,532.1,633.2,37,25,108.80829015544042,119.00018793459877,0.12953367875647667,0.19170984455958548,0.46718713984260024,0.23870500120802127,0.3993955094991364,0.3233644859813084,0.4276604224790753,0.5723395775209247,0.3888397063210747
Rashid Khan,201,342,857.7,1405.0,19,51,170.1492537313433,163.81019004313862,0.2537313432835821,0.0945273631840796,0.6936707467092644,0.3960376902633487,0.7823383084577114,0.3383177570093458,0.21086873325679298,0.789131266743207,0.588805720408459
Rasikh Salam,27,23,105.9,94.2,3,2,85.18518518518519,88.95184135977337,0.07407407407407407,0.1111111111111111,0.3153135046626311,0.03276153660304421,0.22839506172839502,0.013084112149532708,0.24786324786324787,0.7521367521367521,0.2299856620780463
Ravi Bishnoi,42,26,179.3,106.10000000000001,4,2,61.904761904761905,59.17456776352482,0.047619047619047616,0.09523809523809523,0.1648099561379463,0.06822904083111862,0.1468253968253968,0.0411214953271028,0.21245421245421245,0.7875457875457875,0.18168735743351455
S Aravind,42,50,190.8,230.70000000000002,2,7,119.04761904761905,120.91194968553461,0.16666666666666666,0.047619047619047616,0.4768497748894119,0.07378593863251993,0.5138888888888888,0.0411214953271028,0.10622710622710622,0.8937728937728938,0.3579727528791123
S Badree,22,10,61.7,21.5,4,0,45.45454545454545,34.84602917341977,0.0,0.18181818181818182,0.04184599919959739,0.011403720705484417,0.0,0.003738317757009342,0.4055944055944056,0.5944055944055944,0.07749833700034103
S Badrinath,89,89,272.6,293.5,14,12,100.0,107.66691122523844,0.1348314606741573,0.15730337078651685,0.4099052548621774,0.11331239429813966,0.41573033707865165,0.12897196261682242,0.3509075194468453,0.6490924805531547,0.3184095307859336
S Dhawan,78,68,193.79999999999998,180.0,14,9,87.17948717948718,92.87925696594428,0.11538461538461539,0.1794871794871795,0.3351638775770411,0.07523556414592895,0.3557692307692308,0.10841121495327102,0.40039447731755423,0.5996055226824457,0.26570386731506646
S Dube,132,154,434.3,502.20000000000005,13,17,116.66666666666667,115.63435413308774,0.12878787878787878,0.09848484848484848,0.4501751750220346,0.1914472094708867,0.39709595959595956,0.20934579439252338,0.2196969696969697,0.7803030303030303,0.37441967975400925
S Gopal,79,86,312.40000000000003,320.7,7,11,108.86075949367088,102.65685019206146,0.13924050632911392,0.08860759493670886,0.38458285718257984,0.13254409277603288,0.42932489451476785,0.11028037383177569,0.1976630963972736,0.8023369036027264,0.3289145038201653
S Kaul,21,10,114.7,54.5,2,0,47.61904761904761,47.51525719267654,0.0,0.09523809523809523,0.10588019520492706,0.037013771442377386,0.0,0.0018691588785046676,0.21245421245421245,0.7875457875457875,0.12534646376867326
S Nadeem,58,30,255.70000000000002,123.7,9,2,51.724137931034484,48.3770043019163,0.034482758620689655,0.15517241379310345,0.11023573156564384,0.10514617057260207,0.10632183908045977,0.07102803738317758,0.3461538461538462,0.6538461538461537,0.15685614554528682
S Rana,23,28,99.4,122.9,2,4,121.73913043478262,123.64185110663983,0.17391304347826086,0.08695652173913043,0.4906475408155267,0.029620681323991302,0.536231884057971,0.0056074766355140165,0.1939799331103679,0.8060200668896321,0.3410097204094181
SA Yadav,169,219,444.5,537.1,28,31,129.58579881656803,120.83239595050618,0.1834319526627219,0.16568047337278108,0.4764476857128635,0.1963759362164774,0.5655818540433925,0.27850467289719627,0.36959490213928087,0.6304050978607192,0.40550416288078184
SC Ganguly,102,126,209.7,269.5,9,16,123.52941176470588,128.5169289461135,0.1568627450980392,0.08823529411764706,0.51528769169446,0.08291857936699686,0.4836601307189542,0.15327102803738318,0.19683257918552038,0.8031674208144797,0.37693675282970873
SE Marsh,31,30,82.6,78.80000000000001,11,4,96.7741935483871,95.3995157384988,0.12903225806451613,0.3548387096774194,0.3479020447313943,0.021502778448900695,0.3978494623655913,0.0205607476635514,0.7915632754342432,0.2084367245657568,0.21074661422916027
SE Rutherford,40,18,118.6,58.9,6,1,45.0,49.66273187183811,0.025,0.15,0.11673419627846532,0.038898284609809125,0.07708333333333334,0.03738317757009346,0.3346153846153846,0.6653846153846155,0.1342899780238907
SK Raina,112,154,290.59999999999997,413.09999999999997,19,22,137.5,142.15416379903647,0.19642857142857142,0.16964285714285715,0.5842144935655349,0.12201014737859384,0.6056547619047619,0.17196261682242991,0.378434065934066,0.6215659340659341,0.4137768098082578
SK Trivedi,31,21,157.8,111.10000000000001,2,1,67.74193548387096,70.40557667934094,0.03225806451612903,0.06451612903225806,0.22157494806640982,0.05784005798502054,0.09946236559139783,0.0205607476635514,0.14392059553349876,0.8560794044665012,0.19562265375439108
SK Warne,111,113,350.8,353.0,11,13,101.8018018018018,100.62713797035347,0.11711711711711711,0.0990990990990991,0.37432406398368007,0.15109929934766853,0.36111111111111105,0.17009345794392525,0.22106722106722107,0.7789327789327789,0.3263622104827385
SL Malinga,77,70,390.2,356.1,10,9,90.9090909090909,91.26089185033317,0.11688311688311688,0.12987012987012986,0.32698415984966933,0.17013771442377384,0.36038961038961037,0.10654205607476636,0.28971028971028967,0.7102897102897103,0.29804760555195525
SM Curran,96,133,309.1,452.40000000000003,17,16,138.54166666666669,146.36040116467163,0.16666666666666666,0.17708333333333334,0.6054741178699228,0.13094950471128292,0.5138888888888888,0.14205607476635515,0.3950320512820513,0.6049679487179487,0.40354185685237515
SN Khan,66,51,183.3,138.5,14,7,77.27272727272727,75.55919258046917,0.10606060606060606,0.21212121212121213,0.24762291643886547,0.07016187484899734,0.327020202020202,0.08598130841121496,0.4731934731934732,0.5268065268065267,0.21883936871121745
SN Thakur,109,144,411.90000000000003,553.4,11,18,132.11009174311928,134.35299830055837,0.1651376146788991,0.10091743119266056,0.5447849908491675,0.1806233389707659,0.5091743119266054,0.16635514018691588,0.22512350035285816,0.7748764996471418,0.4146476493216425
SO Hetmyer,133,219,386.0,607.3,14,30,164.66165413533835,157.33160621761658,0.22556390977443608,0.10526315789473684,0.6609259807385297,0.1681082387050012,0.6954887218045112,0.21121495327102804,0.23481781376518218,0.7651821862348178,0.4858749228195483
SP Narine,92,117,346.0,394.40000000000003,17,15,127.17391304347827,113.9884393063584,0.16304347826086957,0.18478260869565216,0.441856212535712,0.14877989852621407,0.5027173913043478,0.13457943925233645,0.4122073578595318,0.5877926421404682,0.34621843781660216
SPD Smith,206,227,520.4,594.0,24,27,110.19417475728154,114.14296694850117,0.13106796116504854,0.11650485436893204,0.44263724302235025,0.23305146170572602,0.40412621359223294,0.34766355140186916,0.2598954443614638,0.7401045556385362,0.399964820797223
SR Tendulkar,44,38,97.1,74.2,9,3,86.36363636363636,76.41606591143152,0.06818181818181818,0.20454545454545456,0.2519538192170918,0.028509301763711033,0.21022727272727268,0.044859813084112146,0.45629370629370636,0.5437062937062936,0.18794485440924696
SR Watson,82,75,243.0,216.4,21,9,91.46341463414635,89.05349794238684,0.10975609756097561,0.25609756097560976,0.315827308465547,0.09900942256583715,0.33841463414634143,0.11588785046728972,0.5712945590994372,0.42870544090056284,0.2463078303865017
SS Iyer,131,148,337.9,361.59999999999997,15,18,112.97709923664124,107.01390944066291,0.13740458015267176,0.11450381679389313,0.4066047819208282,0.14486590964000964,0.42366412213740456,0.2074766355140187,0.2554315913094539,0.7445684086905461,0.3476561055990604
SS Prabhudessai,47,58,150.5,182.8,4,7,123.40425531914893,121.46179401993355,0.14893617021276595,0.0851063829787234,0.4796288581790808,0.05431263590239188,0.4592198581560283,0.05046728971962616,0.18985270049099837,0.8101472995090017,0.33891606147052455
SS Tiwary,193,225,637.5,792.3000000000001,15,23,116.580310880829,124.28235294117648,0.11917098445595854,0.07772020725388601,0.4938848351441277,0.2896351775791254,0.3674438687392055,0.3233644859813084,0.1733758469509765,0.8266241530490235,0.43155215520820545
STR Binny,176,213,598.7,745.3,20,27,121.02272727272727,124.48638717220643,0.1534090909090909,0.11363636363636363,0.4949160872394968,0.2708866876057019,0.4730113636363636,0.29158878504672897,0.2534965034965035,0.7465034965034965,0.4302826743880629
SV Samson,179,199,533.2,611.9,32,26,111.17318435754191,114.75993998499622,0.1452513966480447,0.1787709497206704,0.4457556155300419,0.2392365305629379,0.4478584729981378,0.297196261682243,0.39879673399226473,0.6012032660077353,0.38770213487907973
Sachin Baby,26,22,111.60000000000001,112.10000000000001,6,2,84.61538461538461,100.44802867383513,0.07692307692307693,0.23076923076923078,0.3734187902146549,0.035515825078521385,0.23717948717948717,0.011214953271028033,0.5147928994082841,0.4852071005917159,0.2253554089715084
Sandeep Sharma,56,48,269.6,220.8,4,4,85.71428571428571,81.89910979228486,0.07142857142857142,0.07142857142857142,0.2796668184652484,0.11186276878473062,0.2202380952380952,0.06728971962616823,0.15934065934065933,0.8406593406593407,0.25304418495459313
Shahbaz Ahmed,133,147,408.90000000000003,447.40000000000003,15,16,110.5263157894737,109.41550501345073,0.12030075187969924,0.11278195488721804,0.4187431885703637,0.17917371345735686,0.3709273182957393,0.21121495327102804,0.2515905147484095,0.7484094852515906,0.35351583362414063
Shakib Al Hasan,99,107,358.0,398.3,12,11,108.08080808080808,111.25698324022346,0.1111111111111111,0.12121212121212122,0.42805058895288756,0.1545784005798502,0.34259259259259256,0.14766355140186915,0.2703962703962704,0.7296037296037297,0.33496110083801545
Shashank Singh,93,137,310.3,434.2,7,19,147.31182795698925,139.92910087012567,0.20430107526881722,0.07526881720430108,0.5729683374858192,0.13152935491664652,0.6299283154121864,0.13644859813084112,0.16790736145574855,0.8320926385442514,0.43158705773507766
Shivam Mavi,42,39,226.9,215.9,6,5,92.85714285714286,95.15204936095196,0.11904761904761904,0.14285714285714285,0.34665127313738103,0.09122976564387533,0.367063492063492,0.0411214953271028,0.31868131868131866,0.6813186813186813,0.27349500324950954
Shubman Gill,62,69,219.4,253.4,11,6,111.29032258064515,115.49680948040108,0.0967741935483871,0.1774193548387097,0.4494799818156107,0.08760570186035274,0.2983870967741935,0.07850467289719626,0.3957816377171216,0.6042183622828784,0.29617502077954827
Sikandar Raza,26,28,76.39999999999999,79.69999999999999,3,3,107.6923076923077,104.31937172774867,0.11538461538461539,0.11538461538461539,0.39298575511112493,0.018506885721188686,0.3557692307692308,0.011214953271028033,0.25739644970414205,0.7426035502958579,0.2714797183548155
T Stubbs,45,89,157.0,326.8,3,13,197.77777777777777,208.15286624203821,0.28888888888888886,0.06666666666666667,0.9177923439214501,0.057453491181444785,0.8907407407407406,0.04672897196261683,0.14871794871794872,0.8512820512820513,0.5613393552015775
TA Boult,24,9,118.7,40.2,1,0,37.5,33.86689132266218,0.0,0.041666666666666664,0.036897133731523896,0.0389466054602561,0.0,0.007476635514018691,0.09294871794871795,0.907051282051282,0.11447727170332841
TG Southee,42,39,150.4,145.5,5,4,92.85714285714286,96.74202127659575,0.09523809523809523,0.11904761904761904,0.35468748285233387,0.054264315051944914,0.2936507936507936,0.0411214953271028,0.26556776556776557,0.7344322344322345,0.26136576455121097
TH David,101,157,332.3,501.9,12,19,155.44554455445544,151.03821847727957,0.18811881188118812,0.1188118811881188,0.6291172530489069,0.14215994201497947,0.58003300330033,0.15140186915887852,0.26504188880426505,0.734958111195735,0.438942066059317
TK Curran,58,82,196.9,306.0,2,10,141.3793103448276,155.4088369730828,0.1724137931034483,0.034482758620689655,0.651207710415322,0.07673351050978497,0.5316091954022988,0.07102803738317758,0.07692307692307693,0.9230769230769231,0.4298093534983227
TL Suman,75,58,209.4,160.8,9,6,77.33333333333333,76.79083094555874,0.08,0.12,0.25384799758492693,0.08277361681565595,0.24666666666666665,0.10280373831775702,0.2676923076923077,0.7323076923076923,0.23519153333707118
TM Dilshan,55,59,134.0,138.8,9,11,107.27272727272728,103.58208955223883,0.2,0.16363636363636364,0.389259303012696,0.046339695578642176,0.6166666666666667,0.06542056074766354,0.365034965034965,0.634965034965035,0.31363526755775717
Tilak Varma,80,120,236.1,345.3,9,18,150.0,146.25158831003813,0.225,0.1125,0.6049241440553454,0.09567528388499637,0.69375,0.11214953271028039,0.25096153846153846,0.7490384615384615,0.4314310474510082
UT Yadav,144,162,664.8,696.7,15,20,112.5,104.79843561973527,0.1388888888888889,0.10416666666666667,0.39540709215801667,0.30282676975114764,0.4282407407407407,0.23177570093457944,0.23237179487179488,0.7676282051282051,0.38986446145721126
V Kohli,334,399,966.6,1166.7,47,45,119.46107784431138,120.70142768466792,0.1347305389221557,0.1407185628742515,0.4757857315991308,0.4486590964000966,0.41541916167664666,0.5869158878504673,0.31391064025794563,0.6860893597420543,0.4976489735629924
V Sehwag,37,31,72.3,55.0,14,5,83.78378378378379,76.0719225449516,0.13513513513513514,0.3783783783783784,0.25021441222642016,0.016525730852863005,0.41666666666666663,0.03177570093457943,0.8440748440748441,0.15592515592515588,0.1745653477251653
V Shankar,105,130,339.1,456.70000000000005,18,13,123.80952380952381,134.6800353877912,0.12380952380952381,0.17142857142857143,0.5464379374148975,0.14544575984537328,0.3817460317460317,0.15887850467289721,0.38241758241758245,0.6175824175824176,0.37046664027763854
VR Aaron,36,25,203.5,133.20000000000002,2,3,69.44444444444444,65.45454545454547,0.08333333333333333,0.05555555555555555,0.19655090529165054,0.07992268663928484,0.2569444444444444,0.029906542056074764,0.12393162393162394,0.8760683760683761,0.2194079740938144
VR Iyer,36,28,70.4,45.6,3,1,77.77777777777779,64.77272727272727,0.027777777777777776,0.08333333333333333,0.1931047853679912,0.015607634694370619,0.08564814814814814,0.029906542056074764,0.1858974358974359,0.8141025641025641,0.17023204349327942
VY Mahesh,22,9,88.7,39.4,2,0,40.909090909090914,44.41939120631341,0.0,0.09090909090909091,0.0902327312019357,0.024450350326165736,0.0,0.003738317757009342,0.2027972027972028,0.7972027972027972,0.11797507088605005
WD Parnell,31,14,125.7,59.9,6,0,45.16129032258064,47.65314240254574,0.0,0.1935483870967742,0.10657710969265904,0.04232906499154385,0.0,0.0205607476635514,0.4317617866004963,0.5682382133995036,0.10779218812979971
WP Saha,157,171,476.40000000000003,494.0,19,14,108.9171974522293,103.69437447523089,0.08917197452229299,0.12101910828025478,0.38982682573439525,0.21179028750906018,0.27494692144373667,0.2560747663551402,0.2699657030867222,0.7300342969132778,0.3420436437454627
Washington Sundar,132,180,487.1,683.2,13,24,136.36363636363635,140.25867378361733,0.18181818181818182,0.09848484848484848,0.574634100901593,0.21696061850688572,0.5606060606060606,0.20934579439252338,0.2196969696969697,0.7803030303030303,0.4488851712223696
Y Nagar,92,122,344.1,445.4,8,16,132.6086956521739,129.43911653589072,0.17391304347826086,0.08695652173913043,0.5199487129333011,0.14786180236772167,0.536231884057971,0.13457943925233645,0.1939799331103679,0.8060200668896321,0.40017120530409517
Y Venugopal Rao,132,180,427.5,590.6,12,24,136.36363636363635,138.15204678362574,0.18181818181818182,0.09090909090909091,0.563986556629555,0.18816139164049286,0.5606060606060606,0.20934579439252338,0.2027972027972028,0.7972027972027972,0.43964870070053474
YK Pathan,318,436,756.4,976.8,36,63,137.1069182389937,129.13802221047064,0.19811320754716982,0.11320754716981132,0.5184268891078292,0.3470886687605702,0.6108490566037735,0.5570093457943925,0.2525399129172714,0.7474600870827286,0.5181463474458805
YS Chahal,67,28,331.40000000000003,133.0,4,0,41.7910447761194,40.132770066385035,0.0,0.05970149253731343,0.0685668224458893,0.14172505436095675,0.0,0.08785046728971962,0.13318025258323765,0.8668197474167624,0.15928919628143462
Yashpal Singh,29,23,68.7,52.699999999999996,2,3,79.3103448275862,76.7103347889374,0.10344827586206896,0.06896551724137931,0.2534411451182311,0.014786180236772167,0.3189655172413793,0.016822429906542057,0.15384615384615385,0.8461538461538461,0.22738452253814675
Yuvraj Singh,172,144,507.90000000000003,402.6,23,18,83.72093023255815,79.26757235676314,0.10465116279069768,0.13372093023255813,0.26636621453851866,0.22701135539985504,0.3226744186046511,0.2841121495327103,0.2983005366726297,0.7016994633273703,0.31116894549178653
Z Khan,83,56,390.2,266.40000000000003,10,4,67.46987951807229,68.27268067657613,0.04819277108433735,0.12048192771084337,0.21079463213141902,0.17013771442377384,0.14859437751004015,0.11775700934579439,0.26876737720111216,0.7312326227988879,0.22938852016020406
