bowler,momentum_balls,momentum_runs,momentum_pressure_exposure,momentum_weighted_runs,momentum_wickets,momentum_dot_balls,momentum_economy_raw,momentum_dot_rate_raw,momentum_wicket_rate_raw,momentum_pressure_exposure_norm,momentum_dot_rate_raw_norm,momentum_wicket_rate_raw_norm,momentum_balls_norm,momentum_eco_temp,momentum_economy_norm,momentum_breaker_score
A Ashish Reddy,60,138,149.3,364.7,4,8,13.799999999999999,0.13333333333333333,0.06666666666666667,0.06783663050414807,0.36444444444444446,0.5066666666666667,0.058252427184466014,0.3973174366616987,0.6026825633383013,0.4159922473817113
A Kumble,97,183,283.90000000000003,555.1,2,28,11.319587628865978,0.28865979381443296,0.020618556701030927,0.15373324824505427,0.7890034364261168,0.15670103092783505,0.1181229773462783,0.16812881220520204,0.831871187794798,0.5469316035794087
A Mishra,531,1095,1416.8,2975.5,16,111,12.372881355932204,0.20903954802259886,0.030131826741996232,0.8767070835992343,0.5713747645951036,0.2290018832391714,0.8203883495145632,0.26545252469120206,0.7345474753087979,0.6154452274660692
A Mithun,42,97,129.5,305.8,0,6,13.857142857142856,0.14285714285714285,0.0,0.05520102105934907,0.3904761904761905,0.0,0.029126213592233004,0.4025974025974024,0.5974025974025976,0.315142680175115
A Nehra,287,607,744.2,1619.8,16,68,12.689895470383277,0.23693379790940766,0.05574912891986063,0.447479259731972,0.6476190476190476,0.4236933797909408,0.42556634304207125,0.2947444398863832,0.7052555601136168,0.5807874441801202
A Nortje,185,428,576.2,1270.4,9,43,13.881081081081081,0.23243243243243245,0.04864864864864865,0.34026802807913215,0.6353153153153154,0.3697297297297298,0.2605177993527508,0.40480928021911633,0.5951907197808837,0.5011701094412724
A Singh,62,145,170.4,418.2,4,12,14.03225806451613,0.1935483870967742,0.06451612903225806,0.0813018506700702,0.5290322580645161,0.4903225806451613,0.061488673139158574,0.41877794336810736,0.5812220566318926,0.4480293528472466
A Symonds,76,195,200.8,525.2,5,13,15.394736842105264,0.17105263157894737,0.06578947368421052,0.10070197830248884,0.4675438596491228,0.5,0.08414239482200647,0.5446701702094281,0.4553298297905719,0.39473584265143036
A Zampa,58,140,153.5,373.9,2,9,14.482758620689655,0.15517241379310345,0.034482758620689655,0.07051691129546905,0.4241379310344828,0.2620689655172414,0.05501618122977347,0.4604039262038131,0.5395960737961869,0.35986021094325865
AA Chavan,44,107,104.9,259.3,2,11,14.59090909090909,0.25,0.045454545454545456,0.0395022335673261,0.6833333333333333,0.3454545454545455,0.032362459546925564,0.4703969651808697,0.5296030348191303,0.43247177392236325
AB Agarkar,133,313,410.3,962.6,2,22,14.1203007518797,0.16541353383458646,0.015037593984962405,0.23439693682195278,0.4521303258145363,0.11428571428571428,0.17637540453074432,0.42691303519603774,0.5730869648039623,0.37754739612743343
AB Dinda,182,413,548.9,1255.5,8,32,13.615384615384615,0.17582417582417584,0.04395604395604396,0.3228462029355456,0.48058608058608066,0.3340659340659341,0.255663430420712,0.38025908517711793,0.6197409148228821,0.46171999048334145
AB McDonald,26,57,59.0,130.0,2,5,13.153846153846155,0.19230769230769232,0.07692307692307693,0.010210593490746652,0.5256410256410257,0.5846153846153846,0.003236245954692553,0.3376132064656656,0.6623867935343344,0.4815133950148942
AC Thomas,35,64,112.9,195.8,1,8,10.971428571428572,0.22857142857142856,0.02857142857142857,0.04460753031269943,0.6247619047619047,0.21714285714285714,0.017799352750809058,0.13595912284436862,0.8640408771556314,0.5082740429298693
AD Mascarenhas,34,66,110.9,211.8,1,7,11.647058823529411,0.20588235294117646,0.029411764705882353,0.0433312061263561,0.5627450980392157,0.2235294117647059,0.016181229773462785,0.19838695537827644,0.8016130446217236,0.47190796607033025
AD Mathews,154,329,400.8,848.3,4,22,12.818181818181817,0.14285714285714285,0.025974025974025976,0.22833439693682195,0.3904761904761905,0.19740259740259744,0.21035598705501618,0.30659802194824537,0.6934019780517546,0.42365929781686507
AD Russell,322,760,842.9,2079.4,13,71,14.161490683229815,0.2204968944099379,0.040372670807453416,0.5104658583280154,0.6026915113871636,0.306832298136646,0.482200647249191,0.43071896029843293,0.5692810397015671,0.5105543519273892
AF Milne,48,120,129.5,317.9,0,7,15.0,0.14583333333333334,0.0,0.05520102105934907,0.39861111111111114,0.0,0.03883495145631068,0.5081967213114753,0.4918032786885247,0.28118752257032736
AG Murtaza,43,92,108.2,249.5,0,7,12.83720930232558,0.16279069767441862,0.0,0.041608168474792595,0.44496124031007755,0.0,0.03074433656957929,0.30835615014036644,0.6916438498596336,0.3605509080328283
AJ Tye,109,241,349.59999999999997,800.1999999999999,5,20,13.266055045871559,0.1834862385321101,0.045871559633027525,0.19566049776643266,0.5015290519877676,0.3486238532110092,0.13754045307443366,0.3479812411982661,0.6520187588017339,0.4566336943038372
AM Nayar,46,99,122.80000000000001,278.2,0,9,12.913043478260867,0.1956521739130435,0.0,0.050925335035098926,0.5347826086956522,0.0,0.03559870550161812,0.3153631827901249,0.6846368172098751,0.38197094225104106
AN Ahmed,43,101,126.2,297.5,0,6,14.093023255813954,0.13953488372093023,0.0,0.053095086151882576,0.3813953488372093,0.0,0.03074433656957929,0.4243926108203653,0.5756073891796347,0.30519536569432065
AR Patel,407,839,1047.4,2125.6,12,74,12.368550368550368,0.18181818181818182,0.029484029484029485,0.640970006381621,0.496969696969697,0.2240786240786241,0.6197411003236246,0.2650523440389312,0.7349476559610688,0.5523609393150477
AS Joseph,70,198,200.5,607.6,3,13,16.97142857142857,0.18571428571428572,0.04285714285714286,0.10051052967453733,0.5076190476190476,0.32571428571428573,0.0744336569579288,0.6903555460932509,0.3096444539067491,0.3179175965782279
AS Rajpoot,71,154,198.5,459.59999999999997,3,20,13.014084507042256,0.28169014084507044,0.04225352112676056,0.099234205488194,0.7699530516431925,0.3211267605633803,0.0760517799352751,0.3246993136164229,0.6753006863835771,0.5105974538000732
AS Roy,30,81,71.8,195.7,1,6,16.200000000000003,0.2,0.03333333333333333,0.018379068283343968,0.5466666666666667,0.25333333333333335,0.009708737864077666,0.6190760059612521,0.3809239940387479,0.3234655118616373
Abhishek Sharma,58,133,137.2,294.8,2,9,13.758620689655173,0.15517241379310345,0.034482758620689655,0.06011486917677089,0.4241379310344828,0.2620689655172414,0.05501618122977347,0.39349401305308596,0.606505986946914,0.3822384763341433
Akash Deep,24,73,60.400000000000006,196.3,1,4,18.25,0.16666666666666666,0.041666666666666664,0.011104020421186984,0.45555555555555555,0.31666666666666665,0.0,0.8084947839046199,0.19150521609538007,0.24535944989772396
Akash Madhwal,42,94,94.3,213.79999999999998,3,7,13.428571428571429,0.16666666666666666,0.07142857142857142,0.03273771537970645,0.45555555555555555,0.5428571428571428,0.029126213592233004,0.36299765807962525,0.6370023419203747,0.4515975300296426
Anand Rajan,53,113,137.3,326.1,5,11,12.79245283018868,0.20754716981132076,0.09433962264150944,0.060178685386088074,0.5672955974842767,0.7169811320754718,0.046925566343042076,0.3042206787953772,0.6957793212046228,0.5394533133806947
Ankit Sharma,24,59,55.3,153.9,0,5,14.75,0.20833333333333334,0.0,0.007849393746011488,0.5694444444444445,0.0,0.0,0.4850968703427718,0.5149031296572282,0.32336214586574213
Anureet Singh,75,197,238.5,618.1999999999999,4,11,15.759999999999998,0.14666666666666667,0.05333333333333334,0.12476068921506064,0.4008888888888889,0.4053333333333334,0.08252427184466019,0.5784202682563335,0.4215797317436665,0.3495702911051442
Arshad Khan,30,92,92.4,308.6,0,5,18.400000000000002,0.16666666666666666,0.0,0.03152520740268029,0.45555555555555555,0.0,0.009708737864077666,0.8223546944858422,0.1776453055141578,0.18018814034551991
Arshdeep Singh,234,510,643.0,1392.1,9,48,13.076923076923077,0.20512820512820512,0.038461538461538464,0.3828972559029994,0.5606837606837607,0.2923076923076923,0.33980582524271846,0.33050556001375675,0.6694944399862433,0.5052258407422355
Avesh Khan,209,465,588.6,1362.8999999999999,13,57,13.349282296650719,0.2727272727272727,0.06220095693779904,0.34818123803446077,0.7454545454545454,0.4727272727272728,0.29935275080906154,0.3556713895564001,0.6443286104435999,0.571177503448703
Azhar Mahmood,84,175,272.2,583.0,5,20,12.5,0.23809523809523808,0.05952380952380952,0.14626675175494575,0.6507936507936508,0.4523809523809524,0.09708737864077668,0.27719821162444114,0.7228017883755589,0.530490642145621
Azmatullah Omarzai,27,64,55.199999999999996,124.8,1,6,14.222222222222221,0.2222222222222222,0.037037037037037035,0.007785577536694319,0.6074074074074074,0.2814814814814815,0.004854368932038833,0.4363305182977313,0.5636694817022687,0.4066964613908155
B Kumar,531,1166,1591.8,3540.9,13,109,13.175141242937851,0.20527306967984935,0.02448210922787194,0.9883854499042757,0.5610797237915882,0.18606403013182674,0.8203883495145632,0.3395808600031993,0.6604191399968007,0.5895068159150265
B Laughlin,34,80,103.2,247.5,1,5,14.117647058823529,0.14705882352941177,0.029411764705882353,0.03841735800893427,0.4019607843137255,0.2235294117647059,0.016181229773462785,0.42666783553958076,0.5733321644604192,0.35132219477075893
B Lee,108,202,323.4,604.1,7,28,11.222222222222223,0.25925925925925924,0.06481481481481481,0.17894065092533504,0.7086419753086419,0.4925925925925926,0.13592233009708737,0.15913230667329037,0.8408676933267096,0.6014690031122696
BA Bhatt,42,80,103.3,204.1,4,6,11.428571428571427,0.14285714285714285,0.09523809523809523,0.03848117421825144,0.3904761904761905,0.7238095238095238,0.029126213592233004,0.1781988503299976,0.8218011496700024,0.5367720935465017
BA Stokes,108,206,329.9,629.5,5,24,11.444444444444445,0.2222222222222222,0.046296296296296294,0.18308870453095086,0.6074074074074074,0.35185185185185186,0.13592233009708737,0.17966550753436006,0.8203344924656399,0.541240398048
BAW Mendis,32,64,74.6,167.29999999999998,0,7,12.0,0.21875,0.0,0.02016592214422463,0.5979166666666667,0.0,0.012944983818770225,0.23099850968703417,0.7690014903129658,0.42194077887250414
BB Sran,115,273,305.2,744.4,4,21,14.243478260869566,0.1826086956521739,0.034782608695652174,0.16732610082961072,0.4991304347826087,0.26434782608695656,0.14724919093851133,0.43829456359748575,0.5617054364025142,0.4057066058307357
BCJ Cutting,48,120,122.39999999999999,317.8,1,6,15.0,0.125,0.020833333333333332,0.05067007019783025,0.3416666666666667,0.15833333333333333,0.03883495145631068,0.5081967213114753,0.4918032786885247,0.29816498303973105
BE Hendricks,42,93,111.4,241.7,1,11,13.285714285714286,0.2619047619047619,0.023809523809523808,0.043650287172941934,0.7158730158730159,0.18095238095238095,0.029126213592233004,0.3497977432403663,0.6502022567596337,0.4500071701011195
BJ Hodge,30,72,96.4,217.8,2,8,14.399999999999999,0.26666666666666666,0.06666666666666667,0.034077855775366955,0.7288888888888889,0.5066666666666667,0.009708737864077666,0.4527570789865869,0.5472429210134131,0.4794692372741946
BW Hilfenhaus,46,101,127.2,305.8,3,14,13.173913043478262,0.30434782608695654,0.06521739130434782,0.05373324824505425,0.8318840579710146,0.4956521739130435,0.03559870550161812,0.3394673751052939,0.6605326248947061,0.5472210633631768
Basil Thampi,92,234,294.3,736.5,1,9,15.260869565217392,0.09782608695652174,0.010869565217391304,0.16037013401403957,0.2673913043478261,0.08260869565217392,0.11003236245954692,0.5323009136266441,0.4676990863733559,0.2741044950954245
Bipul Sharma,60,141,147.9,392.6,2,11,14.100000000000001,0.18333333333333332,0.03333333333333333,0.06694320357370773,0.5011111111111111,0.25333333333333335,0.058252427184466014,0.42503725782414303,0.574962742175857,0.38970096728181175
C Green,63,139,163.4,377.90000000000003,0,10,13.238095238095239,0.15873015873015872,0.0,0.07683471601786854,0.43386243386243384,0.0,0.06310679611650485,0.3453977716272798,0.6546022283727202,0.35157053960949786
C Sakariya,49,102,135.3,299.2,0,7,12.489795918367347,0.14285714285714285,0.0,0.05890236119974475,0.3904761904761905,0.0,0.040453074433656956,0.27625536056449396,0.723744639435506,0.36086521498481483
CH Gayle,70,164,217.0,528.7,0,14,14.057142857142857,0.2,0.0,0.11104020421186983,0.5466666666666667,0.0,0.0744336569579288,0.4210772833723653,0.5789227166276347,0.35783700360331866
CH Morris,254,547,745.0,1623.2,11,50,12.921259842519685,0.1968503937007874,0.04330708661417323,0.4479897894065093,0.5380577427821522,0.3291338582677166,0.37216828478964403,0.3161223699496578,0.6838776300503422,0.5217141852863165
CJ Anderson,52,140,151.6,426.6,2,6,16.153846153846153,0.11538461538461539,0.038461538461538464,0.06930440331844288,0.31538461538461543,0.2923076923076923,0.04530744336569579,0.6148114180901065,0.38518858190989347,0.2835848806445689
CJ Jordan,104,264,353.9,915.8,1,11,15.23076923076923,0.10576923076923077,0.009615384615384616,0.19840459476707084,0.28910256410256413,0.07307692307692308,0.12944983818770225,0.5295196606672015,0.47048033933279854,0.2843445877029825
CR Brathwaite,38,88,151.0,317.09999999999997,5,7,13.894736842105264,0.18421052631578946,0.13157894736842105,0.06892150606253988,0.5035087719298246,1.0,0.022653721682847898,0.40607106439720764,0.5939289356027924,0.5429098432179723
CR Woakes,48,90,118.8,215.7,2,12,11.25,0.25,0.041666666666666664,0.04837268666241225,0.6833333333333333,0.31666666666666665,0.03883495145631068,0.16169895678092394,0.8383010432190761,0.5362927956052155
CRD Fernando,49,92,124.19999999999999,232.1,3,16,11.26530612244898,0.32653061224489793,0.061224489795918366,0.05181876196553924,0.8925170068027211,0.4653061224489796,0.040453074433656956,0.1631132333708445,0.8368867666291555,0.6183280281506003
CV Varun,254,520,625.9,1331.4,10,65,12.283464566929133,0.2559055118110236,0.03937007874015748,0.3719846841097639,0.6994750656167978,0.2992125984251969,0.37216828478964403,0.2571904666909184,0.7428095333090816,0.5691099196373581
D Wiese,30,72,93.8,231.0,0,3,14.399999999999999,0.1,0.0,0.032418634333120616,0.2733333333333334,0.0,0.009708737864077666,0.4527570789865869,0.5472429210134131,0.2640810929077477
DE Bollinger,102,231,290.3,662.9,5,22,13.588235294117647,0.21568627450980393,0.049019607843137254,0.15781748564135292,0.5895424836601307,0.37254901960784315,0.1262135922330097,0.37775050407644417,0.6222494959235558,0.4680858561972821
DJ Bravo,502,999,1610.0,3291.6,19,104,11.9402390438247,0.20717131474103587,0.037848605577689244,1.0000000000000002,0.5662682602921647,0.2876494023904383,0.7734627831715211,0.2254766329614477,0.7745233670385523,0.6475264023317743
DJ Hooda,40,101,109.2,265.7,1,3,15.149999999999999,0.075,0.025,0.04224633056796426,0.205,0.19000000000000003,0.025889967637540458,0.5220566318926974,0.47794336810730265,0.2633438086581064
DJ Hussey,45,101,139.0,309.6,1,7,13.466666666666667,0.15555555555555556,0.022222222222222223,0.06126356094447989,0.4251851851851852,0.1688888888888889,0.03398058252427185,0.3665176353700943,0.6334823646299057,0.37131731604141627
DJ Willey,40,76,98.8,201.8,2,10,11.399999999999999,0.25,0.05,0.03560944479897894,0.6833333333333333,0.38000000000000006,0.025889967637540458,0.17555886736214577,0.8244411326378542,0.5415376710002342
DJG Sammy,39,93,96.2,239.5,1,6,14.307692307692307,0.15384615384615385,0.02564102564102564,0.03395022335673262,0.4205128205128205,0.19487179487179487,0.02427184466019417,0.4442279032442964,0.5557720967557036,0.344445004768753
DL Chahar,241,497,551.7,1151.8999999999999,10,56,12.373443983402488,0.23236514522821577,0.04149377593360996,0.32463305679642634,0.6351313969571232,0.3153526970954357,0.35113268608414244,0.26550451113405993,0.7344954888659401,0.5465033840495038
DL Vettori,77,170,239.1,549.6,0,13,13.246753246753247,0.16883116883116883,0.0,0.12514358647096363,0.4614718614718615,0.0,0.08576051779935276,0.34619776646602274,0.6538022335339773,0.36528915753188906
DP Nannes,69,135,202.5,410.7,5,18,11.73913043478261,0.2608695652173913,0.07246376811594203,0.10178685386088066,0.7130434782608696,0.5507246376811594,0.07281553398058252,0.2068943173718656,0.7931056826281344,0.5834530248054426
DP Vijaykumar,27,61,82.7,193.5,0,6,13.555555555555554,0.2222222222222222,0.0,0.02533503509891513,0.6074074074074074,0.0,0.004854368932038833,0.374730915714522,0.625269084285478,0.3737149717548645
DR Sams,35,105,98.6,281.2,1,4,18.0,0.11428571428571428,0.02857142857142857,0.035481812380344604,0.31238095238095237,0.21714285714285714,0.017799352750809058,0.7853949329359164,0.21460506706408355,0.20196369950935414
DR Smith,103,263,293.1,755.1,1,11,15.320388349514564,0.10679611650485436,0.009708737864077669,0.1596043395022336,0.2919093851132686,0.07378640776699029,0.127831715210356,0.5378004138150565,0.4621995861849435,0.2782480884677044
DS Kulkarni,250,534,638.5,1397.0,8,56,12.816,0.224,0.032,0.3800255264837269,0.6122666666666667,0.24320000000000003,0.36569579288025894,0.3063964232488823,0.6936035767511177,0.5190400504659565
DT Christian,130,334,376.4,1008.6,3,13,15.415384615384617,0.1,0.023076923076923078,0.21276324186343332,0.2733333333333334,0.17538461538461542,0.1715210355987055,0.5465780121517827,0.4534219878482173,0.30053637990334636
DW Steyn,327,699,997.5,2118.0,9,76,12.825688073394495,0.2324159021406728,0.027522935779816515,0.6091257179323549,0.6352701325178389,0.20917431192660554,0.49029126213592233,0.3072915954552291,0.6927084045447709,0.5530420351122783
FH Edwards,32,75,97.3,237.3,0,3,14.0625,0.09375,0.0,0.03465220165922145,0.25625,0.0,0.012944983818770225,0.4215722801788375,0.5784277198211625,0.27127192048520604
G Coetzee,33,85,67.1,184.2,2,6,15.454545454545453,0.18181818181818182,0.06060606060606061,0.015379706445437135,0.496969696969697,0.46060606060606063,0.014563106796116505,0.5501964503454815,0.4498035496545185,0.37678916006687324
GB Hogg,69,152,212.4,435.5,3,16,13.217391304347826,0.2318840579710145,0.043478260869565216,0.10810465858328017,0.633816425120773,0.3304347826086957,0.07281553398058252,0.3434847404911552,0.6565152595088448,0.4724134228864143
GC Viljoen,32,66,73.9,158.6,1,5,12.375,0.15625,0.03125,0.01971920867900447,0.42708333333333337,0.23750000000000002,0.012944983818770225,0.2656482861400893,0.7343517138599107,0.4145603524340795
GD McGrath,44,75,110.8,182.5,4,14,10.227272727272727,0.3181818181818182,0.09090909090909091,0.04326738991703892,0.8696969696969697,0.690909090909091,0.032362459546925564,0.06719956645440983,0.9328004335455902,0.6896491972934136
GJ Maxwell,169,353,379.9,790.2,4,38,12.532544378698223,0.22485207100591717,0.023668639053254437,0.21499680918953415,0.614595660749507,0.17988165680473372,0.23462783171521037,0.2802052928156331,0.7197947071843669,0.48651585815332643
HF Gurney,45,86,134.9,261.1,2,6,11.466666666666667,0.13333333333333333,0.044444444444444446,0.05864709636247607,0.36444444444444446,0.3377777777777778,0.03398058252427185,0.18171882762046687,0.8182811723795331,0.45432784488817807
HH Pandya,215,502,562.5,1357.8,8,41,14.009302325581395,0.19069767441860466,0.037209302325581395,0.3315252074026803,0.5212403100775195,0.2827906976744186,0.3090614886731392,0.416656846775032,0.583343153224968,0.4550969902905843
HV Patel,419,894,1166.5,2475.1,20,77,12.801909307875896,0.18377088305489261,0.0477326968973747,0.7169751116783664,0.5023070803500398,0.36276849642004777,0.63915857605178,0.30509445169643135,0.6949055483035687,0.5769607800507832
Harbhajan Singh,456,908,1097.8,2215.1,24,98,11.947368421052632,0.2149122807017544,0.05263157894736842,0.6731333758774729,0.5874269005847953,0.4,0.6990291262135923,0.2261353831673072,0.7738646168326928,0.6349255912467477
Harmeet Singh,100,218,303.4,617.5,2,20,13.080000000000002,0.2,0.02,0.1661774090619017,0.5466666666666667,0.15200000000000002,0.12297734627831716,0.3307898658718331,0.6692101341281669,0.43020568914554697
Harpreet Brar,100,215,269.3,586.9,3,20,12.899999999999999,0.2,0.03,0.14441608168474793,0.5466666666666667,0.228,0.12297734627831716,0.31415797317436644,0.6858420268256336,0.4490507188519449
Harshit Rana,96,213,257.7,590.1,12,27,13.3125,0.28125,0.125,0.1370134014039566,0.76875,0.9500000000000001,0.11650485436893204,0.3522727272727273,0.6477272727272727,0.6342438710318343
I Sharma,349,845,985.7,2336.6,9,79,14.527220630372492,0.22636103151862463,0.025787965616045846,0.6015954052329293,0.618720152817574,0.19598853868194843,0.5258899676375405,0.4645121893935833,0.5354878106064167,0.494047016940076
IC Pandey,68,141,172.7,351.5,3,17,12.441176470588236,0.25,0.04411764705882353,0.08276962348436502,0.6833333333333333,0.33529411764705885,0.07119741100323626,0.27176295257298144,0.7282370474270186,0.5081718269109617
IK Pathan,222,510,667.0,1528.0,5,49,13.783783783783784,0.22072072072072071,0.02252252252252252,0.39821314613911934,0.6033033033033033,0.17117117117117117,0.32038834951456313,0.3958190679502154,0.6041809320497846,0.46838353584285286
Imran Tahir,188,381,553.0,1142.8,9,41,12.159574468085108,0.21808510638297873,0.047872340425531915,0.3254626675175495,0.5960992907801419,0.3638297872340426,0.26537216828478966,0.24574309541173855,0.7542569045882614,0.5448641803279695
Iqbal Abdulla,161,326,438.5,904.5,6,24,12.149068322981368,0.14906832298136646,0.037267080745341616,0.2523931078493938,0.4074534161490683,0.2832298136645963,0.22168284789644013,0.24477233386713082,0.7552276661328692,0.47024659549127396
J Botha,85,186,235.0,496.90000000000003,3,15,13.129411764705884,0.17647058823529413,0.03529411764705882,0.12252712188895981,0.48235294117647065,0.26823529411764707,0.09870550161812297,0.33535548347505917,0.6646445165249408,0.4289841372520847
J Little,34,98,100.6,296.9,2,9,17.294117647058822,0.2647058823529412,0.058823529411764705,0.03675813656668793,0.7235294117647059,0.4470588235294118,0.016181229773462785,0.7201718243184008,0.27982817568159923,0.3735279157696336
J Suchith,74,172,185.5,440.5,4,16,13.945945945945944,0.21621621621621623,0.05405405405405406,0.09093809827696235,0.5909909909909911,0.4108108108108109,0.08090614886731393,0.41080275506504993,0.5891972449349501,0.4533133703515701
J Syed Mohammad,26,55,54.2,114.9,1,5,12.692307692307693,0.19230769230769232,0.038461538461538464,0.007147415443522657,0.5256410256410257,0.2923076923076923,0.003236245954692553,0.2949673277542131,0.7050326722457869,0.4376715962976418
J Theron,44,94,124.5,281.1,1,6,12.818181818181817,0.13636363636363635,0.022727272727272728,0.052010210593490744,0.3727272727272727,0.17272727272727276,0.032362459546925564,0.30659802194824537,0.6934019780517546,0.37885523205942845
J Yadav,29,64,78.6,177.9,0,7,13.241379310344827,0.2413793103448276,0.0,0.022718570516911295,0.6597701149425288,0.0,0.008090614886731393,0.3457012179454235,0.6542987820545765,0.39702802099509826
JA Morkel,301,693,847.8,1923.8,9,61,13.813953488372093,0.2026578073089701,0.029900332225913623,0.5135928525845566,0.5539313399778516,0.22724252491694355,0.44822006472491915,0.39860673066925445,0.6013932693307456,0.49060027597456013
JA Richardson,38,93,114.8,276.2,1,6,14.684210526315788,0.15789473684210525,0.02631578947368421,0.045820038289725584,0.43157894736842106,0.2,0.022653721682847898,0.479017962193113,0.520982037806887,0.337085826071773
JC Archer,111,248,358.7,851.0,2,34,13.405405405405403,0.3063063063063063,0.018018018018018018,0.20146777281429484,0.8372372372372372,0.13693693693693695,0.1407766990291262,0.3608571313489344,0.6391428686510656,0.49462114790891176
JD Ryder,45,109,133.8,344.5,0,6,14.533333333333331,0.13333333333333333,0.0,0.05794511805998724,0.36444444444444446,0.0,0.03398058252427185,0.46507699950322867,0.5349230004967713,0.28752673134340695
JD Unadkat,406,917,1149.2,2668.6,13,81,13.551724137931036,0.19950738916256158,0.03201970443349754,0.7059349074664967,0.545320197044335,0.2433497536945813,0.6181229773462784,0.374376895010021,0.625623104989979,0.5363738752277701
JDP Oram,55,146,150.4,394.09999999999997,1,10,15.92727272727273,0.18181818181818182,0.01818181818181818,0.0685386088066369,0.496969696969697,0.13818181818181818,0.05016181229773462,0.5938761685408482,0.40612383145915176,0.30589217099992816
JDS Neesham,35,85,84.60000000000001,208.6,0,6,14.57142857142857,0.17142857142857143,0.0,0.026547543075941298,0.4685714285714286,0.0,0.017799352750809058,0.46859697679369794,0.5314030232063021,0.3075686048477379
JH Kallis,141,301,455.0,958.9,4,26,12.808510638297872,0.18439716312056736,0.028368794326241134,0.26292278238672623,0.5040189125295508,0.21560283687943263,0.18932038834951456,0.30570441069220267,0.6942955893077973,0.4573530688396274
JJ Bumrah,480,948,1486.8,2984.1,24,122,11.850000000000001,0.25416666666666665,0.05,0.9213784301212509,0.6947222222222222,0.38000000000000006,0.7378640776699029,0.21713859910581235,0.7828614008941877,0.6896062966476366
JL Pattinson,37,73,80.3,168.0,2,5,11.837837837837839,0.13513513513513514,0.05405405405405406,0.023803446075303127,0.36936936936936937,0.4108108108108109,0.021035598705501618,0.21601482257219962,0.7839851774278004,0.45338322108231516
JO Holder,174,423,439.5,1073.0,2,26,14.586206896551722,0.14942528735632185,0.011494252873563218,0.2530312699425654,0.4084291187739464,0.08735632183908046,0.24271844660194172,0.46996248522534545,0.5300375147746546,0.35466664588688246
JP Behrendorff,54,126,121.3,283.7,1,14,14.0,0.25925925925925924,0.018518518518518517,0.04996809189534142,0.7086419753086419,0.14074074074074075,0.04854368932038835,0.4157973174366616,0.5842026825633384,0.41963075899405006
JP Duminy,73,158,207.20000000000002,470.9,3,16,12.986301369863014,0.2191780821917808,0.0410958904109589,0.10478621569878752,0.5990867579908675,0.31232876712328766,0.07928802588996764,0.32213216830328895,0.677867831696711,0.4678986081750988
JP Faulkner,181,373,566.9,1197.3,6,38,12.3646408839779,0.20994475138121546,0.03314917127071823,0.3343331206126356,0.5738489871086556,0.2519337016574586,0.25404530744336573,0.26469110999497736,0.7353088900050226,0.5100449414160136
JR Hazlewood,126,286,391.7,915.2,5,30,13.619047619047619,0.23809523809523808,0.03968253968253968,0.2225271218889598,0.6507936507936508,0.30158730158730157,0.1650485436893204,0.3805975445319707,0.6194024554680293,0.4785642989875113
JR Hopes,63,134,158.3,331.8,4,13,12.761904761904763,0.20634920634920634,0.06349206349206349,0.07358008934269306,0.564021164021164,0.48253968253968255,0.06310679611650485,0.3013980554964162,0.6986019445035838,0.4956925966354016
Joginder Sharma,73,174,208.6,520.8,2,14,14.3013698630137,0.1917808219178082,0.0273972602739726,0.10567964262922783,0.5242009132420091,0.20821917808219179,0.07928802588996764,0.44364371312496176,0.5563562868750382,0.38591553118512356
K Gowtham,85,182,184.7,396.4,1,21,12.847058823529412,0.24705882352941178,0.011764705882352941,0.09042756860242501,0.6752941176470588,0.08941176470588236,0.09870550161812297,0.30926624002805303,0.690733759971947,0.44737600536517735
K Rabada,261,586,724.8,1695.3,9,48,13.47126436781609,0.1839080459770115,0.034482758620689655,0.4350989151244416,0.5026819923371647,0.2620689655172414,0.383495145631068,0.3669424602154956,0.6330575397845044,0.481513836187867
KA Jamieson,35,97,85.0,239.6,4,9,16.628571428571426,0.2571428571428571,0.11428571428571428,0.02680280791320996,0.7028571428571428,0.8685714285714285,0.017799352750809058,0.6586757504790288,0.3413242495209712,0.47335227482731324
KA Pollard,273,590,719.5,1628.2,16,48,12.967032967032967,0.17582417582417584,0.05860805860805861,0.4317166560306318,0.48058608058608066,0.44542124542124545,0.40291262135922334,0.3203517793681727,0.6796482206318273,0.5305705741908944
KC Cariappa,35,81,86.9,214.4,1,4,13.885714285714286,0.11428571428571428,0.02857142857142857,0.028015315890236123,0.31238095238095237,0.21714285714285714,0.017799352750809058,0.40523738556525446,0.5947626144347455,0.334272191440075
KH Pandya,321,659,841.1,1797.4,6,60,12.317757009345794,0.18691588785046728,0.018691588785046728,0.5093171665603065,0.5109034267912772,0.14205607476635515,0.48058252427184467,0.2603590679276291,0.7396409320723709,0.5140013669596353
KJ Abbott,28,61,71.2,143.20000000000002,0,5,13.07142857142857,0.17857142857142858,0.0,0.017996171027440975,0.48809523809523814,0.0,0.006472491909385113,0.32999787098147726,0.6700021290185227,0.3589714209739751
KK Ahmed,232,525,591.0,1340.1,12,49,13.577586206896552,0.21120689655172414,0.05172413793103448,0.3497128270580728,0.5772988505747126,0.3931034482758621,0.33656957928802594,0.3767665347654041,0.6232334652345959,0.5097053557655691
KK Cooper,85,177,270.0,569.8,3,11,12.494117647058825,0.12941176470588237,0.03529411764705882,0.1448627951499681,0.35372549019607846,0.26823529411764707,0.09870550161812297,0.2766546857192953,0.7233453142807047,0.4196061210476048
KL Nagarkoti,34,75,96.9,217.10000000000002,1,7,13.23529411764706,0.20588235294117646,0.029411764705882353,0.03439693682195279,0.5627450980392157,0.2235294117647059,0.016181229773462785,0.34513894976768644,0.6548610502323136,0.41965134110359636
KR Sen,44,107,131.3,349.8,1,6,14.59090909090909,0.13636363636363635,0.022727272727272728,0.056349712827058085,0.3727272727272727,0.17272727272727276,0.032362459546925564,0.4703969651808697,0.5296030348191303,0.3219595521513667
KV Sharma,285,640,706.3000000000001,1622.0,15,58,13.473684210526315,0.20350877192982456,0.05263157894736842,0.4232929164007659,0.5562573099415205,0.4,0.4223300970873787,0.36716605223939114,0.6328339477606089,0.5251185105504077
KW Richardson,37,77,102.4,234.4,0,10,12.486486486486488,0.2702702702702703,0.0,0.037906828334396944,0.7387387387387387,0.0,0.021035598705501618,0.2759495710315383,0.7240504289684617,0.44399657752763616
Karanveer Singh,31,67,130.6,295.09999999999997,4,9,12.96774193548387,0.2903225806451613,0.12903225806451613,0.0559029993618379,0.7935483870967742,0.9806451612903226,0.011326860841423946,0.32041728763040234,0.6795827123695977,0.6390930643819435
Kartik Tyagi,79,186,193.1,428.3,0,13,14.126582278481013,0.16455696202531644,0.0,0.095788130185067,0.44978902953586497,0.0,0.0889967637540453,0.42749344450942295,0.572506555490577,0.33130304119957943
Kuldeep Yadav,206,473,472.9,1100.3,8,42,13.776699029126213,0.20388349514563106,0.038834951456310676,0.27434588385449904,0.5572815533980583,0.29514563106796116,0.2944983818770227,0.39516444084325664,0.6048355591567434,0.46692638684111915
L Balaji,206,482,616.3,1496.1,10,35,14.038834951456309,0.16990291262135923,0.04854368932038835,0.36585832801531587,0.4644012944983819,0.36893203883495146,0.2944983818770227,0.41938564380073196,0.580614356199268,0.45913742705056343
L Ngidi,54,116,151.0,322.0,3,10,12.88888888888889,0.18518518518518517,0.05555555555555555,0.06892150606253988,0.5061728395061729,0.4222222222222222,0.04854368932038835,0.31313131313131315,0.6868686868686869,0.46313821426332086
LE Plunkett,38,85,100.10000000000001,226.70000000000002,0,8,13.421052631578949,0.21052631578947367,0.0,0.03643905552010211,0.5754385964912281,0.0,0.022653721682847898,0.3623029257196644,0.6376970742803356,0.3729629028412194
LH Ferguson,174,413,528.4,1290.9,5,31,14.241379310344826,0.1781609195402299,0.028735632183908046,0.30976388002552646,0.4869731800766284,0.21839080459770116,0.24271844660194172,0.43810062182023723,0.5618993781797628,0.4173344709643611
LR Shukla,49,108,127.9,290.90000000000003,2,8,13.224489795918366,0.16326530612244897,0.04081632653061224,0.05417996171027441,0.44625850340136053,0.31020408163265306,0.040453074433656956,0.34414063688068364,0.6558593631193164,0.4126195228830246
LS Livingstone,52,116,108.9,251.4,1,9,13.384615384615385,0.17307692307692307,0.019230769230769232,0.042054881940012764,0.47307692307692306,0.14615384615384616,0.04530744336569579,0.35893614582139177,0.6410638541786082,0.38060858149308374
M Ashwin,150,333,408.90000000000003,897.7,4,27,13.32,0.18,0.02666666666666667,0.23350350989151247,0.492,0.2026666666666667,0.20388349514563106,0.3529657228017884,0.6470342771982116,0.4337340308564217
M Jansen,59,166,177.5,513.2,2,10,16.88135593220339,0.1694915254237288,0.03389830508474576,0.08583280153158902,0.4632768361581921,0.2576271186440678,0.05663430420711974,0.682032887923413,0.317967112076587,0.29287983256903793
M Kartik,157,335,429.8,918.4,1,27,12.802547770700638,0.17197452229299362,0.006369426751592357,0.2468410976388003,0.47006369426751593,0.048407643312101914,0.21521035598705504,0.30515344528083377,0.6948465547191662,0.41659889174359305
M Markande,156,355,333.7,751.8,6,23,13.653846153846153,0.14743589743589744,0.038461538461538464,0.1855137204850032,0.402991452991453,0.2923076923076923,0.21359223300970873,0.38381290840307214,0.6161870915969279,0.4147854791177977
M Morkel,208,403,604.9,1209.6,8,56,11.625,0.2692307692307692,0.038461538461538464,0.35858328015315893,0.7358974358974358,0.2923076923076923,0.2977346278317152,0.19634873323397906,0.8036512667660209,0.5893456316024921
M Muralitharan,253,475,652.4,1290.5,7,65,11.264822134387352,0.25691699604743085,0.02766798418972332,0.388895979578813,0.702239789196311,0.21027667984189724,0.3705501618122978,0.16306851316246762,0.8369314868375324,0.5864859177997045
M Ntini,26,54,84.6,176.1,0,7,12.461538461538463,0.2692307692307692,0.0,0.026547543075941284,0.7358974358974358,0.0,0.003236245954692553,0.2736443883984869,0.7263556116015131,0.44117720193795196
M Pathirana,92,163,281.9,506.8,7,22,10.630434782608695,0.2391304347826087,0.07608695652173914,0.15245692405871092,0.6536231884057971,0.5782608695652175,0.11003236245954692,0.104451500032398,0.895548499967602,0.6187488746549792
M Prasidh Krishna,205,437,579.9,1333.8,8,52,12.790243902439025,0.25365853658536586,0.03902439024390244,0.3426292278238673,0.6933333333333334,0.2965853658536586,0.2928802588996764,0.30401657518810654,0.6959834248118935,0.539795553860582
M Theekshana,104,212,222.3,437.2,2,13,12.23076923076923,0.125,0.019230769230769232,0.11442246330567965,0.3416666666666667,0.14615384615384616,0.12944983818770225,0.2523214490427603,0.7476785509572397,0.400722158881808
M de Lange,30,75,92.0,236.9,1,5,15.0,0.16666666666666666,0.03333333333333333,0.031269942565411615,0.45555555555555555,0.25333333333333335,0.009708737864077666,0.5081967213114753,0.4918032786885247,0.3407845711394881
MA Starc,149,343,415.5,957.6,7,30,13.812080536912752,0.20134228187919462,0.04697986577181208,0.23771537970644546,0.5503355704697986,0.35704697986577183,0.2022653721682848,0.39843367107092487,0.6015663289290751,0.4635395789032533
MC Henriques,203,432,501.7,1080.9,6,33,12.768472906403941,0.1625615763546798,0.029556650246305417,0.292724952137843,0.44433497536945815,0.2246305418719212,0.2896440129449839,0.30200494813270384,0.6979950518672962,0.45854501687858507
MF Maharoof,51,112,132.79999999999998,286.0,1,9,13.176470588235295,0.17647058823529413,0.0196078431372549,0.057306955966815565,0.48235294117647065,0.14901960784313725,0.043689320388349516,0.33970369071622697,0.660296309283773,0.39159549274758215
MG Johnson,179,393,468.2,1044.6,9,44,13.1731843575419,0.24581005586592178,0.05027932960893855,0.2713465220165922,0.6718808193668528,0.382122905027933,0.25080906148867316,0.3394000449591621,0.6605999550408379,0.5278203284621196
MJ Henry,30,77,60.099999999999994,156.29999999999998,0,5,15.400000000000002,0.16666666666666666,0.0,0.010912571793235477,0.45555555555555555,0.0,0.009708737864077666,0.5451564828614011,0.45484351713859894,0.2751462508531298
MJ McClenaghan,157,335,407.09999999999997,875.2,9,37,12.802547770700638,0.2356687898089172,0.05732484076433121,0.23235481812380343,0.6441613588110403,0.4356687898089172,0.21521035598705504,0.30515344528083377,0.6948465547191662,0.5361269092273376
MJ Santner,57,102,131.1,232.4,1,9,10.736842105263158,0.15789473684210525,0.017543859649122806,0.05622208040842373,0.43157894736842106,0.13333333333333333,0.05339805825242718,0.11428347321358534,0.8857165267864147,0.4555242017501021
MK Lomror,24,38,64.4,107.80000000000001,1,5,9.5,0.20833333333333334,0.041666666666666664,0.013656668793873648,0.5694444444444445,0.31666666666666665,0.0,0.0,1.0,0.5570601113238318
MM Ali,117,281,284.2,676.6,3,25,14.410256410256409,0.21367521367521367,0.02564102564102564,0.15392469687300575,0.584045584045584,0.19487179487179487,0.15048543689320387,0.4537047651801749,0.5462952348198251,0.4066301005493147
MM Patel,179,402,474.7,1067.6,4,37,13.47486033519553,0.20670391061452514,0.0223463687150838,0.275494575622208,0.5649906890130354,0.1698324022346369,0.25080906148867316,0.3672747254577091,0.6327252745422909,0.4492983625010762
MM Sharma,394,883,1083.8,2532.4,21,71,13.446700507614212,0.1802030456852792,0.0532994923857868,0.6641991065730696,0.4925549915397632,0.40507614213197973,0.598705501618123,0.3646727741759779,0.6353272258240221,0.5528089661688638
MP Stoinis,179,430,527.7,1279.8,11,31,14.41340782122905,0.17318435754189945,0.061452513966480445,0.3093171665603064,0.47337057728119186,0.4670391061452514,0.25080906148867316,0.45399595367541146,0.5460040463245885,0.45886450456785216
MR Marsh,57,120,171.2,391.0,0,7,12.631578947368421,0.12280701754385964,0.0,0.08181238034460753,0.335672514619883,0.0,0.05339805825242718,0.2893560279237586,0.7106439720762414,0.3461645627413587
MS Gony,171,429,446.7,1170.6,3,38,15.052631578947366,0.2222222222222222,0.017543859649122806,0.2576260370134014,0.6074074074074074,0.13333333333333333,0.2378640776699029,0.5130598478312021,0.48694015216879794,0.39849658324592824
Mayank Dagar,35,71,97.10000000000001,195.7,2,8,12.17142857142857,0.22857142857142856,0.05714285714285714,0.03452456924058711,0.6247619047619047,0.4342857142857143,0.017799352750809058,0.24683840749414498,0.753161592505855,0.5118865686238079
Mohammad Asif,46,111,104.3,254.29999999999998,0,7,14.478260869565219,0.15217391304347827,0.0,0.0391193363114231,0.4159420289855073,0.0,0.03559870550161812,0.4599883366811379,0.5400116633188621,0.30046139358928264
Mohammad Nabi,64,127,172.9,363.0,1,11,11.90625,0.171875,0.015625,0.08289725590299937,0.46979166666666666,0.11875000000000001,0.06472491909385114,0.2223360655737705,0.7776639344262295,0.428142511215532
Mohammed Shami,378,848,1112.8,2535.8,12,86,13.460317460317459,0.2275132275132275,0.031746031746031744,0.6827058072750479,0.6218694885361552,0.24126984126984127,0.5728155339805826,0.36593097248834927,0.6340690275116507,0.5511976341426479
Mohammed Siraj,441,983,1232.8,2741.0,14,96,13.374149659863946,0.21768707482993196,0.031746031746031744,0.7592852584556478,0.5950113378684807,0.24126984126984127,0.6747572815533981,0.3579691190932408,0.6420308809067592,0.5651218650393588
Mohsin Khan,87,193,220.0,494.8,2,20,13.310344827586206,0.22988505747126436,0.022988505747126436,0.11295469049138482,0.6283524904214559,0.17471264367816092,0.10194174757281552,0.35207359062644517,0.6479264093735548,0.44029453842816035
Mujeeb Ur Rahman,49,107,121.6,293.8,2,13,13.10204081632653,0.2653061224489796,0.04081632653061224,0.05015954052329291,0.725170068027211,0.31020408163265306,0.040453074433656956,0.3328264241613188,0.6671735758386812,0.4859053463725667
Mukesh Choudhary,68,176,192.9,493.1,1,13,15.529411764705884,0.19117647058823528,0.014705882352941176,0.09566049776643268,0.5225490196078432,0.11176470588235295,0.07119741100323626,0.5571140527746121,0.4428859472253879,0.324686068484284
Mukesh Kumar,99,241,260.59999999999997,657.1999999999999,8,24,14.606060606060606,0.24242424242424243,0.08080808080808081,0.13886407147415442,0.6626262626262627,0.6141414141414142,0.12135922330097088,0.4717969561486699,0.5282030438513301,0.4993782433103266
Mustafizur Rahman,244,535,746.7,1759.8,6,52,13.155737704918032,0.21311475409836064,0.02459016393442623,0.4490746649649011,0.5825136612021857,0.18688524590163935,0.3559870550161813,0.3377879846571057,0.6622120153428943,0.49528584184899554
N Burger,26,59,48.0,121.7,1,5,13.615384615384615,0.19230769230769232,0.038461538461538464,0.00319081046585833,0.5256410256410257,0.2923076923076923,0.003236245954692553,0.38025908517711793,0.6197409148228821,0.4074238207018587
N Rana,41,88,107.5,222.9,1,7,12.878048780487806,0.17073170731707318,0.024390243902439025,0.041161455009572426,0.46666666666666673,0.1853658536585366,0.02750809061488673,0.3121296935771145,0.6878703064228855,0.40136139920882985
NLTC Perera,124,286,370.7,875.6,3,18,13.838709677419356,0.14516129032258066,0.024193548387096774,0.20912571793235482,0.3967741935483871,0.18387096774193548,0.16181229773462782,0.40089418777943364,0.5991058122205664,0.38274857777938026
NM Coulter-Nile,134,293,395.2,845.4,4,30,13.119402985074629,0.22388059701492538,0.029850746268656716,0.22476068921506065,0.6119402985074627,0.22686567164179106,0.1779935275080906,0.3344306782036168,0.6655693217963832,0.4715828932562731
NT Ellis,105,195,272.0,517.4,4,21,11.142857142857142,0.2,0.0380952380952381,0.14613911933631143,0.5466666666666667,0.28952380952380957,0.13106796116504854,0.15179902065147965,0.8482009793485203,0.5191624793935468
Navdeep Saini,155,340,434.0,961.5,6,39,13.161290322580644,0.25161290322580643,0.03870967741935484,0.2495213784301213,0.687741935483871,0.2941935483870968,0.21197411003236247,0.33830104321907584,0.6616989567809242,0.508518377267959
Naveen-ul-Haq,110,229,297.6,638.3,6,32,12.490909090909092,0.2909090909090909,0.05454545454545454,0.1624760689215061,0.7951515151515152,0.41454545454545455,0.13915857605177992,0.27635821704376107,0.7236417829562389,0.5651350582289819
Nithish Kumar Reddy,40,93,87.7,230.7,1,7,13.950000000000001,0.175,0.025,0.028525845564773455,0.47833333333333333,0.19000000000000003,0.025889967637540458,0.411177347242921,0.588822652757079,0.3691128431185424
Noor Ahmad,103,212,251.9,492.7,3,20,12.349514563106796,0.1941747572815534,0.02912621359223301,0.13331206126356096,0.5307443365695793,0.2213592233009709,0.127831715210356,0.2632934469636681,0.7367065530363319,0.46091960001269683
OC McCoy,60,137,184.0,414.3,2,9,13.7,0.15,0.03333333333333333,0.08998085513720486,0.41,0.25333333333333335,0.058252427184466014,0.3880774962742175,0.6119225037257825,0.38216287120285763
OF Smith,33,86,84.0,242.8,2,10,15.636363636363637,0.30303030303030304,0.06060606060606061,0.02616464582003829,0.8282828282828283,0.46060606060606063,0.014563106796116505,0.566996341959084,0.433003658040916,0.45481597476785524
P Amarnath,42,115,93.5,252.9,0,1,16.42857142857143,0.023809523809523808,0.0,0.03222718570516911,0.06507936507936508,0.0,0.029126213592233004,0.6401958697040666,0.3598041302959334,0.14833662680315815
P Awana,121,316,372.8,1019.8,6,21,15.669421487603307,0.17355371900826447,0.049586776859504134,0.21046585832801534,0.4743801652892562,0.37685950413223146,0.156957928802589,0.570050867707012,0.42994913229298803,0.3811915171643666
P Kumar,336,734,1020.3,2250.6,10,68,13.107142857142856,0.20238095238095238,0.02976190476190476,0.6236758136566689,0.5531746031746032,0.2261904761904762,0.5048543689320388,0.33329784969129217,0.6667021503087078,0.5297305168986646
P Negi,126,274,341.8,746.2,5,27,13.047619047619047,0.21428571428571427,0.03968253968253968,0.1906828334396937,0.5857142857142857,0.30158730158730157,0.1650485436893204,0.32779788517493436,0.6722021148250656,0.47758990964770615
P Parameswaran,25,82,70.8,211.2,1,2,19.68,0.08,0.04,0.017740906190172306,0.21866666666666668,0.30400000000000005,0.00161812297734628,0.9406259314456034,0.05937406855439664,0.13818349357745738
P Suyal,25,59,69.7,167.6,0,3,14.16,0.12,0.0,0.017038927887683474,0.328,0.0,0.00161812297734628,0.43058122205663185,0.5694187779433681,0.28316227736668187
PJ Cummins,231,472,630.3,1314.1,13,61,12.25974025974026,0.26406926406926406,0.05627705627705628,0.3747925973197192,0.7217893217893218,0.42770562770562776,0.33495145631067963,0.25499835484932354,0.7450016451506765,0.5977134371542326
PJ Sangwan,147,325,382.5,874.5,2,31,13.26530612244898,0.2108843537414966,0.013605442176870748,0.2166560306317805,0.5764172335600908,0.1034013605442177,0.19902912621359223,0.3479120411204719,0.6520879588795281,0.4345838817912383
PP Chawla,529,1144,1384.9,3059.8,17,107,12.975425330812856,0.20226843100189035,0.03213610586011342,0.8563497128270583,0.5528670447385003,0.24423440453686204,0.8171521035598706,0.32112722877853495,0.678872771221465,0.5920192936582032
PP Ojha,306,574,821.0,1579.6,12,72,11.254901960784313,0.23529411764705882,0.0392156862745098,0.49649010848755587,0.6431372549019608,0.2980392156862745,0.4563106796116505,0.1621518950352121,0.8378481049647879,0.6089190724103415
PV Tambe,66,137,173.0,341.7,3,9,12.454545454545453,0.13636363636363635,0.045454545454545456,0.08296107211231653,0.3727272727272727,0.3454545454545455,0.06796116504854369,0.27299823872104034,0.7270017612789597,0.4318155674364491
PVD Chameera,44,127,115.0,322.2,2,10,17.318181818181817,0.22727272727272727,0.045454545454545456,0.04594767070835992,0.6212121212121212,0.3454545454545455,0.032362459546925564,0.722395339384907,0.27760466061509304,0.32938658363475054
PWH de Silva,136,308,329.4,777.5,7,31,13.588235294117647,0.22794117647058823,0.051470588235294115,0.182769623484365,0.6230392156862745,0.3911764705882353,0.18122977346278318,0.37775050407644417,0.6222494959235558,0.4881823613071751
Pankaj Singh,42,86,131.1,282.5,0,12,12.285714285714285,0.2857142857142857,0.0,0.05622208040842373,0.780952380952381,0.0,0.029126213592233004,0.25739833936555234,0.7426016606344477,0.46368350586021756
R Ashwin,642,1227,1597.7,3073.5,22,125,11.46728971962617,0.19470404984423675,0.03426791277258567,0.9921506062539887,0.5321910695742471,0.2604361370716511,1.0,0.1817763973425075,0.8182236026574925,0.6707283163634132
R Bhatia,194,457,536.5,1268.8,2,23,14.1340206185567,0.11855670103092783,0.010309278350515464,0.314932992980217,0.32405498281786943,0.07835051546391752,0.2750809061488673,0.4281807426982345,0.5718192573017655,0.3558219787657772
R Dhawan,122,264,286.4,609.1,2,24,12.983606557377051,0.19672131147540983,0.01639344262295082,0.1553286534779834,0.5377049180327869,0.12459016393442625,0.15857605177993528,0.32188316923603155,0.6781168307639684,0.4280756235882628
R McLaren,57,131,119.6,268.0,2,12,13.789473684210527,0.21052631578947367,0.03508771929824561,0.048883216336949586,0.5754385964912281,0.26666666666666666,0.05339805825242718,0.3963448113577537,0.6036551886422463,0.4187004259398643
R Parag,39,102,95.3,255.4,0,6,15.692307692307693,0.15384615384615385,0.0,0.03337587747287811,0.4205128205128205,0.0,0.02427184466019417,0.5721655393786542,0.4278344606213458,0.2606350385589834
R Rampaul,45,100,137.8,301.9,4,10,13.333333333333334,0.2222222222222222,0.08888888888888889,0.060497766432673905,0.6074074074074074,0.6755555555555556,0.03398058252427185,0.3541977148534525,0.6458022851465475,0.5224415976599491
R Sathish,34,108,101.1,321.7,1,2,19.058823529411764,0.058823529411764705,0.029411764705882353,0.03707721761327376,0.1607843137254902,0.2235294117647059,0.016181229773462785,0.8832295958621896,0.11677040413781037,0.13109744697122103
R Sharma,123,279,330.3,743.3000000000001,2,25,13.609756097560975,0.2032520325203252,0.016260162601626018,0.18334396936821953,0.5555555555555556,0.12357723577235774,0.16019417475728157,0.37973901348551475,0.6202609865144852,0.4150494957359804
R Shepherd,30,83,67.4,202.2,2,5,16.6,0.16666666666666666,0.06666666666666667,0.015571155073388642,0.45555555555555555,0.5066666666666667,0.009708737864077666,0.6560357675111774,0.3439642324888226,0.33813769288705675
R Tewatia,142,296,355.90000000000003,722.9,4,26,12.507042253521126,0.18309859154929578,0.028169014084507043,0.1996809189534142,0.5004694835680752,0.21408450704225354,0.19093851132686085,0.2778489116517284,0.7221510883482716,0.459749096250392
R Vinay Kumar,332,697,940.7,2008.7,15,71,12.596385542168674,0.21385542168674698,0.045180722891566265,0.5728781110402044,0.5845381526104417,0.3433734939759036,0.4983818770226538,0.2861041782629772,0.7138958217370228,0.5717987733620349
RA Jadeja,551,1142,1393.7,2929.2,13,113,12.43557168784029,0.20508166969147004,0.023593466424682397,0.8619655392469688,0.5605565638233515,0.17931034482758623,0.8527508090614887,0.2712450739882235,0.7287549260117765,0.6025370688563227
RD Chahar,308,664,792.4,1668.7,10,53,12.935064935064936,0.17207792207792208,0.032467532467532464,0.4782386726228462,0.47034632034632035,0.24675324675324675,0.4595469255663431,0.31739795227127576,0.6826020477287242,0.49962650596120184
RE van der Merwe,43,100,135.4,313.0,0,6,13.953488372093023,0.13953488372093023,0.0,0.058966177409061904,0.3813953488372093,0.0,0.03074433656957929,0.41149967074480975,0.5885003292551902,0.310295003846483
RG Sharma,35,85,87.2,228.4,1,6,14.57142857142857,0.17142857142857143,0.02857142857142857,0.028206764518187624,0.4685714285714286,0.21714285714285714,0.017799352750809058,0.46859697679369794,0.5314030232063021,0.35116309842053395
RJ Harris,57,132,176.1,417.9,3,13,13.894736842105264,0.22807017543859648,0.05263157894736842,0.08493937460114868,0.623391812865497,0.4,0.05339805825242718,0.40607106439720764,0.5939289356027924,0.4575568239627092
RP Meredith,56,126,148.1,344.9,1,9,13.5,0.16071428571428573,0.017857142857142856,0.06707083599234205,0.43928571428571433,0.1357142857142857,0.05177993527508091,0.36959761549925485,0.6304023845007451,0.3694901974162888
RP Singh,243,521,685.5,1482.3,3,51,12.864197530864196,0.20987654320987653,0.012345679012345678,0.41001914486279517,0.5736625514403292,0.09382716049382717,0.35436893203883496,0.31084984636897195,0.689150153631028,0.4798224314198705
RR Powar,62,125,139.4,283.1,4,18,12.096774193548388,0.2903225806451613,0.06451612903225806,0.06151882578174857,0.7935483870967742,0.4903225806451613,0.061488673139158574,0.23994038748137103,0.760059612518629,0.5747732271768368
RS Bopara,32,71,83.1,183.4,3,8,13.3125,0.25,0.09375,0.02559029993618379,0.6833333333333333,0.7125,0.012944983818770225,0.3522727272727273,0.6477272727272727,0.5438914071633741
Rashid Khan,401,782,1099.9,2168.3,18,107,11.70074812967581,0.26683291770573564,0.04488778054862843,0.6744735162731336,0.7293433083956774,0.3411471321695761,0.610032362459547,0.20334781526065604,0.796652184739344,0.657844106064873
Rasikh Salam,63,147,143.8,349.0,3,9,14.0,0.14285714285714285,0.047619047619047616,0.06432673899170391,0.3904761904761905,0.3619047619047619,0.06310679611650485,0.4157973174366616,0.5842026825633384,0.3872142924079893
Ravi Bishnoi,197,431,446.9,976.9,4,51,13.126903553299492,0.25888324873096447,0.02030456852791878,0.25775366943203576,0.7076142131979696,0.15431472081218273,0.27993527508090615,0.3351237262363167,0.6648762737636833,0.49424208773051237
S Aravind,102,234,281.0,691.8,0,18,13.76470588235294,0.17647058823529413,0.0,0.15188257817485643,0.48235294117647065,0.0,0.1262135922330097,0.39405628123082304,0.605943718769177,0.3604781539041162
S Badree,27,78,70.3,207.4,0,3,17.333333333333332,0.1111111111111111,0.0,0.017421825143586468,0.3037037037037037,0.0,0.004854368932038833,0.7237953303527072,0.27620466964729284,0.17482517971004094
S Dube,29,76,98.5,265.6,0,0,15.724137931034482,0.0,0.0,0.035417996171027435,0.0,0.0,0.008090614886731393,0.5751066344622024,0.42489336553779755,0.153063539044005
S Gopal,136,282,340.5,671.2,6,26,12.441176470588236,0.19117647058823528,0.04411764705882353,0.18985322271857052,0.5225490196078432,0.33529411764705885,0.18122977346278318,0.27176295257298144,0.7282370474270186,0.48968734464896446
S Kaul,191,448,670.4,1542.6,2,27,14.07329842931937,0.14136125654450263,0.010471204188481676,0.40038289725590304,0.3863874345549739,0.07958115183246074,0.2702265372168285,0.42257004861073155,0.5774299513892684,0.3816745154387527
S Kaushik,32,70,102.2,223.60000000000002,0,6,13.125,0.1875,0.0,0.037779195915762606,0.5125,0.0,0.012944983818770225,0.33494783904619974,0.6650521609538003,0.36596567430728333
S Lamichhane,47,88,80.7,150.7,2,10,11.23404255319149,0.2127659574468085,0.0425531914893617,0.024058710912571796,0.5815602836879433,0.32340425531914896,0.037216828478964396,0.16022449820845353,0.8397755017915465,0.5101199015520106
S Nadeem,117,264,321.6,743.7,4,23,13.538461538461538,0.19658119658119658,0.03418803418803419,0.17779195915762605,0.5373219373219373,0.25982905982905985,0.15048543689320387,0.37315143872520906,0.6268485612747909,0.43852103234755613
S Randiv,38,70,103.10000000000001,207.70000000000002,2,8,11.052631578947368,0.21052631578947367,0.05263157894736842,0.038353541799617114,0.5754385964912281,0.4,0.022653721682847898,0.14346223233194744,0.8565377676680526,0.529748594154872
S Sreesanth,131,321,316.1,832.9,2,24,14.702290076335878,0.183206106870229,0.015267175572519083,0.1742820676451819,0.500763358778626,0.11603053435114505,0.17313915857605178,0.48068850183729417,0.5193114981627058,0.36489809354395586
S Tyagi,38,84,91.9,203.1,0,9,13.263157894736842,0.23684210526315788,0.0,0.031206126356094457,0.6473684210526316,0.0,0.022653721682847898,0.3477135461604832,0.6522864538395168,0.39552834891088295
SB Bangar,25,64,73.60000000000001,190.5,1,5,15.36,0.2,0.04,0.019527760051052976,0.5466666666666667,0.30400000000000005,0.00161812297734628,0.5414605067064082,0.4585394932935918,0.3600700776222638
SB Jakati,237,508,652.8000000000001,1430.4,3,41,12.860759493670887,0.1729957805907173,0.012658227848101266,0.38915124441608173,0.4728551336146273,0.09620253164556962,0.3446601941747573,0.31053217378181075,0.6894678262181893,0.4521491727682209
SC Ganguly,60,104,138.5,242.4,3,12,10.4,0.2,0.05,0.06094447989789406,0.5466666666666667,0.38000000000000006,0.058252427184466014,0.08315946348733239,0.9168405365126676,0.5454805451543364
SE Bond,29,61,84.19999999999999,178.1,0,5,12.620689655172413,0.1724137931034483,0.0,0.026292278238672615,0.471264367816092,0.0,0.008090614886731393,0.28834986381622874,0.7116501361837713,0.37033192893088335
SJ Srivastava,64,124,156.4,294.4,2,20,11.625,0.3125,0.03125,0.07236758136566689,0.8541666666666667,0.23750000000000002,0.06472491909385114,0.19634873323397906,0.8036512667660209,0.5560288600807258
SK Raina,110,250,329.6,738.4,2,19,13.636363636363637,0.17272727272727273,0.01818181818181818,0.18289725590299938,0.47212121212121216,0.13818181818181818,0.13915857605177992,0.38219753420945657,0.6178024657905434,0.3941031128888348
SK Trivedi,157,318,403.5,840.2,4,30,12.152866242038217,0.1910828025477707,0.025477707006369428,0.23005743458838546,0.5222929936305732,0.19363057324840766,0.21521035598705504,0.24512325932394852,0.7548767406760515,0.4780330013514869
SK Warne,113,217,309.9,602.0,8,28,11.522123893805311,0.24778761061946902,0.07079646017699115,0.17032546266751755,0.6772861356932154,0.5380530973451327,0.14401294498381878,0.1868430423486278,0.8131569576513722,0.5929709293354443
SL Malinga,369,713,1077.9,2054.7,16,81,11.59349593495935,0.21951219512195122,0.04336043360433604,0.6604339502233569,0.6,0.32953929539295396,0.5582524271844661,0.1934377764045896,0.8065622235954104,0.6200732750777668
SM Curran,199,510,583.8,1471.5,11,37,15.376884422110553,0.18592964824120603,0.05527638190954774,0.34511805998723677,0.5082077051926298,0.42010050251256287,0.28317152103559873,0.543020617244194,0.45697938275580596,0.43384376886748566
SN Thakur,323,682,923.3,1912.5,20,78,12.6687306501548,0.24148606811145512,0.06191950464396285,0.5617740906190173,0.660061919504644,0.4705882352941177,0.4838187702265373,0.2927888231141542,0.7072111768858458,0.611216324929586
SP Narine,501,950,1265.1,2390.5,16,124,11.377245508982035,0.24750499001996007,0.031936127744510975,0.7798978940650926,0.6765136393878909,0.24271457085828343,0.7718446601941749,0.1734563659566113,0.8265436340433887,0.6621358513597422
SR Watson,286,607,844.1,1804.5,7,52,12.734265734265735,0.18181818181818182,0.024475524475524476,0.5112316528398214,0.496969696969697,0.18601398601398603,0.42394822006472493,0.2988442258188906,0.7011557741811094,0.5003677296990644
ST Jayasuriya,79,160,231.1,491.2,2,14,12.151898734177216,0.17721518987341772,0.02531645569620253,0.1200382897255903,0.48438818565400843,0.19240506329113924,0.0889967637540453,0.24503386217434775,0.7549661378256523,0.4447197126586718
STR Binny,78,153,171.1,346.0,2,17,11.769230769230768,0.21794871794871795,0.02564102564102564,0.08174856413529036,0.5957264957264957,0.19487179487179487,0.08737864077669902,0.2096755703313078,0.7903244296686922,0.4814322537812241
SW Tait,85,166,257.40000000000003,505.6,3,19,11.717647058823529,0.2235294117647059,0.03529411764705882,0.13682195277600515,0.6109803921568628,0.26823529411764707,0.09870550161812297,0.20490926624002803,0.795090733759972,0.5082266591181481
Sandeep Sharma,405,906,1090.6,2549.1,10,79,13.42222222222222,0.19506172839506172,0.024691358024691357,0.668538608806637,0.5331687242798354,0.18765432098765433,0.6165048543689321,0.3624109951978802,0.6375890048021198,0.5224835432657885
Shahbaz Ahmed,133,310,356.8,844.5,8,25,13.98496240601504,0.18796992481203006,0.06015037593984962,0.2002552648372687,0.5137844611528822,0.45714285714285713,0.17637540453074432,0.41440785271673986,0.5855921472832601,0.4624950052027343
Shahid Afridi,32,58,93.2,167.4,0,7,10.875,0.21875,0.0,0.032035737077217616,0.5979166666666667,0.0,0.012944983818770225,0.12704918032786883,0.8729508196721312,0.45951002564151133
Shakib Al Hasan,211,456,598.0,1340.0,8,38,12.966824644549764,0.18009478672985782,0.037914691943127965,0.35417996171027444,0.49225908372827804,0.28815165876777254,0.30258899676375406,0.32033253049491095,0.679667469505089,0.484255612859808
Shivam Mavi,63,146,187.1,429.8,2,16,13.904761904761905,0.25396825396825395,0.031746031746031744,0.09195915762603701,0.6941798941798941,0.24126984126984127,0.06310679611650485,0.40699737421048887,0.5930026257895111,0.44485645619952485
Simarjeet Singh,41,83,76.7,170.4,3,15,12.146341463414634,0.36585365853658536,0.07317073170731707,0.021506062539885133,1.0,0.5560975609756098,0.02750809061488673,0.24452037366871426,0.7554796263312857,0.6305387967265492
Suyash Sharma,60,117,122.6,221.1,3,14,11.7,0.23333333333333334,0.05,0.050797702616464574,0.6377777777777778,0.38000000000000006,0.058252427184466014,0.20327868852459008,0.7967213114754099,0.525201916440931
Swapnil Singh,35,86,87.0,202.5,1,6,14.742857142857144,0.17142857142857143,0.02857142857142857,0.028079132099553285,0.4685714285714286,0.21714285714285714,0.017799352750809058,0.484436874600809,0.515563125399191,0.3456063709461817
T Natarajan,204,443,623.6999999999999,1393.8,9,45,13.02941176470588,0.22058823529411764,0.04411764705882353,0.3705807275047862,0.6029411764705882,0.33529411764705885,0.29126213592233013,0.3261155430875775,0.6738844569124225,0.5198379639091183
T Shamsi,27,70,78.3,202.2,0,1,15.555555555555555,0.037037037037037035,0.0,0.022527121888959795,0.10123456790123457,0.0,0.004854368932038833,0.5595297234641496,0.44047027653585036,0.1822113878449561
TA Boult,352,848,962.5,2326.7,9,58,14.454545454545455,0.16477272727272727,0.02556818181818182,0.5867900446713467,0.4503787878787879,0.19431818181818183,0.5307443365695793,0.457797046470668,0.542202953529332,0.4529828051926922
TG Southee,181,417,481.2,1138.8999999999999,6,38,13.823204419889501,0.20994475138121546,0.03314917127071823,0.2796426292278239,0.5738489871086556,0.2519337016574586,0.25404530744336573,0.39946151122674967,0.6005384887732503,0.45740625184641215
TK Curran,65,167,205.2,557.3,3,10,15.415384615384617,0.15384615384615385,0.046153846153846156,0.10350989151244416,0.4205128205128205,0.35076923076923083,0.0663430420711974,0.5465780121517827,0.4534219878482173,0.35096504038729154
TM Dilshan,26,51,65.7,140.9,0,8,11.769230769230768,0.3076923076923077,0.0,0.01448627951499681,0.841025641025641,0.0,0.003236245954692553,0.2096755703313078,0.7903244296686922,0.48864221318742146
TM Head,26,75,90.8,266.9,1,3,17.307692307692307,0.11538461538461539,0.038461538461538464,0.030504148053605618,0.31538461538461543,0.2923076923076923,0.003236245954692553,0.7214261148687375,0.27857388513126247,0.23818259150446397
TP Sudhindra,32,76,94.0,222.0,0,9,14.25,0.28125,0.0,0.032546266751754954,0.76875,0.0,0.012944983818770225,0.4388971684053651,0.5611028315946349,0.39312261611517474
TS Mills,39,87,89.2,228.9,2,9,13.384615384615385,0.23076923076923078,0.05128205128205128,0.029483088704530955,0.6307692307692309,0.38974358974358975,0.02427184466019417,0.35893614582139177,0.6410638541786082,0.46538886794001105
TU Deshpande,159,385,366.1,884.7,7,29,14.528301886792454,0.18238993710691823,0.0440251572327044,0.20619017230376518,0.4985324947589098,0.33459119496855344,0.21844660194174756,0.4646120968422236,0.5353879031577764,0.42140080621321113
UT Yadav,346,782,861.5,1984.1,10,83,13.560693641618496,0.2398843930635838,0.028901734104046242,0.5223356732610084,0.6556840077071291,0.21965317919075145,0.5210355987055016,0.37520567180379527,0.6247943281962047,0.5308667798302552
Umar Gul,32,64,88.3,192.6,3,7,12.0,0.21875,0.09375,0.028908742820676455,0.5979166666666667,0.7125,0.012944983818770225,0.23099850968703417,0.7690014903129658,0.5653150609401494
Umran Malik,75,188,194.0,465.2,3,17,15.040000000000001,0.22666666666666666,0.04,0.09636247606892151,0.6195555555555555,0.30400000000000005,0.08252427184466019,0.5118926974664679,0.4881073025335321,0.4044151195669832
V Pratap Singh,34,69,90.5,183.5,2,10,12.176470588235293,0.29411764705882354,0.058823529411764705,0.030312699425654118,0.803921568627451,0.4470588235294118,0.016181229773462785,0.24730428684141303,0.752695713158587,0.5584850493881622
V Sehwag,31,105,87.3,298.7,1,2,20.322580645161292,0.06451612903225806,0.03225806451612903,0.028270580727504786,0.17634408602150536,0.24516129032258066,0.011326860841423946,1.0,0.0,0.09707802372678535
V Shankar,25,60,57.1,138.20000000000002,0,2,14.399999999999999,0.08,0.0,0.00899808551372049,0.21866666666666668,0.0,0.00161812297734628,0.4527570789865869,0.5472429210134131,0.24726330987046793
VG Arora,99,238,218.7,541.2,3,19,14.424242424242424,0.1919191919191919,0.030303030303030304,0.11212507977026165,0.5245791245791246,0.23030303030303031,0.12135922330097088,0.4549970645350674,0.5450029354649326,0.39130484492523687
VR Aaron,135,298,376.9,897.6999999999999,2,33,13.244444444444444,0.24444444444444444,0.014814814814814815,0.21308232291001913,0.6681481481481482,0.1125925925925926,0.1796116504854369,0.3459844345090246,0.6540155654909754,0.4577304008169425
VRV Singh,62,144,172.7,392.1,4,11,13.935483870967744,0.1774193548387097,0.06451612903225806,0.08276962348436502,0.4849462365591398,0.4903225806451613,0.061488673139158574,0.4098360655737705,0.5901639344262295,0.44028428198034986
VS Malik,28,63,78.3,190.4,2,5,13.5,0.17857142857142858,0.07142857142857142,0.022527121888959795,0.48809523809523814,0.5428571428571428,0.006472491909385113,0.36959761549925485,0.6304023845007451,0.4541360340503334
VY Mahesh,38,109,112.4,329.7,0,5,17.210526315789473,0.13157894736842105,0.0,0.0442884492661136,0.35964912280701755,0.0,0.022653721682847898,0.7124480351400109,0.28755196485998913,0.1972496854976467
Vijaykumar Vyshak,63,122,137.9,291.1,6,19,11.619047619047619,0.30158730158730157,0.09523809523809523,0.060561582641991074,0.8243386243386243,0.7238095238095238,0.06310679611650485,0.19579873678234327,0.8042012632176567,0.6446838408485902
WD Parnell,127,272,367.7,769.6,4,34,12.850393700787404,0.2677165354330709,0.031496062992125984,0.20721123165283983,0.7317585301837272,0.2393700787401575,0.16666666666666666,0.30957438069868704,0.690425619301313,0.5098504048813735
WG Jacks,24,58,43.0,101.8,1,1,14.5,0.041666666666666664,0.041666666666666664,0.0,0.11388888888888889,0.31666666666666665,0.0,0.46199701937406856,0.5380029806259314,0.28010659877463157
WPUJC Vaas,51,107,140.5,268.7,3,9,12.588235294117649,0.17647058823529413,0.058823529411764705,0.0622208040842374,0.48235294117647065,0.4470588235294118,0.043689320388349516,0.2853511002016307,0.7146488997983693,0.47071812737668794
Washington Sundar,175,365,442.3,918.8,3,35,12.514285714285716,0.2,0.017142857142857144,0.2548181238034461,0.5466666666666667,0.1302857142857143,0.24433656957928804,0.27851820310836706,0.7214817968916329,0.4651579077741545
Y Venugopal Rao,36,88,90.9,223.5,0,8,14.666666666666668,0.2222222222222222,0.0,0.030567964262922787,0.6074074074074074,0.0,0.019417475728155338,0.4773969200198709,0.5226030799801291,0.3397614738440048
YA Abdulla,37,84,126.10000000000001,268.2,1,10,13.621621621621621,0.2702702702702703,0.02702702702702703,0.05303126994256542,0.7387387387387387,0.20540540540540544,0.021035598705501618,0.3808353808353808,0.6191646191646192,0.44988006933818925
YK Pathan,109,271,235.8,596.1,1,18,14.917431192660551,0.1651376146788991,0.009174311926605505,0.12303765156349714,0.45137614678899085,0.06972477064220184,0.13754045307443366,0.500567412734656,0.499432587265344,0.3276482068323516
YS Chahal,568,1182,1434.9,3018.2,26,113,12.485915492957744,0.198943661971831,0.045774647887323945,0.8882578174856415,0.5437793427230048,0.347887323943662,0.8802588996763755,0.2758968115698661,0.7241031884301339,0.6358100881362321
Yash Dayal,131,307,348.2,860.9,6,31,14.061068702290076,0.2366412213740458,0.04580152671755725,0.19476707083599235,0.6468193384223919,0.3480916030534351,0.17313915857605178,0.42144002912367307,0.5785599708763269,0.4706097679642038
Yash Thakur,104,243,300.3,718.1999999999999,7,19,14.01923076923077,0.18269230769230768,0.0673076923076923,0.16419910657306958,0.49935897435897436,0.5115384615384615,0.12944983818770225,0.4175742290496389,0.5824257709503611,0.4603613502061395
Yuvraj Singh,121,264,321.2,715.5,5,20,13.09090909090909,0.1652892561983471,0.04132231404958678,0.17753669432035737,0.45179063360881544,0.3140495867768595,0.156957928802589,0.33179785936864903,0.668202140631351,0.4430777872908432
Z Khan,261,570,704.6,1543.8,8,52,13.103448275862071,0.19923371647509577,0.03065134099616858,0.422208040842374,0.5445721583652617,0.23295019157088123,0.383495145631068,0.3329564725833807,0.6670435274166193,0.4967686311486526
