bowler,set_batter_balls,set_batter_runs,set_batter_pressure_exposure,set_batter_weighted_runs,set_batter_wickets,set_batter_weighted_wickets,set_batter_dot_balls,set_batter_economy_raw,set_batter_dot_rate_raw,set_batter_wicket_rate_raw,set_batter_pressure_exposure_norm,set_batter_dot_rate_raw_norm,set_batter_wicket_rate_raw_norm,set_batter_balls_norm,set_batter_eco_temp,set_batter_economy_norm,set_batter_control_score
A Ashish Reddy,92,141,238.70000000000002,409.3,8,19.4,34,9.195652173913043,0.3695652173913043,0.08695652173913043,0.0669843988531854,0.6905629555164613,0.5043478260869565,0.06267281105990782,0.49480886272325847,0.5051911372767415,0.4632929231346755
A Chandila,41,42,116.7,129.6,0,0.0,16,6.146341463414634,0.3902439024390244,0.0,0.02155862531183677,0.7338925701395742,0.0,0.015668202764976956,0.16932586526231225,0.8306741347376878,0.47793177250076563
A Kumble,204,245,536.2,695.1,7,17.3,70,7.205882352941176,0.3431372549019608,0.03431372549019608,0.17775626466098227,0.6351864445200045,0.19901960784313727,0.16589861751152074,0.2824211111709091,0.7175788888290908,0.48411863200606065
A Mishra,943,1282,2393.8,3549.9,48,110.9,288,8.15694591728526,0.3054082714740191,0.05090137857900318,0.8694195181889267,0.5561300486088551,0.29522799575821845,0.8470046082949308,0.3839375026074537,0.6160624973925464,0.5853423980396345
A Mithun,50,78,163.7,263.6,2,7.0,11,9.36,0.22,0.04,0.03905871839743828,0.37716763005780346,0.23199999999999998,0.023963133640552997,0.5123513266239705,0.48764867337602946,0.31767112839986034
A Nehra,194,295,581.7,934.5,12,30.6,55,9.123711340206185,0.28350515463917525,0.061855670103092786,0.19469784413746888,0.5102347893450926,0.35876288659793815,0.1566820276497696,0.4871299082257287,0.5128700917742712,0.4139537939555795
A Nortje,190,311,598.9,966.4,11,39.6,56,9.821052631578947,0.29473684210526313,0.05789473684210526,0.20110213352198686,0.5337693945847276,0.3357894736842105,0.15299539170506912,0.5615640198391678,0.4384359801608322,0.3894625889620209
A Singh,44,63,143.8,222.5,2,5.1,11,8.590909090909092,0.25,0.045454545454545456,0.03164910451651339,0.440028901734104,0.2636363636363636,0.0184331797235023,0.43025867088081177,0.5697413291191882,0.36715219177651615
A Symonds,125,197,316.3,521.2,6,16.6,36,9.456,0.288,0.048,0.09587816956473175,0.5196531791907514,0.2784,0.09308755760368664,0.52259835315645,0.47740164684355,0.3715804439097722
A Zampa,75,121,191.8,322.4,4,9.3,15,9.68,0.2,0.05333333333333334,0.04952154000819155,0.3352601156069364,0.30933333333333335,0.04700460829493088,0.5465080817322354,0.4534919182677646,0.3140564817924306
AA Chavan,40,49,98.4,117.5,2,4.1,14,7.3500000000000005,0.35,0.05,0.01474475928063447,0.6495664739884393,0.29,0.014746543778801843,0.2978042086001829,0.7021957913998171,0.46910927579298944
AB Agarkar,251,365,711.3000000000001,1108.7,10,22.5,70,8.725099601593627,0.2788844621513944,0.0398406374501992,0.24295341996499986,0.5005527024848582,0.23107569721115537,0.20921658986175115,0.4445821471661387,0.5554178528338614,0.41096656453797215
AB Dinda,161,242,522.1,862.2,12,33.2,49,9.01863354037267,0.30434782608695654,0.07453416149068323,0.1725062367353018,0.553908017089721,0.4322981366459627,0.12626728110599078,0.47591391861251425,0.5240860813874857,0.4382441118713721
AB McDonald,54,71,145.8,193.20000000000002,3,7.3,15,7.888888888888889,0.2777777777777778,0.05555555555555555,0.03239378932866665,0.49823378291586384,0.3222222222222222,0.027649769585253454,0.35532513300125373,0.6446748669987463,0.4206434495143636
AC Thomas,32,54,120.4,194.5,2,6.300000000000001,8,10.125,0.25,0.0625,0.022936292214320295,0.440028901734104,0.3625,0.007373271889400922,0.594007319304666,0.405992680695334,0.327635620087265
AD Mascarenhas,40,62,130.5,204.9,0,0.0,13,9.3,0.325,0.0,0.026696950515694234,0.5971820809248555,0.0,0.014746543778801843,0.5059469350411709,0.49405306495882906,0.32635844239625367
AD Mathews,218,310,539.3000000000001,836.1,10,21.7,53,8.53211009174312,0.24311926605504589,0.045871559633027525,0.17891052611981983,0.4256111788725673,0.26605504587155965,0.17880184331797236,0.42398247395855176,0.5760175260414482,0.39699117495073977
AD Russell,262,446,737.9,1419.3,23,58.1,83,10.213740458015268,0.31679389312977096,0.08778625954198473,0.25285772796663813,0.5799872038123813,0.5091603053435114,0.21935483870967742,0.6034794633441121,0.39652053665588793,0.4328323065189899
AF Milne,27,53,86.4,168.1,2,6.5,5,11.777777777777779,0.18518518518518517,0.07407407407407407,0.010276650407714936,0.30421751230999783,0.4296296296296296,0.0027649769585253448,0.7704245874419708,0.22957541255802916,0.2436358611353596
AG Murtaza,78,88,169.5,215.9,2,3.0,31,6.769230769230769,0.3974358974358974,0.02564102564102564,0.04121830435268273,0.7489625018526752,0.14871794871794872,0.049769585253456226,0.23581298238205822,0.7641870176179417,0.493548460333652
AJ Tye,133,200,409.0,676.1,9,33.9,33,9.022556390977442,0.24812030075187969,0.06766917293233082,0.1303943106080352,0.43609022556390975,0.39248120300751876,0.10046082949308754,0.4763326431357439,0.523667356864256,0.39388788590508306
AL Menaria,28,38,93.10000000000001,135.1,1,2.7,11,8.142857142857142,0.39285714285714285,0.03571428571428571,0.012771344528428347,0.7393682906688687,0.20714285714285713,0.003686635944700461,0.38243366880146373,0.6175663311985362,0.4440646580625891
AM Nayar,85,111,213.9,317.20000000000005,5,8.7,29,7.835294117647059,0.3411764705882353,0.058823529411764705,0.057750307182485014,0.6310778646718803,0.3411764705882353,0.05622119815668202,0.34960443463753293,0.6503955653624671,0.46504035869639726
AN Ahmed,69,101,197.1,323.3,1,1.5,20,8.782608695652174,0.2898550724637681,0.014492753623188406,0.05149495476039766,0.5235402529948898,0.08405797101449275,0.04147465437788018,0.4507206597981886,0.5492793402018115,0.34924138743608285
AR Patel,676,893,1749.1000000000001,2436.0,29,67.7,190,7.926035502958579,0.28106508875739644,0.042899408284023666,0.6293703689913246,0.505121934535007,0.24881656804733726,0.6009216589861751,0.3592901573758775,0.6407098426241224,0.523321444959412
AS Joseph,69,136,215.1,479.0,4,10.8,14,11.82608695652174,0.2028985507246377,0.057971014492753624,0.05819711806977697,0.3413336684259027,0.336231884057971,0.04147465437788018,0.7755811024039674,0.22441889759603262,0.241093585321447
AS Rajpoot,49,94,152.4,342.6,4,13.6,13,11.510204081632653,0.2653061224489796,0.08163265306122448,0.03485124920877239,0.47210097911997173,0.473469387755102,0.023041474654377878,0.7418638086524636,0.2581361913475364,0.30885606168896607
AS Roy,33,62,89.0,187.3,2,5.1,10,11.272727272727273,0.30303030303030304,0.06060606060606061,0.01124474066351417,0.5511473112629182,0.3515151515151515,0.008294930875576038,0.7165155673847348,0.28348443261526524,0.3092633766880117
AUK Pathan,27,44,92.7,155.3,0,0.0,6,9.777777777777777,0.2222222222222222,0.0,0.012622407565997695,0.3818240205523442,0.0,0.0027649769585253448,0.5569448680153162,0.4430551319846838,0.25206403978517766
Abhishek Sharma,78,124,181.2,290.7,2,4.2,17,9.538461538461538,0.21794871794871795,0.02564102564102564,0.04557471050377927,0.3728694234474581,0.14871794871794872,0.049769585253456226,0.5314002862035798,0.4685997137964202,0.29650527500992485
Akash Madhwal,38,71,96.5,188.2,4,10.8,9,11.210526315789474,0.23684210526315788,0.10526315789473684,0.014037308709088876,0.4124581685427441,0.6105263157894736,0.012903225806451611,0.7098762459671595,0.2901237540328405,0.329457172656629
Anand Rajan,55,97,131.0,267.0,4,7.0,11,10.581818181818182,0.2,0.07272727272727272,0.02688312171873255,0.3352601156069364,0.42181818181818176,0.028571428571428574,0.6427680279464358,0.35723197205356416,0.29875531051313403
Ankit Sharma,54,56,142.5,159.8,1,2.7,19,6.222222222222221,0.35185185185185186,0.018518518518518517,0.031165059388613768,0.6534467994005566,0.1074074074074074,0.027649769585253454,0.17742536681237492,0.8225746331876251,0.47862578584467613
Ankit Soni,52,79,124.4,208.10000000000002,2,5.4,13,9.115384615384615,0.25,0.038461538461538464,0.0244256618386268,0.440028901734104,0.2230769230769231,0.02580645161290323,0.4862411147864028,0.5137588852135972,0.3394614312188226
Anureet Singh,85,145,272.7,491.7,5,21.2,21,10.235294117647058,0.24705882352941178,0.058823529411764705,0.07964404065979075,0.43386603196191775,0.3411764705882353,0.05622119815668202,0.6057800979495183,0.39421990205048174,0.32826529170744234
Arshdeep Singh,204,257,641.7,809.7,18,61.3,68,7.5588235294117645,0.3333333333333333,0.08823529411764706,0.21703838850206653,0.6146435452793834,0.511764705882353,0.16589861751152074,0.3200940028344365,0.6799059971655634,0.5322746271056223
Avesh Khan,202,339,601.8,1073.5,13,37.1,60,10.069306930693068,0.297029702970297,0.06435643564356436,0.20218192649960903,0.5385737995764894,0.37326732673267327,0.1640552995391705,0.5880626488998395,0.4119373511001605,0.39009871072959107
Azhar Mahmood,123,169,353.6,538.9,8,21.400000000000002,44,8.24390243902439,0.35772357723577236,0.06504065040650407,0.10976654131138998,0.6657502702194652,0.3772357723577236,0.0912442396313364,0.39321922953904737,0.6067807704609527,0.4743590697820171
B Akhil,44,39,118.80000000000001,105.9,3,6.9,15,5.318181818181818,0.3409090909090909,0.06818181818181818,0.02234054436459769,0.6305176037834996,0.3954545454545454,0.0184331797235023,0.08092822090992263,0.9190717790900773,0.5624728051271211
B Kumar,490,739,1566.4,2519.1,20,66.2,125,9.048979591836735,0.25510204081632654,0.04081632653061224,0.5613434114011245,0.4507195941960599,0.236734693877551,0.4294930875576037,0.47915305188864193,0.520846948111358,0.4414069190593733
B Laughlin,39,62,141.6,241.9,0,0.0,8,9.538461538461538,0.20512820512820512,0.0,0.030829951223144803,0.3460056321327997,0.0,0.01382488479262673,0.5314002862035798,0.4685997137964202,0.25497679146352414
B Lee,79,102,264.4,359.9,5,19.2,26,7.746835443037975,0.3291139240506329,0.06329113924050633,0.07655359868935473,0.6058022975049389,0.3670886075949367,0.05069124423963133,0.34016236811933237,0.6598376318806676,0.4685359513463543
BA Bhatt,65,75,189.9,222.4,5,13.8,18,6.9230769230769225,0.27692307692307694,0.07692307692307693,0.04881408943664595,0.49644286349488664,0.4461538461538462,0.03778801843317972,0.25223449926103153,0.7477655007389685,0.4837196211501124
BA Stokes,139,198,419.5,612.4,8,24.3,43,8.546762589928058,0.30935251798561153,0.05755395683453238,0.13430390587183977,0.5643947269929721,0.3338129496402878,0.10599078341013826,0.4255464795592619,0.5744535204407382,0.4329494727587567
BAW Mendis,56,66,136.4,179.5,1,2.7,19,7.071428571428571,0.3392857142857143,0.017857142857142856,0.028893770711546342,0.627116019818332,0.10357142857142856,0.029493087557603687,0.26806953339432743,0.7319304666056725,0.439507639807769
BB Sran,97,172,291.9,553.1,5,15.3,26,10.639175257731958,0.26804123711340205,0.05154639175257732,0.086793014856462,0.47783207198617483,0.29896907216494845,0.06728110599078341,0.6488903141830391,0.3511096858169609,0.3175476345501943
BCJ Cutting,70,116,196.4,364.4,3,5.9,22,9.942857142857143,0.3142857142857143,0.04285714285714286,0.051234315076144024,0.5747316267547481,0.24857142857142855,0.0423963133640553,0.5745654162854528,0.42543458371454723,0.3516623595470842
BJ Hodge,59,66,164.70000000000002,196.20000000000002,5,14.100000000000001,23,6.711864406779661,0.3898305084745763,0.0847457627118644,0.03943106080351492,0.7330263544626237,0.4915254237288135,0.03225806451612903,0.22968970490176305,0.770310295098237,0.5583391891777659
BW Hilfenhaus,43,72,132.1,225.2,2,9.7,16,10.046511627906977,0.37209302325581395,0.046511627906976744,0.02729269836541684,0.6958596585562575,0.2697674418604651,0.017511520737327188,0.5856294814783292,0.41437051852167084,0.3774285064040166
Basil Thampi,103,164,321.6,542.1,6,16.8,21,9.553398058252426,0.20388349514563106,0.05825242718446602,0.09785158431693787,0.3433974970537067,0.3378640776699029,0.0728110599078341,0.5329946082306645,0.46700539176933553,0.3339403413391519
Bipul Sharma,90,143,216.8,399.40000000000003,5,8.7,20,9.533333333333333,0.2222222222222222,0.05555555555555555,0.05883010016010724,0.3818240205523442,0.3222222222222222,0.060829493087557605,0.5308529023076141,0.46914709769238594,0.336067893099632
C Green,91,130,222.8,366.6,8,15.8,30,8.571428571428571,0.32967032967032966,0.08791208791208792,0.061064154596567013,0.6069681763323381,0.50989010989011,0.061751152073732725,0.4281793229643182,0.5718206770356817,0.46613883369062503
C Sakariya,66,101,218.6,356.4,2,6.4,15,9.181818181818182,0.22727272727272727,0.030303030303030304,0.059500316491045174,0.3924067262217551,0.17575757575757575,0.03870967741935484,0.49333222434777774,0.5066677756522222,0.32040791757627163
C de Grandhomme,30,56,67.2,130.3,1,0.8,4,11.2,0.13333333333333333,0.03333333333333333,0.003127676211043675,0.1955684007707129,0.19333333333333333,0.0055299539170506895,0.7087526684964927,0.29124733150350735,0.19036109589838188
CH Gayle,127,189,350.3,584.8,4,6.1,39,8.929133858267717,0.30708661417322836,0.031496062992125984,0.1085378113713371,0.559646807154886,0.1826771653543307,0.09493087557603686,0.46636073510024406,0.5336392648997559,0.38356774626923956
CH Morris,277,445,880.0,1440.0,13,36.8,67,9.63898916967509,0.24187725631768953,0.04693140794223827,0.30576758387012704,0.4230087018217482,0.27220216606498193,0.23317972350230415,0.5421305914566275,0.45786940854337255,0.37434163239585694
CJ Anderson,68,122,175.5,347.2,4,11.4,11,10.764705882352942,0.16176470588235295,0.058823529411764705,0.0434523587891425,0.2551428085685141,0.3411764705882353,0.04055299539170507,0.6622894354448092,0.3377105645551908,0.2586202292721771
CJ Jordan,137,242,470.3,881.2,5,11.1,32,10.598540145985401,0.23357664233576642,0.0364963503649635,0.15321890010053246,0.4056157968018227,0.21167883211678828,0.10414746543778802,0.6445529280557762,0.35544707194422376,0.29388282735812365
CR Brathwaite,82,129,276.0,445.09999999999997,5,21.4,17,9.439024390243903,0.2073170731707317,0.06097560975609756,0.08087277059984363,0.3505921330889609,0.35365853658536583,0.05345622119815668,0.520786378952536,0.479213621047464,0.33953740713572583
CR Woakes,29,25,80.60000000000001,65.6,5,12.4,15,5.172413793103448,0.5172413793103449,0.1724137931034483,0.008117064452470495,1.0,1.0,0.004608294930875577,0.06536896236236861,0.9346310376376314,0.7783933991115056
CRD Fernando,45,65,147.7,232.79999999999998,5,11.5,14,8.666666666666666,0.3111111111111111,0.1111111111111111,0.033101239900212236,0.5680796403339756,0.6444444444444444,0.01935483870967742,0.43834502388939695,0.5616549761106031,0.4727336484720829
CV Varun,404,541,1018.5,1463.8,19,38.4,134,8.034653465346535,0.3316831683168317,0.04702970297029703,0.35733700711174,0.6111858295656155,0.27277227722772274,0.35023041474654376,0.3708840234435154,0.6291159765564847,0.4982982468175464
D Pretorius,29,45,79.8,130.9,3,4.5,8,9.310344827586206,0.27586206896551724,0.10344827586206896,0.007819190527609186,0.4942196531791907,0.6,0.004608294930875577,0.5070511404864813,0.49294885951351874,0.4173297626703777
D Wiese,66,115,233.1,409.7,1,5.5,10,10.454545454545455,0.15151515151515152,0.015151515151515152,0.06489928137915628,0.23366614118059204,0.08787878787878788,0.03870967741935484,0.6291829548920125,0.3708170451079875,0.21613915453855234
DE Bollinger,122,152,396.5,523.9,14,41.0,47,7.475409836065574,0.38524590163934425,0.11475409836065574,0.12574003053207733,0.7234198806026721,0.6655737704918032,0.0903225806451613,0.31119043690849363,0.6888095630915063,0.5766593324487799
DJ Bravo,800,1156,2301.7,3638.6,45,132.7,213,8.67,0.26625,0.05625,0.8351267825892691,0.47407875722543347,0.32625,0.7152073732718894,0.4387008234217748,0.5612991765782251,0.535257816694853
DJ Hooda,101,169,262.2,447.0,6,16.3,22,10.03960396039604,0.21782178217821782,0.0594059405940594,0.07573444539598616,0.37260344531562983,0.3445544554455445,0.07096774193548386,0.5848921580172655,0.41510784198273454,0.32201971584512046
DJ Hussey,50,80,140.8,234.20000000000002,3,7.9,10,9.600000000000001,0.2,0.06,0.030532077298283507,0.3352601156069364,0.348,0.023963133640552997,0.5379688929551694,0.46203110704483064,0.3205754374613085
DJ Willey,25,39,65.6,109.7,1,1.5,4,9.36,0.16,0.04,0.002531928361321066,0.2514450867052023,0.23199999999999998,0.0009216589861751161,0.5123513266239705,0.48764867337602946,0.2802836660926605
DJG Sammy,78,125,210.8,356.5,6,14.5,20,9.615384615384617,0.2564102564102564,0.07692307692307693,0.05659604572364747,0.4534607973914332,0.4461538461538462,0.049769585253456226,0.5396110446430666,0.46038895535693336,0.37436866605126456
DL Chahar,111,176,319.0,544.2,5,12.2,29,9.513513513513514,0.26126126126126126,0.04504504504504504,0.09688349406113864,0.4636254751861688,0.26126126126126126,0.08018433179723503,0.5287373375205031,0.4712626624794969,0.35080733550245574
DL Vettori,150,191,414.5,580.1,4,9.6,38,7.640000000000001,0.25333333333333335,0.02666666666666667,0.1324421938414566,0.4470134874759153,0.15466666666666667,0.11612903225806454,0.3287587679170479,0.6712412320829522,0.40247825904129747
DP Nannes,63,83,188.9,266.0,3,9.4,18,7.904761904761905,0.2857142857142857,0.047619047619047616,0.04844174703056932,0.5148637489677952,0.27619047619047615,0.035944700460829496,0.35701941648876684,0.6429805835112332,0.4174358814581155
DR Sams,34,72,85.9,196.6,1,0.8,7,12.705882352941178,0.20588235294117646,0.029411764705882353,0.010090479204676622,0.347585855151309,0.17058823529411765,0.009216589861751154,0.8694903395942091,0.13050966040579093,0.16862319889532038
DR Smith,163,272,428.5,789.2,4,10.3,39,10.012269938650306,0.2392638036809816,0.024539877300613498,0.13765498752652944,0.4175325366147735,0.1423312883435583,0.12811059907834102,0.5819745283707249,0.41802547162927506,0.3057348655531383
DS Kulkarni,234,335,632.0,994.4,8,18.8,70,8.58974358974359,0.29914529914529914,0.03418803418803419,0.21342666716312325,0.5430067684402944,0.1982905982905983,0.1935483870967742,0.43013426544991035,0.5698657345500897,0.41556032428671436
DT Christian,229,311,588.1,867.1,8,20.8,69,8.148471615720524,0.30131004366812225,0.034934497816593885,0.19708083553635924,0.5475427215589267,0.20262008733624454,0.18894009216589863,0.3830329568472654,0.6169670431527345,0.4319502557306634
DW Steyn,310,435,1007.7,1533.8,12,35.9,101,8.419354838709678,0.3258064516129032,0.03870967741935484,0.35331570912611243,0.5988719000559388,0.22451612903225807,0.26359447004608294,0.4119469940678216,0.5880530059321785,0.46213077081391835
FH Edwards,28,52,105.7,211.1,1,4.0,5,11.142857142857142,0.17857142857142858,0.03571428571428571,0.017462858844993857,0.2903592072667217,0.20714285714285713,0.003686635944700461,0.7026532479414453,0.29734675205855465,0.2202046859447154
G Coetzee,29,54,88.7,155.4,1,4.3,9,11.172413793103448,0.3103448275862069,0.034482758620689655,0.011133037941691182,0.5664739884393063,0.19999999999999998,0.004608294930875577,0.7058081206423321,0.2941918793576679,0.286159788172267
GB Hogg,133,173,375.7,513.6,8,20.9,43,7.804511278195489,0.3233082706766917,0.06015037593984962,0.11799530848568344,0.5936372723716806,0.3488721804511278,0.10046082949308754,0.3463186786728944,0.6536813213271055,0.4688178304455097
GD McGrath,24,29,67.6,86.4,4,11.5,10,7.25,0.4166666666666667,0.16666666666666666,0.003276613173474323,0.7892581888246628,0.9666666666666666,0.0,0.2871302226288502,0.7128697773711499,0.6404799639367489
GJ Maxwell,203,311,484.8,788.9000000000001,11,22.6,52,9.192118226600986,0.2561576354679803,0.054187192118226604,0.15861786498864355,0.45293146160198183,0.3142857142857143,0.16497695852534563,0.49443164968293524,0.5055683503170647,0.3853984132200099
Gurkeerat Singh,25,19,60.300000000000004,46.7,3,5.1,9,4.5600000000000005,0.36,0.12,0.0005585136091149426,0.6705202312138727,0.696,0.0009216589861751161,0.0,1.0,0.6569780750629971
H Sharma,25,54,68.7,156.0,0,0.0,2,12.96,0.08,0.0,0.0036861898201586175,0.0838150289017341,0.0,0.0009216589861751161,0.8966148215919487,0.10338517840805128,0.05759935454888484
HF Gurney,35,60,113.3,202.3,1,4.6,6,10.285714285714285,0.17142857142857143,0.02857142857142857,0.020292661131176226,0.27539223781998345,0.1657142857142857,0.010138248847926266,0.6111619396157364,0.3888380603842636,0.2411273287302555
HH Pandya,249,351,654.5,1010.8000000000001,19,52.1,73,8.457831325301205,0.2931726907630522,0.07630522088353414,0.22180437129984737,0.5304919098358752,0.44257028112449803,0.20737327188940094,0.41605396884886287,0.5839460311511371,0.46843590890569126
HR Shokeen,36,58,89.4,157.8,0,0.0,10,9.666666666666668,0.2777777777777778,0.0,0.011393677625944822,0.49823378291586384,0.0,0.011059907834101386,0.5450848836027244,0.45491511639727555,0.286024095014017
HV Patel,541,746,1463.4,2131.2000000000003,29,74.9,162,8.273567467652494,0.29944547134935307,0.053604436229205174,0.5229921435752319,0.5436357419892514,0.31090573012939,0.47649769585253454,0.396385670533203,0.603614329466797,0.5093040807793464
Harbhajan Singh,764,926,1867.3,2400.3,49,119.8,246,7.272251308900524,0.3219895287958115,0.06413612565445026,0.6733812413895819,0.590874012650183,0.3719895287958115,0.6820276497695853,0.28950532421933,0.71049467578067,0.6063304345608593
Harmeet Singh,137,206,417.5,615.4,3,10.2,30,9.021897810218977,0.21897810218978103,0.021897810218978103,0.13355922105968648,0.3750263701953504,0.12700729927007298,0.10414746543778802,0.47626234631797554,0.5237376536820244,0.3262368998413082
Harpreet Brar,153,213,397.8,585.8000000000001,8,22.4,45,8.352941176470587,0.29411764705882354,0.05228758169934641,0.12622407565997695,0.532471948316899,0.3032679738562091,0.11889400921658988,0.40485800907737274,0.5951419909226272,0.42658308716104276
Harshit Rana,67,127,213.4,455.2,7,20.3,17,11.373134328358208,0.2537313432835821,0.1044776119402985,0.05756413597944671,0.4478474678629971,0.6059701492537313,0.03963133640552995,0.7272330024170091,0.27276699758299094,0.33834389320904
I Sharma,321,516,1021.3000000000001,1731.5,14,40.1,104,9.644859813084112,0.32398753894080995,0.04361370716510903,0.3583795658487546,0.5950605946014081,0.25295950155763236,0.27373271889400924,0.5427572231105333,0.4572427768894667,0.42260324934746823
I Udana,38,63,126.2,228.1,2,6.8999999999999995,6,9.947368421052632,0.15789473684210525,0.05263157894736842,0.025095878169564732,0.2470337693945847,0.3052631578947368,0.012903225806451611,0.5750469494871671,0.42495305051283294,0.2753445520046867
IC Pandey,46,70,115.30000000000001,194.8,3,6.9,15,9.130434782608695,0.32608695652173914,0.06521739130434782,0.02103734594332949,0.5994596632319679,0.3782608695652174,0.020276497695852533,0.4878475675245633,0.5121524324754367,0.4089018254513565
IK Pathan,286,466,867.6,1514.5,13,38.9,72,9.776223776223777,0.2517482517482518,0.045454545454545456,0.3011505380347768,0.44369214600428475,0.2636363636363636,0.24147465437788018,0.5567789941074479,0.4432210058925521,0.37304018053200283
IS Sodhi,47,51,122.5,146.5,2,7.0,17,6.51063829787234,0.3617021276595745,0.0425531914893617,0.023718211267081207,0.6740868281884147,0.24680851063829787,0.021198156682027652,0.20821085826633695,0.7917891417336631,0.4995012455764562
Imran Tahir,324,471,871.7,1357.4,14,37.4,88,8.722222222222221,0.2716049382716049,0.043209876543209874,0.302677141899691,0.48529936487547276,0.2506172839506173,0.2764976958525346,0.4442750160956929,0.555724983904307,0.42386952615072165
Iqbal Abdulla,210,295,567.0,842.8000000000001,13,30.5,55,8.428571428571427,0.2619047619047619,0.06190476190476191,0.1892244107681424,0.46497385081200115,0.35904761904761906,0.17142857142857143,0.41293077157669994,0.5870692284233001,0.42959251468035053
J Botha,167,208,443.8,569.2,14,34.5,61,7.473053892215569,0.3652694610778443,0.08383233532934131,0.14335182633950183,0.6815617320272749,0.4862275449101796,0.13179723502304147,0.3109389637924516,0.6890610362075484,0.5363222107977509
J Little,32,71,109.3,252.1,2,7.8999999999999995,8,13.3125,0.25,0.0625,0.01880329150686972,0.440028901734104,0.3625,0.007373271889400922,0.9342406221408965,0.06575937785910346,0.2081406640238393
J Suchith,103,174,245.5,452.6,3,6.5,24,10.135922330097086,0.23300970873786409,0.02912621359223301,0.06951632721450647,0.404427857904484,0.16893203883495145,0.0728110599078341,0.5951731672869716,0.40482683271302844,0.2908155024049053
J Syed Mohammad,32,50,69.0,111.3,4,7.5,10,9.375,0.3125,0.125,0.003797892541981606,0.5709898843930635,0.725,0.007373271889400922,0.5139524245196705,0.4860475754803295,0.4589812389595195
J Theron,53,90,155.6,284.0,3,6.300000000000001,12,10.18867924528302,0.22641509433962265,0.05660377358490566,0.0360427449082176,0.39060966299487404,0.3283018867924528,0.026728110599078342,0.6008044330128259,0.39919556698717407,0.3093083271034496
J Yadav,65,70,176.0,199.70000000000002,1,2.7,25,6.461538461538462,0.38461538461538464,0.015384615384615385,0.04363852999218082,0.7220987105380169,0.08923076923076924,0.03778801843317972,0.20296994862411138,0.7970300513758886,0.48547400430475507
JA Morkel,286,439,893.0,1480.3,16,43.6,79,9.20979020979021,0.2762237762237762,0.055944055944055944,0.31060803514912316,0.4949775657868143,0.32447552447552447,0.24147465437788018,0.49631795468940926,0.5036820453105908,0.42013648115321556
JA Richardson,26,59,93.6,198.79999999999998,2,8.3,5,13.615384615384615,0.19230769230769232,0.07692307692307693,0.012957515731466654,0.3191418408181414,0.4461538461538462,0.0018433179723502321,0.9665704834963753,0.03342951650362469,0.1821966435819549
JC Archer,131,212,401.7,759.4,2,6.300000000000001,35,9.709923664122137,0.26717557251908397,0.015267175572519083,0.12767621104367577,0.47601817941137536,0.08854961832061069,0.09861751152073733,0.5497021294427409,0.4502978705572591,0.316948095468448
JD Ryder,83,136,211.70000000000002,379.90000000000003,5,8.7,21,9.831325301204819,0.25301204819277107,0.060240963855421686,0.056931153889116445,0.4463402743923671,0.3493975903614458,0.054377880184331796,0.5626605231539148,0.4373394768460852,0.3456643069738556
JD Unadkat,364,615,1106.9,2049.0,19,57.0,87,10.137362637362637,0.23901098901098902,0.0521978021978022,0.39025207580891397,0.4170027948929683,0.3027472527472527,0.3133640552995392,0.5953269054824406,0.4046730945175594,0.3767973454646837
JDP Oram,36,58,112.3,187.5,1,4.2,7,9.666666666666668,0.19444444444444445,0.027777777777777776,0.019920318725099598,0.32361913937058445,0.1611111111111111,0.011059907834101386,0.5450848836027244,0.45491511639727555,0.27544532045983483
JDS Neesham,45,88,107.60000000000001,223.3,2,4.0,9,11.733333333333333,0.2,0.044444444444444446,0.01817030941653945,0.3352601156069364,0.2577777777777778,0.01935483870967742,0.7656805936769338,0.23431940632306625,0.2211348914829845
JH Kallis,277,358,769.6,1044.6000000000001,19,53.4,96,7.754512635379061,0.34657039711191334,0.06859205776173286,0.26466098223926726,0.6423801673587779,0.39783393501805053,0.23317972350230415,0.3409818305528122,0.6590181694471877,0.5206022587239774
JJ Bumrah,597,799,1872.0,2742.7,29,83.8,181,8.030150753768844,0.30318257956448913,0.048576214405360134,0.6751312506981421,0.5514663878157647,0.2817420435510888,0.528110599078341,0.37040340464138305,0.6295965953586169,0.5348979990173232
JL Pattinson,52,82,119.2,215.9,4,4.6,11,9.461538461538462,0.21153846153846154,0.07692307692307693,0.022489481327028334,0.35943752779012894,0.4461538461538462,0.02580645161290323,0.5231895277640932,0.4768104722359068,0.35080340975486196
JO Holder,186,302,506.3,863.8000000000001,7,21.6,48,9.741935483870968,0.25806451612903225,0.03763440860215054,0.16662322671929108,0.4569270930449375,0.21827956989247313,0.14930875576036867,0.5531190665918995,0.44688093340810053,0.34588921218053015
JP Behrendorff,24,35,72.3,116.3,2,5.2,8,8.75,0.3333333333333333,0.08333333333333333,0.005026622482034476,0.6146435452793834,0.4833333333333333,0.0,0.44724001219884096,0.5527599878011591,0.4442962109651217
JP Duminy,141,201,378.20000000000005,578.0,7,18.900000000000002,37,8.553191489361701,0.2624113475177305,0.04964539007092199,0.11892616450087502,0.4660353380068052,0.28794326241134754,0.10783410138248847,0.42623269938292013,0.5737673006170798,0.39759206878828507
JP Faulkner,212,299,616.6,938.0,15,38.1,65,8.462264150943398,0.30660377358490565,0.07075471698113207,0.20769259410954316,0.558635074708256,0.410377358490566,0.17327188940092167,0.41652712803604414,0.5834728719639559,0.46404619391360824
JR Hazlewood,112,185,380.4,706.1,4,11.7,36,9.910714285714285,0.32142857142857145,0.03571428571428571,0.11974531779424359,0.5896985962014863,0.20714285714285713,0.08110599078341013,0.5711344922232386,0.42886550777676136,0.35904127905857486
JR Hopes,82,139,213.0,373.2,1,4.6,21,10.170731707317072,0.25609756097560976,0.012195121951219513,0.057415199017016055,0.45280558296912443,0.07073170731707316,0.05345622119815668,0.5988887153281413,0.40111128467185875,0.27882382886236357
JW Hastings,25,36,68.4,83.6,1,3.7,10,8.64,0.4,0.04,0.003574487098335629,0.7543352601156069,0.23199999999999998,0.0009216589861751161,0.4354986276303751,0.5645013723696248,0.4330089099667215
Joginder Sharma,86,151,257.3,466.3,4,9.3,20,10.534883720930232,0.23255813953488372,0.046511627906976744,0.07390996760621069,0.40348165075951065,0.2697674418604651,0.05714285714285714,0.6377582501755354,0.36224174982446455,0.29471379597544006
K Goel,24,26,64.80000000000001,70.2,0,0.0,9,6.5,0.375,0.0,0.0022340544364597703,0.7019508670520231,0.0,0.0,0.2070753278438548,0.7929246721561451,0.45323475746130254
K Gowtham,77,97,186.9,243.50000000000003,5,12.100000000000001,27,7.558441558441559,0.35064935064935066,0.06493506493506493,0.04769706221841606,0.6509271075745064,0.3766233766233766,0.04884792626728111,0.32005323130666213,0.6799467686933378,0.48569232010953983
K Kartikeya,38,60,118.0,206.2,1,2.7,10,9.473684210526315,0.2631578947368421,0.02631578947368421,0.02204267043973638,0.46759963492546386,0.1526315789473684,0.012903225806451611,0.5244859633071699,0.4755140366928301,0.317350726987949
K Rabada,310,452,914.5,1423.1,27,73.4,108,8.748387096774193,0.34838709677419355,0.08709677419354839,0.3186133968797707,0.6461868357262726,0.5051612903225806,0.26359447004608294,0.44706785113478725,0.5529321488652128,0.5143260057914941
KA Pollard,436,663,1180.6000000000001,1914.7,17,47.0,92,9.123853211009175,0.21100917431192662,0.0389908256880734,0.41769371113676146,0.3583284721853954,0.2261467889908257,0.3797235023041475,0.4871450514953372,0.5128549485046627,0.3940524291652368
KC Cariappa,45,83,105.4,209.9,1,2.5,8,11.066666666666666,0.17777777777777778,0.022222222222222223,0.01735115612317087,0.28869621066152856,0.1288888888888889,0.01935483870967742,0.6945206872013825,0.3054793127986175,0.2085401894059609
KH Pandya,518,747,1293.3,2046.0,19,39.5,134,8.652509652509652,0.25868725868725867,0.03667953667953668,0.4596567003015974,0.45823197268283966,0.21274131274131275,0.4552995391705069,0.43683390618431767,0.5631660938156824,0.44571001250167175
KK Ahmed,160,264,520.4,859.8000000000001,7,28.0,39,9.899999999999999,0.24375,0.04375,0.17187325464497155,0.42693280346820806,0.25375,0.12534562211981568,0.5699908508691671,0.4300091491308329,0.33770829073932224
KK Cooper,108,147,329.8,445.5,9,33.0,30,8.166666666666668,0.2777777777777778,0.08333333333333333,0.10090479204676622,0.49823378291586384,0.4833333333333333,0.07741935483870968,0.3849750940327336,0.6150249059672663,0.4543162441727235
KL Nagarkoti,43,62,106.2,158.70000000000002,1,3.7,8,8.651162790697674,0.18604651162790697,0.023255813953488372,0.01764903004803217,0.3060223148272617,0.13488372093023254,0.017511520737327188,0.4366901423434539,0.5633098576565461,0.304156828151189
KM Asif,32,54,75.2,150.5,2,4.800000000000001,9,10.125,0.28125,0.0625,0.006106415459656699,0.5055093930635838,0.3625,0.007373271889400922,0.594007319304666,0.405992680695334,0.3423227552441686
KMA Paul,56,79,195.1,351.8,1,2.7,17,8.464285714285715,0.30357142857142855,0.017857142857142856,0.050750269948244414,0.5522811725846407,0.10357142857142856,0.029493087557603687,0.41674290942360476,0.5832570905763952,0.37094889631276895
KP Appanna,42,48,83.0,97.9,5,9.3,14,6.857142857142857,0.3333333333333333,0.11904761904761904,0.0090106862270544,0.6146435452793834,0.6904761904761905,0.016589861751152075,0.24519670631290008,0.7548032936870999,0.5584973320033895
KR Sen,66,105,164.5,295.2,5,13.600000000000001,23,9.545454545454545,0.3484848484848485,0.07575757575757576,0.03935659232229959,0.646391662287616,0.4393939393939394,0.03870967741935484,0.5321467187889877,0.46785328121101233,0.42103197884871163
KV Sharma,362,558,938.5,1491.2,27,69.8,106,9.248618784530386,0.292817679558011,0.07458563535911603,0.3275496146256098,0.529748027975601,0.4325966850828729,0.31152073732718893,0.500462511310044,0.49953748868995596,0.45770150024723927
KW Richardson,35,53,123.7,195.4,4,13.4,11,9.085714285714285,0.3142857142857143,0.11428571428571428,0.02416502215437316,0.5747316267547481,0.6628571428571428,0.010138248847926266,0.48307410795974365,0.5169258920402564,0.46060872457443525
Karanveer Singh,35,58,128.1,262.2,4,14.799999999999999,12,9.942857142857143,0.34285714285714286,0.11428571428571428,0.025803328741110326,0.634599504541701,0.6628571428571428,0.010138248847926266,0.5745654162854528,0.42543458371454723,0.443717566765849
Kartik Tyagi,61,117,189.6,363.8,3,8.9,13,11.508196721311474,0.21311475409836064,0.04918032786885246,0.04870238671482295,0.3627404529517672,0.28524590163934427,0.034101382488479264,0.741649543293387,0.25835045670661305,0.24643733033345544
Kuldeep Yadav,351,492,808.5,1189.5,16,38.0,93,8.410256410256409,0.26495726495726496,0.045584045584045586,0.2791451018356481,0.4713699916012054,0.2643874643874644,0.3013824884792627,0.4109758290911079,0.5890241709088921,0.43493120962739756
L Balaji,257,397,736.4,1262.3,21,57.3,69,9.268482490272374,0.26848249027237353,0.08171206225680934,0.2522992143575232,0.47875666314297916,0.47392996108949415,0.21474654377880184,0.5025827604743307,0.4974172395256693,0.4352757676512604
L Ngidi,39,75,133.9,264.8,2,4.5,7,11.538461538461538,0.1794871794871795,0.05128205128205128,0.02796291469635477,0.292278049503483,0.29743589743589743,0.01382488479262673,0.7448800056302343,0.25511999436976573,0.2260274698413664
LE Plunkett,47,71,130.9,219.4,1,2.8,9,9.063829787234043,0.19148936170212766,0.02127659574468085,0.026845887478124886,0.317427130734227,0.12340425531914893,0.021198156682027652,0.48073815966206607,0.5192618403379339,0.2905836822816786
LH Ferguson,236,374,662.4,1133.9,15,37.9,75,9.508474576271187,0.3177966101694915,0.0635593220338983,0.2247458763078527,0.5820882727539923,0.36864406779661013,0.19539170506912443,0.5281994820661529,0.47180051793384714,0.42639482116236427
LJ Wright,25,53,78.7,198.5,0,0.0,1,12.72,0.04,0.0,0.007409613880924898,0.0,0.0,0.0009216589861751161,0.8709972552607501,0.12900274473924989,0.045984087945447456
LR Shukla,70,94,189.20000000000002,269.20000000000005,3,9.0,23,8.057142857142857,0.32857142857142857,0.04285714285714286,0.048553449752392314,0.6046655656482246,0.24857142857142855,0.0423963133640553,0.37328453796889277,0.6267154620311073,0.4293260651488741
LS Livingstone,74,116,162.20000000000002,266.5,4,8.3,20,9.405405405405405,0.2702702702702703,0.05405405405405406,0.038500204788323354,0.4825027339478206,0.31351351351351353,0.04608294930875576,0.5171978932271704,0.48280210677282964,0.3607674389698561
Lalit Yadav,30,41,79.80000000000001,115.50000000000001,3,6.9,10,8.2,0.3333333333333333,0.1,0.007819190527609193,0.6146435452793834,0.58,0.0055299539170506895,0.38853308935651093,0.6114669106434891,0.485009219489533
M Ashwin,321,427,842.9000000000001,1166.4,14,34.7,98,7.981308411214954,0.3052959501557632,0.04361370716510903,0.29195368060468413,0.5558946932454576,0.25295950155763236,0.27373271889400924,0.36518997984911056,0.6348100201508895,0.46831772062557153
M Jansen,59,111,166.8,326.9,2,5.7,11,11.288135593220339,0.1864406779661017,0.03389830508474576,0.04021297985627584,0.30684824140295874,0.1966101694915254,0.03225806451612903,0.7181602493525827,0.2818397506474173,0.22192511141288132
M Kartik,356,462,952.7,1277.4,13,31.1,97,7.786516853932584,0.27247191011235955,0.03651685393258427,0.3328368767918979,0.48711599662271865,0.21179775280898874,0.30599078341013825,0.3443979563514498,0.6556020436485501,0.45748203101467355
M Markande,190,283,428.5,660.4,12,27.400000000000002,49,8.936842105263157,0.2578947368421053,0.06315789473684211,0.13765498752652944,0.45657134164892,0.3663157894736842,0.15299539170506912,0.46718351230317307,0.5328164876968269,0.4029568019240161
M Morkel,205,299,672.6,1033.3,14,43.300000000000004,70,8.75121951219512,0.34146341463414637,0.06829268292682927,0.22854376884983435,0.6316791202594108,0.3960975609756098,0.16682027649769585,0.4473701827594669,0.5526298172405331,0.4700961328289142
M Muralitharan,438,542,1102.3,1509.9,19,41.4,154,7.424657534246576,0.3515981735159817,0.04337899543378995,0.38853930074096144,0.6529152479742392,0.25159817351598174,0.3815668202764977,0.30577314333220534,0.6942268566677947,0.5335384586322303
M Pathirana,166,200,438.0,561.6,13,29.2,58,7.2289156626506035,0.3493975903614458,0.0783132530120482,0.14119224038425737,0.6483041994567866,0.4542168674698795,0.13087557603686636,0.2848796834180271,0.7151203165819728,0.5304183158039754
M Prasidh Krishna,200,324,640.8000000000001,1157.8,13,39.1,58,9.72,0.29,0.065,0.21670328033659758,0.5238439306358381,0.377,0.1622119815668203,0.5507776761207686,0.44922232387923144,0.4014803222070324
M Theekshana,120,166,303.8,430.7,6,11.3,28,8.3,0.23333333333333334,0.05,0.09122388948877388,0.40510597302504814,0.29,0.08847926267281106,0.3992070753278438,0.6007929246721562,0.3875243321076752
MA Starc,80,142,266.0,495.70000000000005,5,16.8,23,10.649999999999999,0.2875,0.0625,0.07714934653907735,0.5186054913294798,0.3625,0.05161290322580645,0.6500457456541626,0.3499542543458374,0.3375115868299014
MC Henriques,259,383,683.8000000000001,1061.6000000000001,15,37.1,69,8.872586872586872,0.26640926640926643,0.05791505791505792,0.2327140037978926,0.474412480192827,0.3359073359073359,0.21658986175115208,0.4603249177814593,0.5396750822185408,0.4196012525610676
MF Maharoof,43,59,118.60000000000001,166.3,3,5.0,11,8.232558139534884,0.2558139534883721,0.06976744186046512,0.022266075883382364,0.45221131872563514,0.4046511627906977,0.017511520737327188,0.39200834060299145,0.6079916593970085,0.4107579026905722
MG Johnson,175,271,505.90000000000003,800.0,13,44.1,60,9.291428571428572,0.34285714285714286,0.07428571428571429,0.16647428975686046,0.634599504541701,0.4308571428571429,0.1391705069124424,0.5050320219579139,0.49496797804208614,0.44862457668851424
MJ McClenaghan,179,257,510.40000000000003,781.0,9,21.2,56,8.614525139664805,0.3128491620111732,0.05027932960893855,0.16814983058420524,0.5717215099945102,0.2916201117318436,0.14285714285714288,0.43277944461197965,0.5672205553880203,0.43088229157493824
MJ Santner,57,65,150.3,184.3,3,6.9,18,6.842105263157895,0.3157894736842105,0.05263157894736842,0.034069330156011476,0.5778825676909035,0.3052631578947368,0.0304147465437788,0.2435915956405193,0.7564084043594808,0.47671462269747045
MK Lomror,34,47,85.2,119.7,0,0.0,6,8.294117647058822,0.17647058823529413,0.0,0.009829839520422982,0.2859571574294458,0.0,0.009216589861751154,0.39857919380011814,0.6014208061998818,0.28389121446553744
MM Ali,213,279,520.2,727.0,18,38.5,77,7.859154929577465,0.3615023474178404,0.08450704225352113,0.1717987861637562,0.6736682135200412,0.4901408450704225,0.17419354838709677,0.35215133435563045,0.6478486656443696,0.5277914888247095
MM Patel,193,264,544.4,788.8000000000001,12,33.6,63,8.207253886010363,0.32642487046632124,0.06217616580310881,0.18080947239081058,0.600167719907754,0.36062176165803106,0.15576036866359447,0.38930736813163364,0.6106926318683663,0.4695656875679134
MM Sharma,384,587,1145.8,1908.5,24,61.4,101,9.171875,0.2630208333333333,0.0625,0.40473619540529476,0.4673124397880539,0.3625,0.3317972350230415,0.4922708905154009,0.507729109484599,0.44068664130945673
MN Samuels,32,47,79.4,129.4,0,0.0,11,8.8125,0.34375,0.0,0.007670253565178538,0.6364703757225433,0.0,0.007373271889400922,0.4539112534309239,0.546088746569076,0.35175300777527035
MP Stoinis,209,346,548.0,974.8,19,46.7,63,9.933014354066986,0.3014354066985646,0.09090909090909091,0.18214990505268647,0.54780540420942,0.5272727272727272,0.17050691244239632,0.5735147983908035,0.42648520160919645,0.4269413988196275
MR Marsh,113,171,303.3,499.90000000000003,4,7.5,34,9.079646017699115,0.3008849557522124,0.035398230088495575,0.09103771828573558,0.5466520026599826,0.20530973451327433,0.08202764976958526,0.48242638188310155,0.5175736181168984,0.37618225071409706
MS Gony,163,250,467.0,788.8000000000001,9,20.400000000000002,55,9.202453987730062,0.3374233128834356,0.05521472392638037,0.1519901701604796,0.6232135891343664,0.3202453987730061,0.12811059907834102,0.4955348873758832,0.5044651126241169,0.4244253433805158
Mayank Dagar,61,87,154.1,234.4,2,6.6000000000000005,20,8.557377049180328,0.32786885245901637,0.03278688524590164,0.03548423129910266,0.6031934047190372,0.1901639344262295,0.034101382488479264,0.4266794654507821,0.5733205345492178,0.3964518865359897
Mohammad Asif,33,59,109.8,197.9,1,3.7,5,10.727272727272727,0.15151515151515152,0.030303030303030304,0.018989462709908034,0.23366614118059204,0.17575757575757575,0.008294930875576038,0.6582938257229198,0.34170617427708017,0.2158936508021896
Mohammad Nabi,93,155,240.10000000000002,409.6,2,4.800000000000001,19,10.0,0.20430107526881722,0.021505376344086023,0.06750567822169268,0.3442724843060476,0.12473118279569893,0.06359447004608296,0.5806648368405001,0.4193351631594999,0.2708916795682542
Mohammed Shami,309,496,1011.5,1750.9,12,33.2,87,9.631067961165048,0.2815533980582524,0.038834951456310676,0.3547306102692036,0.5061451259891127,0.2252427184466019,0.26267281105990786,0.5412850827715054,0.45871491722849456,0.39387538834948277
Mohammed Siraj,368,589,1157.0,1902.3,22,71.2,103,9.603260869565219,0.2798913043478261,0.059782608695652176,0.408906430353353,0.5026624151796935,0.3467391304347826,0.3170506912442396,0.5383169577151041,0.4616830422848959,0.4291982068413527
Mohsin Khan,87,135,235.20000000000002,400.90000000000003,5,13.2,31,9.310344827586206,0.3563218390804598,0.05747126436781609,0.0656812004319172,0.6628131021194605,0.3333333333333333,0.05806451612903226,0.5070511404864813,0.49294885951351874,0.41727661468235827
Mujeeb Ur Rahman,77,114,179.3,304.7,3,9.6,21,8.883116883116884,0.2727272727272727,0.03896103896103896,0.044867259932233686,0.48765107724645296,0.22597402597402597,0.04884792626728111,0.46144888962821257,0.5385511103717875,0.3649719817564955
Mukesh Choudhary,40,76,134.1,266.40000000000003,2,4.800000000000001,7,11.399999999999999,0.175,0.05,0.02803738317757009,0.2828757225433526,0.29,0.014746543778801843,0.7301006404391581,0.2698993595608419,0.22746209917777
Mukesh Kumar,72,138,190.2,393.2,10,29.299999999999997,21,11.5,0.2916666666666667,0.1388888888888889,0.04892579215846893,0.5273362235067438,0.8055555555555556,0.04423963133640554,0.7407746264104909,0.25922537358950914,0.39299059009361276
Mustafizur Rahman,286,407,937.2,1459.5,9,24.200000000000003,96,8.538461538461538,0.3356643356643357,0.03146853146853147,0.32706556949771015,0.6195278709729577,0.18251748251748254,0.24147465437788018,0.42466042649025254,0.5753395735097475,0.4496083373627066
N Rana,51,64,148.9,202.5,1,4.6,10,7.529411764705882,0.19607843137254902,0.0196078431372549,0.03354805078750419,0.32704295591068794,0.11372549019607843,0.02488479262672811,0.3169545951958092,0.6830454048041907,0.3494150130397777
NLTC Perera,146,231,428.40000000000003,729.5,7,22.4,32,9.493150684931507,0.2191780821917808,0.04794520547945205,0.13761775328592174,0.37544540343653493,0.2780821917808219,0.11244239631336406,0.5265638120542933,0.47343618794570674,0.34018646995622404
NM Coulter-Nile,141,209,425.6,663.4,4,10.4,48,8.893617021276595,0.3404255319148936,0.028368794326241134,0.1365751945489072,0.6295043660066412,0.16453900709219857,0.10783410138248847,0.4625696729023507,0.5374303270976493,0.4028254369974168
NT Ellis,107,128,280.40000000000003,373.7,10,21.6,36,7.177570093457943,0.3364485981308411,0.09345794392523364,0.0825110771865808,0.6211711955053751,0.5420560747663551,0.07649769585253458,0.2793990645655016,0.7206009354344984,0.5318152185356008
Navdeep Saini,163,243,521.2,802.7,9,24.6,57,8.94478527607362,0.3496932515337423,0.05521472392638037,0.17217112856983285,0.6489237206993155,0.3202453987730061,0.12811059907834102,0.4680313652411609,0.531968634758839,0.4424972048598412
Naveen-ul-Haq,80,161,230.0,504.7,3,10.0,22,12.075000000000001,0.275,0.0375,0.06374501992031874,0.4924132947976879,0.2175,0.05161290322580645,0.8021500457456541,0.19784995425434593,0.24738660000305557
Nithish Kumar Reddy,55,97,138.0,267.2,1,4.0,11,10.581818181818182,0.2,0.01818181818181818,0.029489518561268947,0.3352601156069364,0.10545454545454544,0.028571428571428574,0.6427680279464358,0.35723197205356416,0.23574322292466043
Noor Ahmad,131,206,340.6,515.2,7,18.1,40,9.435114503816793,0.3053435114503817,0.05343511450381679,0.1049260900323938,0.5559943520275339,0.3099236641221374,0.09861751152073733,0.5203690382238113,0.4796309617761887,0.3892085176082901
OC McCoy,61,107,219.0,370.1,2,8.2,9,10.524590163934427,0.14754098360655737,0.03278688524590164,0.059649253453475826,0.225338766227613,0.1901639344262295,0.034101382488479264,0.636659517345852,0.363340482654148,0.23091171096529647
OF Smith,32,63,74.9,171.3,2,2.9,14,11.8125,0.4375,0.0625,0.0059947127378337135,0.8329118497109826,0.3625,0.007373271889400922,0.7741308325709058,0.22586916742909424,0.3611189694906521
P Amarnath,42,81,95.8,184.9,4,9.2,9,11.571428571428571,0.21428571428571427,0.09523809523809523,0.013776669024835236,0.36519405450041287,0.5523809523809523,0.016589861751152075,0.7483989021043,0.25160109789569995,0.2928717414423874
P Awana,151,297,443.3,956.3000000000001,7,22.1,37,11.801324503311259,0.24503311258278146,0.046357615894039736,0.1431656551364635,0.42962140642345825,0.26887417218543047,0.11705069124423964,0.7729379616221226,0.22706203837787742,0.2666735341132781
P Dubey,32,54,123.10000000000001,205.7,0,0.0,8,10.125,0.25,0.0,0.02394161671072719,0.440028901734104,0.0,0.007373271889400922,0.594007319304666,0.405992680695334,0.2552361525369057
P Kumar,307,531,1004.2,1790.0,10,34.9,74,10.37785016286645,0.24104234527687296,0.03257328990228013,0.35201251070484424,0.42125924949633786,0.18892508143322476,0.2608294930875576,0.6209965102175228,0.3790034897824772,0.33703525046383664
P Negi,218,318,569.0,859.9000000000001,12,31.900000000000002,53,8.75229357798165,0.24311926605504589,0.05504587155963303,0.18996909558029568,0.4256111788725673,0.3192660550458716,0.17880184331797236,0.44748482839084386,0.5525151716091561,0.4005134096803475
P Parameswaran,40,49,116.2,138.1,1,3.6,13,7.3500000000000005,0.325,0.025,0.021372454108798455,0.5971820809248555,0.145,0.014746543778801843,0.2978042086001829,0.7021957913998171,0.4276759470099099
P Sahu,40,54,112.2,156.6,3,8.700000000000001,12,8.100000000000001,0.3,0.075,0.019883084484491942,0.5447976878612716,0.435,0.014746543778801843,0.3778591033851784,0.6221408966148216,0.4444116986068349
P Suyal,29,45,92.60000000000001,159.4,1,2.5,8,9.310344827586206,0.27586206896551724,0.034482758620689655,0.012585173325390032,0.4942196531791907,0.19999999999999998,0.004608294930875577,0.5070511404864813,0.49294885951351874,0.33780636095015576
PC Valthaty,31,40,64.10000000000001,78.0,0,0.0,9,7.741935483870968,0.2903225806451613,0.0,0.0019734147522061304,0.5245198582882715,0.0,0.006451612903225806,0.3396393471652451,0.660360652834755,0.3630986958297753
PJ Cummins,263,378,796.6,1202.4,14,41.8,90,8.623574144486692,0.34220532319391633,0.053231939163498096,0.27471422720333627,0.6332336974438998,0.30874524714828894,0.22027649769585253,0.4337453341172132,0.5662546658827867,0.467745679339527
PJ Sangwan,132,199,346.8,570.6,8,15.5,36,9.045454545454545,0.2727272727272727,0.06060606060606061,0.1072346129500689,0.48765107724645296,0.3515151515151515,0.09953917050691244,0.47877678893232395,0.521223211067676,0.3953213018340283
PP Chawla,859,1213,2284.9,3432.1000000000004,41,99.10000000000001,264,8.472642607683353,0.3073341094295693,0.047729918509895226,0.8288714301671819,0.5601654027064674,0.2768335273573923,0.7695852534562212,0.4176349230525079,0.5823650769474922,0.5590815014420578
PP Ojha,458,635,1209.8,1771.6000000000001,28,65.0,139,8.318777292576419,0.3034934497816594,0.0611353711790393,0.428566109394199,0.5521177777216851,0.3545851528384279,0.4,0.40121136090324677,0.5987886390967532,0.5013791096213903
PV Tambe,124,152,287.6,394.7,2,3.6,28,7.35483870967742,0.22580645161290322,0.016129032258064516,0.08519194251033252,0.38933432780160354,0.09354838709677418,0.09216589861751151,0.29832069179234416,0.7016793082076558,0.3793668013552196
PVD Chameera,29,46,88.3,163.2,2,3.5,13,9.517241379310345,0.4482758620689655,0.06896551724137931,0.010984100979260523,0.8554913294797688,0.39999999999999997,0.004608294930875577,0.5291352493926871,0.4708647506073129,0.46023473467351533
PWH de Silva,150,242,395.3,691.6,9,19.8,48,9.68,0.32,0.06,0.12529321964478535,0.5867052023121387,0.348,0.11612903225806454,0.5465080817322354,0.4534919182677646,0.39914069716203726
Pankaj Singh,51,68,150.7,231.2,3,6.9,22,8.0,0.43137254901960786,0.058823529411764705,0.03421826711844212,0.8200725376855945,0.3411764705882353,0.02488479262672811,0.3671851174138456,0.6328148825861544,0.5006489434187167
R Ashwin,1109,1356,2744.5,3549.1,45,104.60000000000001,312,7.3363390441839496,0.2813345356176736,0.0405770964833183,1.0000000000000002,0.5056865269445472,0.23534715960324615,1.0,0.29634604009282767,0.7036539599071723,0.6197699496242963
R Bhatia,383,593,952.0,1569.0,19,47.2,86,9.28981723237598,0.2245430809399478,0.04960835509138381,0.3325762371076442,0.3866870915649195,0.28772845953002607,0.33087557603686635,0.5048600278534896,0.4951399721465104,0.3938616363629648
R Dhawan,156,209,403.3,560.2,7,17.5,38,8.038461538461538,0.24358974358974358,0.04487179487179487,0.12827195889339837,0.42659700607677487,0.2602564102564103,0.12165898617511522,0.3712904966335889,0.6287095033664112,0.403741954255571
R McLaren,42,72,97.10000000000001,160.9,4,7.0,9,10.285714285714285,0.21428571428571427,0.09523809523809523,0.01426071415273486,0.36519405450041287,0.5523809523809523,0.016589861751152075,0.6111619396157364,0.3888380603842636,0.34095308282617465
R Parag,46,94,105.60000000000001,228.60000000000002,0,0.0,6,12.260869565217392,0.13043478260869565,0.0,0.017425624604386195,0.18949484795174665,0.0,0.020276497695852533,0.8219897370619356,0.17801026293806443,0.11344751624628309
R Rampaul,47,61,115.0,166.0,6,16.0,16,7.787234042553191,0.3404255319148936,0.1276595744680851,0.0209256432215065,0.6295043660066412,0.7404255319148936,0.021198156682027652,0.34447450896420145,0.6555254910357986,0.5391074997375219
R Sai Kishore,55,66,132.0,166.8,1,2.7,16,7.199999999999999,0.2909090909090909,0.01818181818181818,0.027255464124809177,0.5257488176563321,0.10545454545454544,0.028571428571428574,0.2817932296431837,0.7182067703568162,0.40948317239950155
R Sathish,69,121,187.6,353.8,3,7.9,14,10.521739130434783,0.2028985507246377,0.043478260869565216,0.047957701902669694,0.3413336684259027,0.25217391304347825,0.04147465437788018,0.6363551984300622,0.36364480156993784,0.2719871158927046
R Sharma,259,359,630.6,919.2,14,34.800000000000004,82,8.316602316602316,0.3166023166023166,0.05405405405405406,0.21290538779461599,0.5795857790077442,0.31351351351351353,0.21658986175115208,0.4009792042728912,0.5990207957271088,0.4602059509137036
R Tewatia,249,320,610.7,804.0,8,17.400000000000002,66,7.710843373493976,0.26506024096385544,0.0321285140562249,0.20549577391369106,0.4715857650254196,0.1863453815261044,0.20737327188940094,0.33632057966541357,0.6636794203345864,0.4287402192589902
R Vinay Kumar,382,538,1051.0,1578.1000000000001,24,67.4,121,8.450261780104713,0.31675392670157065,0.06282722513089005,0.3694381353092304,0.5799034591290136,0.36439790575916226,0.32995391705069127,0.4152459966564956,0.5847540033435044,0.49245855234030456
RA Jadeja,941,1313,2375.4,3478.1,42,96.10000000000001,275,8.371944739638682,0.2922422954303932,0.044633368756641874,0.8625684179171167,0.5285423820434539,0.2588735387885229,0.8451612903225807,0.4068864467439885,0.5931135532560114,0.5622730177321418
RD Chahar,491,744,1242.9,1929.4,25,64.10000000000001,125,9.091649694501019,0.2545824847250509,0.05091649694501019,0.4408906430353354,0.4496309289759014,0.2953156822810591,0.4304147465437788,0.48370765266098087,0.5162923473390191,0.4393037292267552
RE van der Merwe,117,130,329.8,386.6,7,20.0,47,6.666666666666667,0.4017094017094017,0.05982905982905983,0.10090479204676622,0.7579170989575614,0.347008547008547,0.08571428571428572,0.2248653044627426,0.7751346955372573,0.5488400353552451
RG Sharma,74,95,194.5,283.1,6,11.8,15,7.702702702702703,0.20270270270270271,0.08108108108108109,0.05052686450459844,0.34092329323543197,0.4702702702702703,0.04608294930875576,0.3354516456071807,0.6645483543928192,0.42153778278173415
RJ Harris,81,101,250.4,311.8,2,5.4,30,7.481481481481481,0.37037037037037035,0.024691358024691357,0.07134080500428194,0.6922500535217297,0.14320987654320985,0.05253456221198157,0.3118385234884166,0.6881614765115833,0.45494854218975495
RP Meredith,58,86,147.1,224.8,2,4.5,17,8.896551724137932,0.29310344827586204,0.034482758620689655,0.03287783445656626,0.5303468208092484,0.19999999999999998,0.03133640552995392,0.4628829226740701,0.53711707732593,0.36699910626503957
RP Singh,197,335,623.1,1089.2,8,26.6,57,10.20304568527919,0.2893401015228426,0.04060913705583756,0.21011281974904122,0.5224611953874592,0.23553299492385785,0.15944700460829495,0.6023379048025972,0.3976620951974028,0.3538596135864609
RR Powar,81,109,213.20000000000002,285.3,2,6.6000000000000005,23,8.074074074074074,0.2839506172839506,0.024691358024691357,0.05748966749823138,0.5111682009562548,0.14320987654320985,0.05253456221198157,0.37509177368890684,0.6249082263110932,0.3861543277276096
RR Raje,42,68,130.70000000000002,220.20000000000002,2,6.7,7,9.714285714285715,0.16666666666666666,0.047619047619047616,0.026771418996909567,0.26541425818882464,0.27619047619047615,0.016589861751152075,0.5501677340652638,0.44983226593473624,0.2833690809372653
RS Bopara,45,46,124.0,131.20000000000002,5,14.3,19,6.133333333333333,0.4222222222222222,0.1111111111111111,0.02427672487619615,0.8008991650610148,0.6444444444444444,0.01935483870967742,0.1679373792823014,0.8320626207176987,0.6246987537639245
RV Gomez,37,57,94.8,188.3,3,7.6,14,9.243243243243244,0.3783783783783784,0.08108108108108109,0.013404326618758608,0.7090298390876426,0.4702702702702703,0.011981566820276499,0.4998887267871714,0.5001112732128286,0.4488890487943582
Rashid Khan,659,856,1653.3,2326.2000000000003,38,90.0,220,7.7936267071320176,0.3338391502276176,0.057663125948406675,0.5936999664891836,0.6157034217197189,0.3344461305007587,0.5852534562211982,0.34515686108453975,0.6548431389154603,0.5679055224215308
Rasikh Salam,55,92,132.1,235.8,3,4.5,13,10.036363636363635,0.23636363636363636,0.05454545454545454,0.02729269836541684,0.41145559642669466,0.31636363636363635,0.028571428571428574,0.5845462862846209,0.4154537137153791,0.31713183887346813
Ravi Bishnoi,346,450,835.6,1130.0,18,44.300000000000004,114,7.803468208092486,0.32947976878612717,0.05202312138728324,0.28923558104032476,0.6065688796819139,0.3017341040462428,0.2967741935483871,0.3462073415164287,0.6537926584835714,0.4994174486578482
S Aravind,96,140,269.2,453.2,5,11.5,32,8.75,0.3333333333333333,0.052083333333333336,0.07834084223852254,0.6146435452793834,0.3020833333333333,0.0663594470046083,0.44724001219884096,0.5527599878011591,0.42201357764123126
S Dube,28,57,94.4,203.9,1,2.7,5,12.214285714285714,0.17857142857142858,0.03571428571428571,0.013255389656327964,0.2903592072667217,0.20714285714285713,0.003686635944700461,0.8170173833485816,0.18298261665141835,0.1797564916333511
S Gopal,213,281,546.9,752.4000000000001,14,33.5,61,7.915492957746478,0.2863849765258216,0.06572769953051644,0.18174032840600218,0.5162690982116205,0.38122065727699533,0.17419354838709677,0.3581648475789165,0.6418351524210835,0.4655470970349933
S Kaul,237,337,814.1,1234.2,9,25.200000000000003,64,8.531645569620252,0.270042194092827,0.0379746835443038,0.28123021930967723,0.48202482866271545,0.22025316455696203,0.19631336405529953,0.4239328909323233,0.5760671090676768,0.41393468658725585
S Kaushik,71,101,221.3,311.8,1,2.7,21,8.535211267605634,0.29577464788732394,0.014084507042253521,0.060505640987452064,0.5359439876251729,0.08169014084507042,0.04331797235023042,0.424313493035063,0.5756865069649371,0.3621966638468035
S Nadeem,199,292,573.5,877.3000000000001,6,14.3,54,8.804020100502512,0.271356783919598,0.03015075376884422,0.1916446364076405,0.4847793882708339,0.17487437185929647,0.16129032258064516,0.453006110148179,0.546993889851821,0.3829110787865337
S Narwal,24,33,73.4,101.10000000000001,0,0.0,7,8.25,0.2916666666666667,0.0,0.005436199128718771,0.5273362235067438,0.0,0.0,0.3938700823421774,0.6061299176578225,0.3445231469697957
S Randiv,71,83,180.20000000000002,209.0,2,7.5,22,7.014084507042254,0.30985915492957744,0.028169014084507043,0.04520236809770266,0.5654563217455019,0.16338028169014085,0.04331797235023042,0.26194863600633994,0.7380513639936601,0.4412101482169779
S Sreesanth,82,157,231.10000000000002,508.8,4,6.9,22,11.487804878048781,0.2682926829268293,0.04878048780487805,0.06415459656700304,0.47835894543916535,0.28292682926829266,0.05345622119815668,0.7394729208042308,0.26052707919576923,0.2791206617084851
S Tyagi,28,65,71.8,162.3,0,0.0,7,13.92857142857143,0.25,0.0,0.004840451278996162,0.440028901734104,0.0,0.003686635944700461,1.0,0.0,0.11085993415589566
SB Bangar,64,105,167.4,289.5,3,5.1,20,9.84375,0.3125,0.046875,0.040436385299921815,0.5709898843930635,0.271875,0.03686635944700461,0.5639867337602926,0.4360132662397074,0.3574573887568561
SB Jakati,397,609,1063.0,1713.5,21,47.6,101,9.204030226700253,0.25440806045340053,0.05289672544080604,0.37390624418214996,0.44926544459166295,0.30680100755667505,0.343778801843318,0.49570313490243617,0.5042968650975639,0.4219489700459449
SB Styris,52,68,144.6,187.0,3,5.0,20,7.846153846153847,0.38461538461538464,0.057692307692307696,0.03194697844137469,0.7220987105380169,0.33461538461538465,0.02580645161290323,0.35076360053487227,0.6492363994651278,0.4804558373758036
SC Ganguly,59,88,149.3,218.3,2,5.4,10,8.949152542372882,0.1694915254237288,0.03389830508474576,0.03369698774993485,0.27133339864798667,0.1966101694915254,0.03225806451612903,0.4684975266332749,0.5315024733667251,0.2997767544652619
SE Bond,33,33,115.3,127.6,2,5.2,13,6.0,0.3939393939393939,0.06060606060606061,0.021037345943329483,0.7416360133123138,0.3515151515151515,0.008294930875576038,0.15370539798719113,0.8462946020128088,0.5548483720174825
SJ Srivastava,54,78,142.1,214.6,4,8.100000000000001,17,8.666666666666666,0.3148148148148148,0.07407407407407407,0.031016122426183117,0.5758402911582102,0.4296296296296296,0.027649769585253454,0.43834502388939695,0.5616549761106031,0.43233182955533317
SK Raina,318,393,873.9,1141.6000000000001,8,20.4,96,7.415094339622642,0.3018867924528302,0.025157232704402517,0.3034962951930596,0.54875122696041,0.1459119496855346,0.2709677419354839,0.3047523692796354,0.6952476307203646,0.46715327114219135
SK Trivedi,370,484,1008.7,1392.2,18,41.7,103,7.848648648648648,0.27837837837837837,0.04864864864864865,0.3536880515321891,0.4994922668333073,0.28216216216216217,0.3188940092165899,0.3510298954031798,0.6489701045968201,0.47570324182452417
SK Warne,286,357,744.4,939.5,16,41.5,89,7.48951048951049,0.3111888111888112,0.055944055944055944,0.25527795360613625,0.568242451190428,0.32447552447552447,0.24147465437788018,0.31269553867907024,0.6873044613209298,0.497187539953439
SL Malinga,510,681,1509.7,2123.4,29,86.4,157,8.011764705882353,0.307843137254902,0.056862745098039215,0.5402315969765797,0.5612320072537685,0.3298039215686274,0.447926267281106,0.3684408804692965,0.6315591195307035,0.5261302643886824
SM Curran,202,375,657.3,1254.3,12,41.4,51,11.138613861386139,0.2524752475247525,0.0594059405940594,0.2228469300368619,0.4452154753047559,0.3445544554455445,0.1640552995391705,0.7022003206725063,0.29779967932749374,0.3231348706375239
SM Pollock,26,48,58.800000000000004,136.9,2,4.6,7,11.076923076923077,0.2692307692307692,0.07692307692307693,0.0,0.4803245887060915,0.4461538461538462,0.0018433179723502321,0.695615454993314,0.304384545006686,0.31603083895686723
SMSM Senanayake,31,50,89.9,175.6,0,0.0,10,9.677419354838708,0.3225806451612903,0.0,0.011579848828983136,0.5921126235316054,0.0,0.006451612903225806,0.5462326240297493,0.45376737597025074,0.30864988364571005
SN Thakur,343,518,1003.2,1626.2,22,64.6,98,9.061224489795919,0.2857142857142857,0.0641399416909621,0.3516401682987676,0.5148637489677952,0.37201166180758016,0.29400921658986173,0.48046007057900914,0.5195399294209908,0.44952218338967453
SP Narine,774,941,1980.7,2479.7000000000003,35,83.60000000000001,272,7.294573643410853,0.35142118863049093,0.04521963824289406,0.7156048702386716,0.6525443981419247,0.2622739018087855,0.6912442396313364,0.2918880070734365,0.7081119929265636,0.6041149884085364
SR Tendulkar,27,48,66.3,133.8,0,0.0,4,10.666666666666666,0.14814814814814814,0.0,0.0027925680455747094,0.22661100406765144,0.0,0.0027649769585253448,0.6518247433160516,0.34817525668394844,0.17906984535670484
SR Watson,342,430,970.9,1356.6,18,45.8,107,7.5438596491228065,0.3128654970760234,0.05263157894736842,0.3396135085824925,0.5717557380928235,0.3052631578947368,0.29308755760368665,0.31849676035162605,0.681503239648374,0.5057878065977021
ST Jayasuriya,106,183,285.2,535.6,2,3.5,15,10.358490566037736,0.14150943396226415,0.018867924528301886,0.0842983207357486,0.21270040353364594,0.10943396226415093,0.07557603686635944,0.6189300695679192,0.3810699304320808,0.22442380474768076
STR Binny,87,128,188.4,282.7,5,14.4,14,8.827586206896552,0.16091954022988506,0.05747126436781609,0.048255575827531,0.25337186897880537,0.3333333333333333,0.05806451612903226,0.4555215530386681,0.544478446961332,0.3312090995434905
SW Tait,95,143,284.5,439.0,2,6.300000000000001,28,9.031578947368422,0.29473684210526313,0.021052631578947368,0.08403768105149496,0.5337693945847276,0.12210526315789473,0.06543778801843317,0.4772957095391726,0.5227042904608274,0.35575744984604324
Sandeep Sharma,347,576,982.5,1751.5,16,46.800000000000004,81,9.959654178674352,0.2334293948126801,0.04610951008645533,0.3439326804929814,0.405307257916743,0.2674351585014409,0.2976958525345622,0.5763583295321815,0.42364167046781853,0.3672512841459648
Shahbaz Ahmed,141,246,423.5,753.8,7,24.200000000000003,31,10.46808510638298,0.2198581560283688,0.04964539007092199,0.13579327549614628,0.3768704136432583,0.28794326241134754,0.10783410138248847,0.6306281754297172,0.36937182457028284,0.30544913218054653
Shahid Afridi,63,78,176.9,222.70000000000002,2,7.3,20,7.428571428571429,0.31746031746031744,0.031746031746031744,0.04397363815764978,0.5813836131755207,0.1841269841269841,0.035944700460829496,0.30619091186337294,0.693809088136627,0.43299631482894435
Shakib Al Hasan,262,381,714.1,1120.1000000000001,12,35.8,65,8.725190839694656,0.2480916030534351,0.04580152671755725,0.24399597870201445,0.4360300931032961,0.26564885496183205,0.21935483870967742,0.4445918859082432,0.5554081140917568,0.4028652159414745
Shivam Mavi,54,80,175.70000000000002,275.8,6,16.0,19,8.88888888888889,0.35185185185185186,0.1111111111111111,0.04352682727035784,0.6534467994005566,0.6444444444444444,0.027649769585253454,0.46206499271458096,0.537935007285419,0.4876455009744858
Shoaib Malik,27,44,73.2,117.4,1,2.7,6,9.777777777777777,0.2222222222222222,0.037037037037037035,0.005361730647503445,0.3818240205523442,0.2148148148148148,0.0027649769585253448,0.5569448680153162,0.4430551319846838,0.29430093505629124
Sohail Tanvir,24,33,70.6,97.60000000000001,1,3.0,5,8.25,0.20833333333333334,0.041666666666666664,0.004393640391704208,0.35272157996146436,0.24166666666666664,0.0,0.3938700823421774,0.6061299176578225,0.34909856354310775
Suyash Sharma,58,83,135.9,185.0,1,2.7,19,8.586206896551724,0.3275862068965517,0.017241379310344827,0.028707599508508028,0.6026011560693642,0.09999999999999999,0.03133640552995392,0.4297567593147616,0.5702432406852385,0.37623982376102066
Swapnil Singh,46,75,114.80000000000001,209.9,0,0.0,4,9.782608695652174,0.08695652173913043,0.0,0.020851174740291176,0.09839155566725306,0.0,0.020276497695852533,0.5574605195115159,0.4425394804884841,0.1835994743313971
T Natarajan,221,355,642.6,1141.5,9,31.599999999999998,56,9.638009049773757,0.25339366515837103,0.04072398190045249,0.21737349666753553,0.4471399053173959,0.23619909502262443,0.1815668202764977,0.5420259735958568,0.4579740264041432,0.3592097362697273
T Shamsi,44,83,107.7,220.2,2,4.2,9,11.318181818181818,0.20454545454545456,0.045454545454545456,0.018207543657147114,0.3447845507094062,0.2636363636363636,0.0184331797235023,0.721367379189886,0.278632620810114,0.24010890002622912
TA Boult,257,417,847.2,1435.4,16,48.6,57,9.735408560311285,0.22178988326848248,0.0622568093385214,0.2935547529508136,0.38091810800476816,0.3610894941634241,0.21474654377880184,0.5524223836867794,0.44757761631322057,0.3749297212164656
TG Southee,127,192,392.8,644.5,7,20.9,31,9.070866141732283,0.2440944881889764,0.05511811023622047,0.12436236362959378,0.4276546356560921,0.31968503937007875,0.09493087557603686,0.48148921915410153,0.5185107808458984,0.3742587640046663
TK Curran,76,153,237.8,503.6,4,12.100000000000001,16,12.078947368421051,0.21052631578947367,0.05263157894736842,0.06664929068771644,0.3573167021600243,0.3052631578947368,0.04792626728110599,0.8025713872971538,0.19742861270284617,0.23093937736183184
TL Suman,33,44,72.3,99.4,3,7.5,9,8.0,0.2727272727272727,0.09090909090909091,0.005026622482034476,0.48765107724645296,0.5272727272727272,0.008294930875576038,0.3671851174138456,0.6328148825861544,0.45018467900707376
TM Dilshan,47,73,126.60000000000001,209.3,0,0.0,10,9.319148936170212,0.2127659574468085,0.0,0.02524481513199539,0.3620095929160005,0.0,0.021198156682027652,0.5079908898016388,0.49200911019836124,0.26734988397982884
TM Head,30,68,94.0,244.5,1,2.7,3,13.6,0.1,0.03333333333333333,0.013106452693897305,0.12572254335260113,0.19333333333333333,0.0055299539170506895,0.964928331808478,0.035071668191521965,0.08423602703294444
TS Mills,36,61,83.2,148.6,2,6.0,9,10.166666666666666,0.25,0.05555555555555555,0.009085154708269726,0.440028901734104,0.3222222222222222,0.011059907834101386,0.5984548134593879,0.4015451865406121,0.3170069914214218
TU Deshpande,99,162,240.7,404.1,10,29.7,27,9.818181818181818,0.2727272727272727,0.10101010101010101,0.06772908366533864,0.48765107724645296,0.5858585858585859,0.06912442396313365,0.5612575896198952,0.43874241038010475,0.4063296808792143
UT Yadav,290,408,818.7,1256.4,19,59.300000000000004,95,8.441379310344827,0.3275862068965517,0.06551724137931035,0.2829429943776297,0.6026011560693642,0.38,0.24516129032258066,0.41429788308041754,0.5857021169195824,0.4844564584092159
Umar Gul,25,49,89.7,181.7,2,6.0,6,11.76,0.24,0.08,0.01150538034776781,0.41907514450867045,0.46399999999999997,0.0009216589861751161,0.7685269899359559,0.23147301006404408,0.2798270435829773
Umran Malik,96,141,254.8,399.7,6,12.4,35,8.8125,0.3645833333333333,0.0625,0.07297911159101911,0.6801240366088631,0.3625,0.0663594470046083,0.4539112534309239,0.546088746569076,0.4475959263109551
V Kohli,48,66,114.8,164.1,0,0.0,6,8.25,0.125,0.0,0.02085117474029117,0.17810693641618497,0.0,0.022119815668202765,0.3938700823421774,0.6061299176578225,0.26096930432513354
V Pratap Singh,51,77,136.4,204.10000000000002,4,11.5,17,9.058823529411764,0.3333333333333333,0.0784313725490196,0.028893770711546342,0.6146435452793834,0.4549019607843137,0.02488479262672811,0.4802037924044273,0.5197962075955727,0.4319478074689864
V Shankar,34,59,76.4,142.70000000000002,1,1.5,5,10.411764705882353,0.14705882352941177,0.029411764705882353,0.006553226346948656,0.22432845970758247,0.17058823529411765,0.009216589861751154,0.6246165437812818,0.37538345621871816,0.22316095328314048
VG Arora,44,91,128.5,264.6,2,8.3,10,12.40909090909091,0.22727272727272727,0.045454545454545456,0.025952265703540978,0.3924067262217551,0.2636363636363636,0.0184331797235023,0.8378108625135157,0.16218913748648434,0.21203369694568536
VR Aaron,155,253,454.2,803.8,7,23.2,46,9.793548387096774,0.2967741935483871,0.04516129032258064,0.14722418736269877,0.5380384113369382,0.2619354838709677,0.12073732718894009,0.5586282206416195,0.44137177935838046,0.3681729738390252
VR Iyer,28,61,62.5,138.3,1,4.2,4,13.07142857142857,0.14285714285714285,0.03571428571428571,0.0013776669024835216,0.21552436003303055,0.20714285714285713,0.003686635944700461,0.9085086916742906,0.0914913083257094,0.12783804963554574
VRV Singh,72,107,169.70000000000002,263.0,1,2.5,17,8.916666666666668,0.2361111111111111,0.013888888888888888,0.04129277283389807,0.4109264611432241,0.08055555555555555,0.04423963133640554,0.465029988817729,0.534970011182271,0.3146354707277424
VS Malik,30,60,88.0,181.0,2,5.4,5,12.0,0.16666666666666666,0.06666666666666667,0.010872398257437542,0.26541425818882464,0.38666666666666666,0.0055299539170506895,0.7941445562671545,0.20585544373284548,0.2173765384044842
VY Mahesh,54,102,166.0,330.2,2,6.9,9,11.333333333333332,0.16666666666666666,0.037037037037037035,0.039915105931414535,0.26541425818882464,0.2148148148148148,0.027649769585253454,0.7229846497916028,0.2770153502083972,0.2130283876347749
Vijaykumar Vyshak,61,108,154.70000000000002,296.1,4,12.4,16,10.62295081967213,0.26229508196721313,0.06557377049180328,0.03570763674274864,0.46579171799488295,0.380327868852459,0.034101382488479264,0.6471585199406056,0.3528414800593944,0.32298892321312345
WD Parnell,118,178,364.0,562.9,10,34.9,39,9.050847457627118,0.3305084745762712,0.0847457627118644,0.11363890233458689,0.6087244048202214,0.4915254237288135,0.08663594470046082,0.4793524276210707,0.5206475723789292,0.45274032098694805
WPUJC Vaas,35,42,111.5,144.8,1,2.7,7,7.199999999999999,0.2,0.02857142857142857,0.019622444800238302,0.3352601156069364,0.1657142857142857,0.010138248847926266,0.2817932296431837,0.7182067703568162,0.3713063250342934
Washington Sundar,196,284,499.1,789.6,6,13.9,45,8.693877551020408,0.22959183673469388,0.030612244897959183,0.16394236139553936,0.3972661318862805,0.17755102040816326,0.1585253456221198,0.441249509867991,0.5587504901320091,0.3626361793011718
Y Venugopal Rao,46,78,123.0,219.5,2,4.7,11,10.173913043478262,0.2391304347826087,0.043478260869565216,0.02390438247011952,0.41725307866298067,0.25217391304347825,0.020276497695852533,0.5992282907036874,0.40077170929631256,0.29943623854474744
YA Abdulla,46,62,141.3,211.0,3,9.9,17,8.08695652173913,0.3695652173913043,0.06521739130434782,0.03071824850132182,0.6905629555164613,0.3782608695652174,0.020276497695852533,0.37646684434543926,0.6235331556545607,0.47162899189097246
YK Pathan,197,273,463.90000000000003,669.2,6,11.4,52,8.314720812182742,0.2639593908629442,0.030456852791878174,0.15083590870164204,0.46927907044981076,0.1766497461928934,0.15944700460829495,0.4007783727550958,0.5992216272449042,0.39340557771774154
YS Chahal,995,1305,2587.0,3576.9,56,136.9,300,7.869346733668342,0.3015075376884422,0.05628140703517588,0.9413560710429312,0.5479565457344525,0.3264321608040201,0.8949308755760369,0.3532392060945165,0.6467607939054836,0.6122705411232332
Yash Dayal,106,193,303.5,627.9,6,13.200000000000001,30,10.924528301886792,0.2830188679245283,0.05660377358490566,0.0911121867669509,0.509215835969026,0.3283018867924528,0.07557603686635944,0.6793488580848968,0.32065114191510324,0.3218610583843642
Yash Thakur,98,189,295.8,632.4,6,14.4,23,11.571428571428571,0.23469387755102042,0.061224489795918366,0.08824515024016087,0.40795682434823644,0.3551020408163265,0.06820276497695851,0.7483989021043,0.25160109789569995,0.27671479003553134
Yuvraj Singh,235,316,566.3000000000001,826.3000000000001,9,23.7,71,8.068085106382979,0.3021276595744681,0.03829787234042553,0.1889637710838888,0.549255934079449,0.2221276595744681,0.19447004608294932,0.37445251211773173,0.6255474878822682,0.43902451791023356
Z Khan,244,361,760.6,1183.4,15,42.2,64,8.87704918032787,0.26229508196721313,0.06147540983606557,0.26130990058457765,0.46579171799488295,0.35655737704918034,0.20276497695852536,0.46080122388373096,0.5391987761162691,0.4228864643035613
